subject,game,label,source_file,start_sample,end_sample,has_missing,has_nonfinite,near_zero_variance,flat_channel_count,extreme_amplitude,extreme_variance,max_abs_amplitude,window_variance
S01,G1,boring,C:\Users\Sumukh\Downloads\GAMEEMO Dataset\Database for Emotion Recognition System Based on EEG Signals and Various Computer Games - GAMEEMO\GAMEEMO\(S01)\Preprocessed EEG Data\.csv format\S01G1AllChannels.csv,34560,34816,False,False,False,0,False,True,234.882100,2755.699041
S01,G1,boring,C:\Users\Sumukh\Downloads\GAMEEMO Dataset\Database for Emotion Recognition System Based on EEG Signals and Various Computer Games - GAMEEMO\GAMEEMO\(S01)\Preprocessed EEG Data\.csv format\S01G1AllChannels.csv,36096,36352,False,False,False,0,False,True,234.664500,2770.073591
S01,G3,horror,C:\Users\Sumukh\Downloads\GAMEEMO Dataset\Database for Emotion Recognition System Based on EEG Signals and Various Computer Games - GAMEEMO\GAMEEMO\(S01)\Preprocessed EEG Data\.csv format\S01G3AllChannels.csv,15104,15360,False,False,False,0,False,True,234.309400,1406.491417
S01,G3,horror,C:\Users\Sumukh\Downloads\GAMEEMO Dataset\Database for Emotion Recognition System Based on EEG Signals and Various Computer Games - GAMEEMO\GAMEEMO\(S01)\Preprocessed EEG Data\.csv format\S01G3AllChannels.csv,20224,20480,False,False,False,0,False,True,229.232200,1496.966238
S03,G3,horror,C:\Users\Sumukh\Downloads\GAMEEMO Dataset\Database for Emotion Recognition System Based on EEG Signals and Various Computer Games - GAMEEMO\GAMEEMO\(S03)\Preprocessed EEG Data\.csv format\S03G3AllChannels.csv,4096,4352,False,False,False,0,False,True,227.932800,1863.031854
S03,G4,funny,C:\Users\Sumukh\Downloads\GAMEEMO Dataset\Database for Emotion Recognition System Based on EEG Signals and Various Computer Games - GAMEEMO\GAMEEMO\(S03)\Preprocessed EEG Data\.csv format\S03G4AllChannels.csv,4864,5120,False,False,False,0,False,True,200.454600,1500.519012
S04,G2,calm,C:\Users\Sumukh\Downloads\GAMEEMO Dataset\Database for Emotion Recognition System Based on EEG Signals and Various Computer Games - GAMEEMO\GAMEEMO\(S04)\Preprocessed EEG Data\.csv format\S04G2AllChannels.csv,12032,12288,False,False,False,0,False,True,233.108800,1316.906020
S05,G1,boring,C:\Users\Sumukh\Downloads\GAMEEMO Dataset\Database for Emotion Recognition System Based on EEG Signals and Various Computer Games - GAMEEMO\GAMEEMO\(S05)\Preprocessed EEG Data\.csv format\S05G1AllChannels.csv,6656,6912,False,False,False,0,False,True,234.787400,5461.198975
S05,G1,boring,C:\Users\Sumukh\Downloads\GAMEEMO Dataset\Database for Emotion Recognition System Based on EEG Signals and Various Computer Games - GAMEEMO\GAMEEMO\(S05)\Preprocessed EEG Data\.csv format\S05G1AllChannels.csv,12800,13056,False,False,False,0,False,True,226.314700,1739.040356
S05,G1,boring,C:\Users\Sumukh\Downloads\GAMEEMO Dataset\Database for Emotion Recognition System Based on EEG Signals and Various Computer Games - GAMEEMO\GAMEEMO\(S05)\Preprocessed EEG Data\.csv format\S05G1AllChannels.csv,13056,13312,False,False,False,0,False,True,232.518600,4248.129984
S05,G1,boring,C:\Users\Sumukh\Downloads\GAMEEMO Dataset\Database for Emotion Recognition System Based on EEG Signals and Various Computer Games - GAMEEMO\GAMEEMO\(S05)\Preprocessed EEG Data\.csv format\S05G1AllChannels.csv,22272,22528,False,False,False,0,False,True,230.761300,3197.251045
S05,G1,boring,C:\Users\Sumukh\Downloads\GAMEEMO Dataset\Database for Emotion Recognition System Based on EEG Signals and Various Computer Games - GAMEEMO\GAMEEMO\(S05)\Preprocessed EEG Data\.csv format\S05G1AllChannels.csv,24320,24576,False,False,False,0,False,True,229.762200,1447.894953
S05,G1,boring,C:\Users\Sumukh\Downloads\GAMEEMO Dataset\Database for Emotion Recognition System Based on EEG Signals and Various Computer Games - GAMEEMO\GAMEEMO\(S05)\Preprocessed EEG Data\.csv format\S05G1AllChannels.csv,26624,26880,False,False,False,0,False,True,228.568000,2112.732555
S05,G1,boring,C:\Users\Sumukh\Downloads\GAMEEMO Dataset\Database for Emotion Recognition System Based on EEG Signals and Various Computer Games - GAMEEMO\GAMEEMO\(S05)\Preprocessed EEG Data\.csv format\S05G1AllChannels.csv,30720,30976,False,False,False,0,False,True,226.901200,2446.871645
S05,G1,boring,C:\Users\Sumukh\Downloads\GAMEEMO Dataset\Database for Emotion Recognition System Based on EEG Signals and Various Computer Games - GAMEEMO\GAMEEMO\(S05)\Preprocessed EEG Data\.csv format\S05G1AllChannels.csv,35840,36096,False,False,False,0,False,True,222.597200,1570.832354
S05,G3,horror,C:\Users\Sumukh\Downloads\GAMEEMO Dataset\Database for Emotion Recognition System Based on EEG Signals and Various Computer Games - GAMEEMO\GAMEEMO\(S05)\Preprocessed EEG Data\.csv format\S05G3AllChannels.csv,0,256,False,False,False,0,True,True,606.179300,2599.378152
S05,G3,horror,C:\Users\Sumukh\Downloads\GAMEEMO Dataset\Database for Emotion Recognition System Based on EEG Signals and Various Computer Games - GAMEEMO\GAMEEMO\(S05)\Preprocessed EEG Data\.csv format\S05G3AllChannels.csv,5888,6144,False,False,False,0,False,True,224.042500,1279.942254
S05,G3,horror,C:\Users\Sumukh\Downloads\GAMEEMO Dataset\Database for Emotion Recognition System Based on EEG Signals and Various Computer Games - GAMEEMO\GAMEEMO\(S05)\Preprocessed EEG Data\.csv format\S05G3AllChannels.csv,14080,14336,False,False,False,0,False,True,228.526600,2564.151951
S05,G3,horror,C:\Users\Sumukh\Downloads\GAMEEMO Dataset\Database for Emotion Recognition System Based on EEG Signals and Various Computer Games - GAMEEMO\GAMEEMO\(S05)\Preprocessed EEG Data\.csv format\S05G3AllChannels.csv,14336,14592,False,False,False,0,False,True,234.994000,4690.103871
S05,G3,horror,C:\Users\Sumukh\Downloads\GAMEEMO Dataset\Database for Emotion Recognition System Based on EEG Signals and Various Computer Games - GAMEEMO\GAMEEMO\(S05)\Preprocessed EEG Data\.csv format\S05G3AllChannels.csv,16128,16384,False,False,False,0,False,True,233.800400,5008.921396
S05,G3,horror,C:\Users\Sumukh\Downloads\GAMEEMO Dataset\Database for Emotion Recognition System Based on EEG Signals and Various Computer Games - GAMEEMO\GAMEEMO\(S05)\Preprocessed EEG Data\.csv format\S05G3AllChannels.csv,16384,16640,False,False,False,0,False,True,234.963100,1958.997823
S05,G3,horror,C:\Users\Sumukh\Downloads\GAMEEMO Dataset\Database for Emotion Recognition System Based on EEG Signals and Various Computer Games - GAMEEMO\GAMEEMO\(S05)\Preprocessed EEG Data\.csv format\S05G3AllChannels.csv,20224,20480,False,False,False,0,False,True,232.967700,3352.294069
S05,G4,funny,C:\Users\Sumukh\Downloads\GAMEEMO Dataset\Database for Emotion Recognition System Based on EEG Signals and Various Computer Games - GAMEEMO\GAMEEMO\(S05)\Preprocessed EEG Data\.csv format\S05G4AllChannels.csv,8704,8960,False,False,False,0,False,True,234.716700,5875.488941
S05,G4,funny,C:\Users\Sumukh\Downloads\GAMEEMO Dataset\Database for Emotion Recognition System Based on EEG Signals and Various Computer Games - GAMEEMO\GAMEEMO\(S05)\Preprocessed EEG Data\.csv format\S05G4AllChannels.csv,8960,9216,False,False,False,0,False,True,234.991200,1698.023363
S05,G4,funny,C:\Users\Sumukh\Downloads\GAMEEMO Dataset\Database for Emotion Recognition System Based on EEG Signals and Various Computer Games - GAMEEMO\GAMEEMO\(S05)\Preprocessed EEG Data\.csv format\S05G4AllChannels.csv,13056,13312,False,False,False,0,False,True,234.863900,5888.865643
S05,G4,funny,C:\Users\Sumukh\Downloads\GAMEEMO Dataset\Database for Emotion Recognition System Based on EEG Signals and Various Computer Games - GAMEEMO\GAMEEMO\(S05)\Preprocessed EEG Data\.csv format\S05G4AllChannels.csv,13312,13568,False,False,False,0,False,True,234.965100,4235.262278
S05,G4,funny,C:\Users\Sumukh\Downloads\GAMEEMO Dataset\Database for Emotion Recognition System Based on EEG Signals and Various Computer Games - GAMEEMO\GAMEEMO\(S05)\Preprocessed EEG Data\.csv format\S05G4AllChannels.csv,21504,21760,False,False,False,0,False,True,234.810600,5408.472396
S05,G4,funny,C:\Users\Sumukh\Downloads\GAMEEMO Dataset\Database for Emotion Recognition System Based on EEG Signals and Various Computer Games - GAMEEMO\GAMEEMO\(S05)\Preprocessed EEG Data\.csv format\S05G4AllChannels.csv,21760,22016,False,False,False,0,False,True,234.979600,2617.954809
S06,G1,boring,C:\Users\Sumukh\Downloads\GAMEEMO Dataset\Database for Emotion Recognition System Based on EEG Signals and Various Computer Games - GAMEEMO\GAMEEMO\(S06)\Preprocessed EEG Data\.csv format\S06G1AllChannels.csv,32256,32512,False,False,False,0,False,True,232.753600,1659.739448
S06,G2,calm,C:\Users\Sumukh\Downloads\GAMEEMO Dataset\Database for Emotion Recognition System Based on EEG Signals and Various Computer Games - GAMEEMO\GAMEEMO\(S06)\Preprocessed EEG Data\.csv format\S06G2AllChannels.csv,5120,5376,False,False,False,0,False,True,234.747700,3176.177577
S06,G2,calm,C:\Users\Sumukh\Downloads\GAMEEMO Dataset\Database for Emotion Recognition System Based on EEG Signals and Various Computer Games - GAMEEMO\GAMEEMO\(S06)\Preprocessed EEG Data\.csv format\S06G2AllChannels.csv,35584,35840,False,False,False,0,False,True,234.264000,2125.391357
S06,G2,calm,C:\Users\Sumukh\Downloads\GAMEEMO Dataset\Database for Emotion Recognition System Based on EEG Signals and Various Computer Games - GAMEEMO\GAMEEMO\(S06)\Preprocessed EEG Data\.csv format\S06G2AllChannels.csv,35840,36096,False,False,False,0,False,True,234.720300,1724.858218
S06,G3,horror,C:\Users\Sumukh\Downloads\GAMEEMO Dataset\Database for Emotion Recognition System Based on EEG Signals and Various Computer Games - GAMEEMO\GAMEEMO\(S06)\Preprocessed EEG Data\.csv format\S06G3AllChannels.csv,0,256,False,False,False,0,True,False,440.112500,835.281223
S06,G3,horror,C:\Users\Sumukh\Downloads\GAMEEMO Dataset\Database for Emotion Recognition System Based on EEG Signals and Various Computer Games - GAMEEMO\GAMEEMO\(S06)\Preprocessed EEG Data\.csv format\S06G3AllChannels.csv,5632,5888,False,False,False,0,False,True,201.666800,1294.757631
S06,G3,horror,C:\Users\Sumukh\Downloads\GAMEEMO Dataset\Database for Emotion Recognition System Based on EEG Signals and Various Computer Games - GAMEEMO\GAMEEMO\(S06)\Preprocessed EEG Data\.csv format\S06G3AllChannels.csv,6656,6912,False,False,False,0,False,True,231.071600,2324.347254
S06,G3,horror,C:\Users\Sumukh\Downloads\GAMEEMO Dataset\Database for Emotion Recognition System Based on EEG Signals and Various Computer Games - GAMEEMO\GAMEEMO\(S06)\Preprocessed EEG Data\.csv format\S06G3AllChannels.csv,12032,12288,False,False,False,0,False,True,234.655400,2455.990374
S06,G3,horror,C:\Users\Sumukh\Downloads\GAMEEMO Dataset\Database for Emotion Recognition System Based on EEG Signals and Various Computer Games - GAMEEMO\GAMEEMO\(S06)\Preprocessed EEG Data\.csv format\S06G3AllChannels.csv,12288,12544,False,False,False,0,False,True,234.618600,1952.843064
S06,G3,horror,C:\Users\Sumukh\Downloads\GAMEEMO Dataset\Database for Emotion Recognition System Based on EEG Signals and Various Computer Games - GAMEEMO\GAMEEMO\(S06)\Preprocessed EEG Data\.csv format\S06G3AllChannels.csv,18176,18432,False,False,False,0,False,True,192.201000,1914.003574
S06,G3,horror,C:\Users\Sumukh\Downloads\GAMEEMO Dataset\Database for Emotion Recognition System Based on EEG Signals and Various Computer Games - GAMEEMO\GAMEEMO\(S06)\Preprocessed EEG Data\.csv format\S06G3AllChannels.csv,20224,20480,False,False,False,0,False,True,217.387600,1976.009250
S06,G4,funny,C:\Users\Sumukh\Downloads\GAMEEMO Dataset\Database for Emotion Recognition System Based on EEG Signals and Various Computer Games - GAMEEMO\GAMEEMO\(S06)\Preprocessed EEG Data\.csv format\S06G4AllChannels.csv,20736,20992,False,False,False,0,False,True,194.090900,1559.601418
S06,G4,funny,C:\Users\Sumukh\Downloads\GAMEEMO Dataset\Database for Emotion Recognition System Based on EEG Signals and Various Computer Games - GAMEEMO\GAMEEMO\(S06)\Preprocessed EEG Data\.csv format\S06G4AllChannels.csv,32000,32256,False,False,False,0,False,True,234.996100,3717.537662
S06,G4,funny,C:\Users\Sumukh\Downloads\GAMEEMO Dataset\Database for Emotion Recognition System Based on EEG Signals and Various Computer Games - GAMEEMO\GAMEEMO\(S06)\Preprocessed EEG Data\.csv format\S06G4AllChannels.csv,32256,32512,False,False,False,0,False,True,192.513600,1618.744271
S07,G1,boring,C:\Users\Sumukh\Downloads\GAMEEMO Dataset\Database for Emotion Recognition System Based on EEG Signals and Various Computer Games - GAMEEMO\GAMEEMO\(S07)\Preprocessed EEG Data\.csv format\S07G1AllChannels.csv,11264,11520,False,False,False,0,False,True,223.607100,1576.246682
S07,G3,horror,C:\Users\Sumukh\Downloads\GAMEEMO Dataset\Database for Emotion Recognition System Based on EEG Signals and Various Computer Games - GAMEEMO\GAMEEMO\(S07)\Preprocessed EEG Data\.csv format\S07G3AllChannels.csv,9216,9472,False,False,False,0,False,True,234.383000,2635.309789
S07,G3,horror,C:\Users\Sumukh\Downloads\GAMEEMO Dataset\Database for Emotion Recognition System Based on EEG Signals and Various Computer Games - GAMEEMO\GAMEEMO\(S07)\Preprocessed EEG Data\.csv format\S07G3AllChannels.csv,9472,9728,False,False,False,0,False,True,234.950500,1931.304633
S07,G3,horror,C:\Users\Sumukh\Downloads\GAMEEMO Dataset\Database for Emotion Recognition System Based on EEG Signals and Various Computer Games - GAMEEMO\GAMEEMO\(S07)\Preprocessed EEG Data\.csv format\S07G3AllChannels.csv,25856,26112,False,False,False,0,False,True,234.898600,2821.700061
S07,G4,funny,C:\Users\Sumukh\Downloads\GAMEEMO Dataset\Database for Emotion Recognition System Based on EEG Signals and Various Computer Games - GAMEEMO\GAMEEMO\(S07)\Preprocessed EEG Data\.csv format\S07G4AllChannels.csv,6144,6400,False,False,False,0,False,True,234.983800,3043.144234
S07,G4,funny,C:\Users\Sumukh\Downloads\GAMEEMO Dataset\Database for Emotion Recognition System Based on EEG Signals and Various Computer Games - GAMEEMO\GAMEEMO\(S07)\Preprocessed EEG Data\.csv format\S07G4AllChannels.csv,18176,18432,False,False,False,0,False,True,234.993200,2413.199470
S07,G4,funny,C:\Users\Sumukh\Downloads\GAMEEMO Dataset\Database for Emotion Recognition System Based on EEG Signals and Various Computer Games - GAMEEMO\GAMEEMO\(S07)\Preprocessed EEG Data\.csv format\S07G4AllChannels.csv,28672,28928,False,False,False,0,False,True,234.990700,2799.073320
S07,G4,funny,C:\Users\Sumukh\Downloads\GAMEEMO Dataset\Database for Emotion Recognition System Based on EEG Signals and Various Computer Games - GAMEEMO\GAMEEMO\(S07)\Preprocessed EEG Data\.csv format\S07G4AllChannels.csv,34304,34560,False,False,False,0,False,True,234.966000,2697.797718
S08,G2,calm,C:\Users\Sumukh\Downloads\GAMEEMO Dataset\Database for Emotion Recognition System Based on EEG Signals and Various Computer Games - GAMEEMO\GAMEEMO\(S08)\Preprocessed EEG Data\.csv format\S08G2AllChannels.csv,9728,9984,False,False,False,0,False,True,221.559800,1413.639830
S08,G2,calm,C:\Users\Sumukh\Downloads\GAMEEMO Dataset\Database for Emotion Recognition System Based on EEG Signals and Various Computer Games - GAMEEMO\GAMEEMO\(S08)\Preprocessed EEG Data\.csv format\S08G2AllChannels.csv,9984,10240,False,False,False,0,False,True,229.527500,3348.440780
S08,G4,funny,C:\Users\Sumukh\Downloads\GAMEEMO Dataset\Database for Emotion Recognition System Based on EEG Signals and Various Computer Games - GAMEEMO\GAMEEMO\(S08)\Preprocessed EEG Data\.csv format\S08G4AllChannels.csv,27648,27904,False,False,False,0,False,True,221.325300,1832.347423
S08,G4,funny,C:\Users\Sumukh\Downloads\GAMEEMO Dataset\Database for Emotion Recognition System Based on EEG Signals and Various Computer Games - GAMEEMO\GAMEEMO\(S08)\Preprocessed EEG Data\.csv format\S08G4AllChannels.csv,30976,31232,False,False,False,0,False,True,231.101700,1390.169090
S09,G1,boring,C:\Users\Sumukh\Downloads\GAMEEMO Dataset\Database for Emotion Recognition System Based on EEG Signals and Various Computer Games - GAMEEMO\GAMEEMO\(S09)\Preprocessed EEG Data\.csv format\S09G1AllChannels.csv,768,1024,False,False,False,0,False,True,227.037300,5233.827591
S09,G1,boring,C:\Users\Sumukh\Downloads\GAMEEMO Dataset\Database for Emotion Recognition System Based on EEG Signals and Various Computer Games - GAMEEMO\GAMEEMO\(S09)\Preprocessed EEG Data\.csv format\S09G1AllChannels.csv,1024,1280,False,False,False,0,False,True,231.680800,2148.196081
S09,G1,boring,C:\Users\Sumukh\Downloads\GAMEEMO Dataset\Database for Emotion Recognition System Based on EEG Signals and Various Computer Games - GAMEEMO\GAMEEMO\(S09)\Preprocessed EEG Data\.csv format\S09G1AllChannels.csv,1792,2048,False,False,False,0,False,True,215.004700,1457.411470
S09,G1,boring,C:\Users\Sumukh\Downloads\GAMEEMO Dataset\Database for Emotion Recognition System Based on EEG Signals and Various Computer Games - GAMEEMO\GAMEEMO\(S09)\Preprocessed EEG Data\.csv format\S09G1AllChannels.csv,5376,5632,False,False,False,0,False,True,230.462300,3058.397326
S09,G1,boring,C:\Users\Sumukh\Downloads\GAMEEMO Dataset\Database for Emotion Recognition System Based on EEG Signals and Various Computer Games - GAMEEMO\GAMEEMO\(S09)\Preprocessed EEG Data\.csv format\S09G1AllChannels.csv,20224,20480,False,False,False,0,False,True,223.640300,1886.203918
S09,G1,boring,C:\Users\Sumukh\Downloads\GAMEEMO Dataset\Database for Emotion Recognition System Based on EEG Signals and Various Computer Games - GAMEEMO\GAMEEMO\(S09)\Preprocessed EEG Data\.csv format\S09G1AllChannels.csv,23552,23808,False,False,False,0,False,True,219.322400,1321.012136
S09,G1,boring,C:\Users\Sumukh\Downloads\GAMEEMO Dataset\Database for Emotion Recognition System Based on EEG Signals and Various Computer Games - GAMEEMO\GAMEEMO\(S09)\Preprocessed EEG Data\.csv format\S09G1AllChannels.csv,24576,24832,False,False,False,0,False,True,233.067700,1992.241808
S09,G1,boring,C:\Users\Sumukh\Downloads\GAMEEMO Dataset\Database for Emotion Recognition System Based on EEG Signals and Various Computer Games - GAMEEMO\GAMEEMO\(S09)\Preprocessed EEG Data\.csv format\S09G1AllChannels.csv,24832,25088,False,False,False,0,False,True,209.349800,2878.568871
S09,G1,boring,C:\Users\Sumukh\Downloads\GAMEEMO Dataset\Database for Emotion Recognition System Based on EEG Signals and Various Computer Games - GAMEEMO\GAMEEMO\(S09)\Preprocessed EEG Data\.csv format\S09G1AllChannels.csv,25088,25344,False,False,False,0,False,True,224.960400,2400.717224
S09,G1,boring,C:\Users\Sumukh\Downloads\GAMEEMO Dataset\Database for Emotion Recognition System Based on EEG Signals and Various Computer Games - GAMEEMO\GAMEEMO\(S09)\Preprocessed EEG Data\.csv format\S09G1AllChannels.csv,29440,29696,False,False,False,0,False,True,234.282600,6233.108053
S09,G1,boring,C:\Users\Sumukh\Downloads\GAMEEMO Dataset\Database for Emotion Recognition System Based on EEG Signals and Various Computer Games - GAMEEMO\GAMEEMO\(S09)\Preprocessed EEG Data\.csv format\S09G1AllChannels.csv,29696,29952,False,False,False,0,False,True,234.990700,1889.209621
S09,G1,boring,C:\Users\Sumukh\Downloads\GAMEEMO Dataset\Database for Emotion Recognition System Based on EEG Signals and Various Computer Games - GAMEEMO\GAMEEMO\(S09)\Preprocessed EEG Data\.csv format\S09G1AllChannels.csv,29952,30208,False,False,False,0,False,True,229.900300,1551.439290
S09,G1,boring,C:\Users\Sumukh\Downloads\GAMEEMO Dataset\Database for Emotion Recognition System Based on EEG Signals and Various Computer Games - GAMEEMO\GAMEEMO\(S09)\Preprocessed EEG Data\.csv format\S09G1AllChannels.csv,30720,30976,False,False,False,0,False,True,234.852000,7407.900463
S09,G1,boring,C:\Users\Sumukh\Downloads\GAMEEMO Dataset\Database for Emotion Recognition System Based on EEG Signals and Various Computer Games - GAMEEMO\GAMEEMO\(S09)\Preprocessed EEG Data\.csv format\S09G1AllChannels.csv,32512,32768,False,False,False,0,False,True,234.784700,3344.481907
S09,G1,boring,C:\Users\Sumukh\Downloads\GAMEEMO Dataset\Database for Emotion Recognition System Based on EEG Signals and Various Computer Games - GAMEEMO\GAMEEMO\(S09)\Preprocessed EEG Data\.csv format\S09G1AllChannels.csv,36096,36352,False,False,False,0,False,True,233.896800,2003.512250
S09,G1,boring,C:\Users\Sumukh\Downloads\GAMEEMO Dataset\Database for Emotion Recognition System Based on EEG Signals and Various Computer Games - GAMEEMO\GAMEEMO\(S09)\Preprocessed EEG Data\.csv format\S09G1AllChannels.csv,36864,37120,False,False,False,0,False,True,229.848700,2369.916152
S09,G2,calm,C:\Users\Sumukh\Downloads\GAMEEMO Dataset\Database for Emotion Recognition System Based on EEG Signals and Various Computer Games - GAMEEMO\GAMEEMO\(S09)\Preprocessed EEG Data\.csv format\S09G2AllChannels.csv,1536,1792,False,False,False,0,False,True,218.160100,3006.320019
S09,G2,calm,C:\Users\Sumukh\Downloads\GAMEEMO Dataset\Database for Emotion Recognition System Based on EEG Signals and Various Computer Games - GAMEEMO\GAMEEMO\(S09)\Preprocessed EEG Data\.csv format\S09G2AllChannels.csv,7936,8192,False,False,False,0,False,True,222.886000,3393.911854
S09,G2,calm,C:\Users\Sumukh\Downloads\GAMEEMO Dataset\Database for Emotion Recognition System Based on EEG Signals and Various Computer Games - GAMEEMO\GAMEEMO\(S09)\Preprocessed EEG Data\.csv format\S09G2AllChannels.csv,14848,15104,False,False,False,0,False,True,219.308700,1936.361873
S09,G2,calm,C:\Users\Sumukh\Downloads\GAMEEMO Dataset\Database for Emotion Recognition System Based on EEG Signals and Various Computer Games - GAMEEMO\GAMEEMO\(S09)\Preprocessed EEG Data\.csv format\S09G2AllChannels.csv,18688,18944,False,False,False,0,False,True,231.950300,7440.205129
S09,G2,calm,C:\Users\Sumukh\Downloads\GAMEEMO Dataset\Database for Emotion Recognition System Based on EEG Signals and Various Computer Games - GAMEEMO\GAMEEMO\(S09)\Preprocessed EEG Data\.csv format\S09G2AllChannels.csv,18944,19200,False,False,False,0,False,True,233.890300,1530.621024
S09,G2,calm,C:\Users\Sumukh\Downloads\GAMEEMO Dataset\Database for Emotion Recognition System Based on EEG Signals and Various Computer Games - GAMEEMO\GAMEEMO\(S09)\Preprocessed EEG Data\.csv format\S09G2AllChannels.csv,22784,23040,False,False,False,0,False,True,221.655000,1658.047658
S09,G2,calm,C:\Users\Sumukh\Downloads\GAMEEMO Dataset\Database for Emotion Recognition System Based on EEG Signals and Various Computer Games - GAMEEMO\GAMEEMO\(S09)\Preprocessed EEG Data\.csv format\S09G2AllChannels.csv,33792,34048,False,False,False,0,False,True,234.962800,7914.520789
S09,G2,calm,C:\Users\Sumukh\Downloads\GAMEEMO Dataset\Database for Emotion Recognition System Based on EEG Signals and Various Computer Games - GAMEEMO\GAMEEMO\(S09)\Preprocessed EEG Data\.csv format\S09G2AllChannels.csv,35840,36096,False,False,False,0,False,True,225.687100,1692.579009
S09,G2,calm,C:\Users\Sumukh\Downloads\GAMEEMO Dataset\Database for Emotion Recognition System Based on EEG Signals and Various Computer Games - GAMEEMO\GAMEEMO\(S09)\Preprocessed EEG Data\.csv format\S09G2AllChannels.csv,36864,37120,False,False,False,0,False,True,234.888500,11464.868670
S09,G2,calm,C:\Users\Sumukh\Downloads\GAMEEMO Dataset\Database for Emotion Recognition System Based on EEG Signals and Various Computer Games - GAMEEMO\GAMEEMO\(S09)\Preprocessed EEG Data\.csv format\S09G2AllChannels.csv,37120,37376,False,False,False,0,False,True,234.999400,5970.832336
S09,G2,calm,C:\Users\Sumukh\Downloads\GAMEEMO Dataset\Database for Emotion Recognition System Based on EEG Signals and Various Computer Games - GAMEEMO\GAMEEMO\(S09)\Preprocessed EEG Data\.csv format\S09G2AllChannels.csv,37632,37888,False,False,False,0,False,True,226.943900,1332.543090
S09,G4,funny,C:\Users\Sumukh\Downloads\GAMEEMO Dataset\Database for Emotion Recognition System Based on EEG Signals and Various Computer Games - GAMEEMO\GAMEEMO\(S09)\Preprocessed EEG Data\.csv format\S09G4AllChannels.csv,0,256,False,False,False,0,False,True,221.342800,3149.296734
S09,G4,funny,C:\Users\Sumukh\Downloads\GAMEEMO Dataset\Database for Emotion Recognition System Based on EEG Signals and Various Computer Games - GAMEEMO\GAMEEMO\(S09)\Preprocessed EEG Data\.csv format\S09G4AllChannels.csv,256,512,False,False,False,0,False,True,195.819300,2014.715032
S09,G4,funny,C:\Users\Sumukh\Downloads\GAMEEMO Dataset\Database for Emotion Recognition System Based on EEG Signals and Various Computer Games - GAMEEMO\GAMEEMO\(S09)\Preprocessed EEG Data\.csv format\S09G4AllChannels.csv,18432,18688,False,False,False,0,False,True,232.117900,3990.921837
S09,G4,funny,C:\Users\Sumukh\Downloads\GAMEEMO Dataset\Database for Emotion Recognition System Based on EEG Signals and Various Computer Games - GAMEEMO\GAMEEMO\(S09)\Preprocessed EEG Data\.csv format\S09G4AllChannels.csv,25344,25600,False,False,False,0,False,True,234.993200,2750.055180
S10,G2,calm,C:\Users\Sumukh\Downloads\GAMEEMO Dataset\Database for Emotion Recognition System Based on EEG Signals and Various Computer Games - GAMEEMO\GAMEEMO\(S10)\Preprocessed EEG Data\.csv format\S10G2AllChannels.csv,5120,5376,False,False,False,0,False,True,234.247300,3086.637483
S10,G2,calm,C:\Users\Sumukh\Downloads\GAMEEMO Dataset\Database for Emotion Recognition System Based on EEG Signals and Various Computer Games - GAMEEMO\GAMEEMO\(S10)\Preprocessed EEG Data\.csv format\S10G2AllChannels.csv,24832,25088,False,False,False,0,False,True,223.069200,2408.280615
S10,G2,calm,C:\Users\Sumukh\Downloads\GAMEEMO Dataset\Database for Emotion Recognition System Based on EEG Signals and Various Computer Games - GAMEEMO\GAMEEMO\(S10)\Preprocessed EEG Data\.csv format\S10G2AllChannels.csv,25088,25344,False,False,False,0,False,True,234.890000,3062.395801
S10,G2,calm,C:\Users\Sumukh\Downloads\GAMEEMO Dataset\Database for Emotion Recognition System Based on EEG Signals and Various Computer Games - GAMEEMO\GAMEEMO\(S10)\Preprocessed EEG Data\.csv format\S10G2AllChannels.csv,34048,34304,False,False,False,0,False,True,174.562700,1260.036890
S10,G2,calm,C:\Users\Sumukh\Downloads\GAMEEMO Dataset\Database for Emotion Recognition System Based on EEG Signals and Various Computer Games - GAMEEMO\GAMEEMO\(S10)\Preprocessed EEG Data\.csv format\S10G2AllChannels.csv,34816,35072,False,False,False,0,False,True,193.650900,1574.674669
S10,G2,calm,C:\Users\Sumukh\Downloads\GAMEEMO Dataset\Database for Emotion Recognition System Based on EEG Signals and Various Computer Games - GAMEEMO\GAMEEMO\(S10)\Preprocessed EEG Data\.csv format\S10G2AllChannels.csv,36096,36352,False,False,False,0,False,True,227.643500,1800.546114
S10,G3,horror,C:\Users\Sumukh\Downloads\GAMEEMO Dataset\Database for Emotion Recognition System Based on EEG Signals and Various Computer Games - GAMEEMO\GAMEEMO\(S10)\Preprocessed EEG Data\.csv format\S10G3AllChannels.csv,4864,5120,False,False,False,0,False,True,224.824900,1992.726551
S10,G3,horror,C:\Users\Sumukh\Downloads\GAMEEMO Dataset\Database for Emotion Recognition System Based on EEG Signals and Various Computer Games - GAMEEMO\GAMEEMO\(S10)\Preprocessed EEG Data\.csv format\S10G3AllChannels.csv,17664,17920,False,False,False,0,False,True,226.353200,1884.531767
S10,G3,horror,C:\Users\Sumukh\Downloads\GAMEEMO Dataset\Database for Emotion Recognition System Based on EEG Signals and Various Computer Games - GAMEEMO\GAMEEMO\(S10)\Preprocessed EEG Data\.csv format\S10G3AllChannels.csv,28928,29184,False,False,False,0,False,True,218.110200,1613.787252
S10,G4,funny,C:\Users\Sumukh\Downloads\GAMEEMO Dataset\Database for Emotion Recognition System Based on EEG Signals and Various Computer Games - GAMEEMO\GAMEEMO\(S10)\Preprocessed EEG Data\.csv format\S10G4AllChannels.csv,256,512,False,False,False,0,False,True,231.110100,1560.837504
S10,G4,funny,C:\Users\Sumukh\Downloads\GAMEEMO Dataset\Database for Emotion Recognition System Based on EEG Signals and Various Computer Games - GAMEEMO\GAMEEMO\(S10)\Preprocessed EEG Data\.csv format\S10G4AllChannels.csv,5120,5376,False,False,False,0,False,True,220.778900,1608.470260
S11,G1,boring,C:\Users\Sumukh\Downloads\GAMEEMO Dataset\Database for Emotion Recognition System Based on EEG Signals and Various Computer Games - GAMEEMO\GAMEEMO\(S11)\Preprocessed EEG Data\.csv format\S11G1AllChannels.csv,22528,22784,False,False,False,0,False,True,214.408300,1627.568241
S11,G1,boring,C:\Users\Sumukh\Downloads\GAMEEMO Dataset\Database for Emotion Recognition System Based on EEG Signals and Various Computer Games - GAMEEMO\GAMEEMO\(S11)\Preprocessed EEG Data\.csv format\S11G1AllChannels.csv,36352,36608,False,False,False,0,False,True,231.568000,1362.959889
S11,G2,calm,C:\Users\Sumukh\Downloads\GAMEEMO Dataset\Database for Emotion Recognition System Based on EEG Signals and Various Computer Games - GAMEEMO\GAMEEMO\(S11)\Preprocessed EEG Data\.csv format\S11G2AllChannels.csv,19200,19456,False,False,False,0,False,True,234.961200,4341.311208
S11,G2,calm,C:\Users\Sumukh\Downloads\GAMEEMO Dataset\Database for Emotion Recognition System Based on EEG Signals and Various Computer Games - GAMEEMO\GAMEEMO\(S11)\Preprocessed EEG Data\.csv format\S11G2AllChannels.csv,19456,19712,False,False,False,0,False,True,234.999900,3366.494616
S11,G2,calm,C:\Users\Sumukh\Downloads\GAMEEMO Dataset\Database for Emotion Recognition System Based on EEG Signals and Various Computer Games - GAMEEMO\GAMEEMO\(S11)\Preprocessed EEG Data\.csv format\S11G2AllChannels.csv,22016,22272,False,False,False,0,False,True,200.441300,2337.494551
S11,G2,calm,C:\Users\Sumukh\Downloads\GAMEEMO Dataset\Database for Emotion Recognition System Based on EEG Signals and Various Computer Games - GAMEEMO\GAMEEMO\(S11)\Preprocessed EEG Data\.csv format\S11G2AllChannels.csv,28672,28928,False,False,False,0,False,True,179.992300,1286.421518
S11,G2,calm,C:\Users\Sumukh\Downloads\GAMEEMO Dataset\Database for Emotion Recognition System Based on EEG Signals and Various Computer Games - GAMEEMO\GAMEEMO\(S11)\Preprocessed EEG Data\.csv format\S11G2AllChannels.csv,34816,35072,False,False,False,0,False,True,213.367400,3649.733349
S11,G4,funny,C:\Users\Sumukh\Downloads\GAMEEMO Dataset\Database for Emotion Recognition System Based on EEG Signals and Various Computer Games - GAMEEMO\GAMEEMO\(S11)\Preprocessed EEG Data\.csv format\S11G4AllChannels.csv,6144,6400,False,False,False,0,False,True,217.638000,2481.634502
S11,G4,funny,C:\Users\Sumukh\Downloads\GAMEEMO Dataset\Database for Emotion Recognition System Based on EEG Signals and Various Computer Games - GAMEEMO\GAMEEMO\(S11)\Preprocessed EEG Data\.csv format\S11G4AllChannels.csv,7424,7680,False,False,False,0,False,True,234.961500,2292.688140
S11,G4,funny,C:\Users\Sumukh\Downloads\GAMEEMO Dataset\Database for Emotion Recognition System Based on EEG Signals and Various Computer Games - GAMEEMO\GAMEEMO\(S11)\Preprocessed EEG Data\.csv format\S11G4AllChannels.csv,12544,12800,False,False,False,0,False,True,221.098600,3954.089399
S11,G4,funny,C:\Users\Sumukh\Downloads\GAMEEMO Dataset\Database for Emotion Recognition System Based on EEG Signals and Various Computer Games - GAMEEMO\GAMEEMO\(S11)\Preprocessed EEG Data\.csv format\S11G4AllChannels.csv,33024,33280,False,False,False,0,False,True,233.892800,5473.074900
S11,G4,funny,C:\Users\Sumukh\Downloads\GAMEEMO Dataset\Database for Emotion Recognition System Based on EEG Signals and Various Computer Games - GAMEEMO\GAMEEMO\(S11)\Preprocessed EEG Data\.csv format\S11G4AllChannels.csv,33792,34048,False,False,False,0,False,True,202.282400,1381.053498
S11,G4,funny,C:\Users\Sumukh\Downloads\GAMEEMO Dataset\Database for Emotion Recognition System Based on EEG Signals and Various Computer Games - GAMEEMO\GAMEEMO\(S11)\Preprocessed EEG Data\.csv format\S11G4AllChannels.csv,34048,34304,False,False,False,0,False,True,234.614700,2946.880232
S11,G4,funny,C:\Users\Sumukh\Downloads\GAMEEMO Dataset\Database for Emotion Recognition System Based on EEG Signals and Various Computer Games - GAMEEMO\GAMEEMO\(S11)\Preprocessed EEG Data\.csv format\S11G4AllChannels.csv,37120,37376,False,False,False,0,False,True,182.957800,1875.626591
S11,G4,funny,C:\Users\Sumukh\Downloads\GAMEEMO Dataset\Database for Emotion Recognition System Based on EEG Signals and Various Computer Games - GAMEEMO\GAMEEMO\(S11)\Preprocessed EEG Data\.csv format\S11G4AllChannels.csv,37376,37632,False,False,False,0,False,True,191.811400,1362.936331
S12,G1,boring,C:\Users\Sumukh\Downloads\GAMEEMO Dataset\Database for Emotion Recognition System Based on EEG Signals and Various Computer Games - GAMEEMO\GAMEEMO\(S12)\Preprocessed EEG Data\.csv format\S12G1AllChannels.csv,768,1024,False,False,False,0,False,True,233.552500,3270.153837
S12,G1,boring,C:\Users\Sumukh\Downloads\GAMEEMO Dataset\Database for Emotion Recognition System Based on EEG Signals and Various Computer Games - GAMEEMO\GAMEEMO\(S12)\Preprocessed EEG Data\.csv format\S12G1AllChannels.csv,1536,1792,False,False,False,0,False,True,223.343100,6276.211973
S12,G1,boring,C:\Users\Sumukh\Downloads\GAMEEMO Dataset\Database for Emotion Recognition System Based on EEG Signals and Various Computer Games - GAMEEMO\GAMEEMO\(S12)\Preprocessed EEG Data\.csv format\S12G1AllChannels.csv,1792,2048,False,False,False,0,False,True,225.360900,4387.757564
S12,G1,boring,C:\Users\Sumukh\Downloads\GAMEEMO Dataset\Database for Emotion Recognition System Based on EEG Signals and Various Computer Games - GAMEEMO\GAMEEMO\(S12)\Preprocessed EEG Data\.csv format\S12G1AllChannels.csv,30464,30720,False,False,False,0,False,True,225.225800,1497.105783
S12,G2,calm,C:\Users\Sumukh\Downloads\GAMEEMO Dataset\Database for Emotion Recognition System Based on EEG Signals and Various Computer Games - GAMEEMO\GAMEEMO\(S12)\Preprocessed EEG Data\.csv format\S12G2AllChannels.csv,2304,2560,False,False,False,0,False,True,210.351000,2325.316824
S12,G2,calm,C:\Users\Sumukh\Downloads\GAMEEMO Dataset\Database for Emotion Recognition System Based on EEG Signals and Various Computer Games - GAMEEMO\GAMEEMO\(S12)\Preprocessed EEG Data\.csv format\S12G2AllChannels.csv,2560,2816,False,False,False,0,False,True,187.454300,2405.222979
S12,G2,calm,C:\Users\Sumukh\Downloads\GAMEEMO Dataset\Database for Emotion Recognition System Based on EEG Signals and Various Computer Games - GAMEEMO\GAMEEMO\(S12)\Preprocessed EEG Data\.csv format\S12G2AllChannels.csv,4608,4864,False,False,False,0,False,True,225.280600,7533.990292
S12,G2,calm,C:\Users\Sumukh\Downloads\GAMEEMO Dataset\Database for Emotion Recognition System Based on EEG Signals and Various Computer Games - GAMEEMO\GAMEEMO\(S12)\Preprocessed EEG Data\.csv format\S12G2AllChannels.csv,5632,5888,False,False,False,0,False,True,234.429100,4176.484551
S12,G2,calm,C:\Users\Sumukh\Downloads\GAMEEMO Dataset\Database for Emotion Recognition System Based on EEG Signals and Various Computer Games - GAMEEMO\GAMEEMO\(S12)\Preprocessed EEG Data\.csv format\S12G2AllChannels.csv,23552,23808,False,False,False,0,False,True,204.611700,2105.880845
S12,G3,horror,C:\Users\Sumukh\Downloads\GAMEEMO Dataset\Database for Emotion Recognition System Based on EEG Signals and Various Computer Games - GAMEEMO\GAMEEMO\(S12)\Preprocessed EEG Data\.csv format\S12G3AllChannels.csv,0,256,False,False,False,0,True,True,503.502600,7756.644349
S12,G3,horror,C:\Users\Sumukh\Downloads\GAMEEMO Dataset\Database for Emotion Recognition System Based on EEG Signals and Various Computer Games - GAMEEMO\GAMEEMO\(S12)\Preprocessed EEG Data\.csv format\S12G3AllChannels.csv,256,512,False,False,False,0,False,True,203.760800,2323.753282
S12,G3,horror,C:\Users\Sumukh\Downloads\GAMEEMO Dataset\Database for Emotion Recognition System Based on EEG Signals and Various Computer Games - GAMEEMO\GAMEEMO\(S12)\Preprocessed EEG Data\.csv format\S12G3AllChannels.csv,2560,2816,False,False,False,0,False,True,207.178900,1881.939013
S12,G3,horror,C:\Users\Sumukh\Downloads\GAMEEMO Dataset\Database for Emotion Recognition System Based on EEG Signals and Various Computer Games - GAMEEMO\GAMEEMO\(S12)\Preprocessed EEG Data\.csv format\S12G3AllChannels.csv,23552,23808,False,False,False,0,False,True,189.595900,2045.189677
S12,G3,horror,C:\Users\Sumukh\Downloads\GAMEEMO Dataset\Database for Emotion Recognition System Based on EEG Signals and Various Computer Games - GAMEEMO\GAMEEMO\(S12)\Preprocessed EEG Data\.csv format\S12G3AllChannels.csv,33792,34048,False,False,False,0,False,True,234.988100,5887.354403
S12,G3,horror,C:\Users\Sumukh\Downloads\GAMEEMO Dataset\Database for Emotion Recognition System Based on EEG Signals and Various Computer Games - GAMEEMO\GAMEEMO\(S12)\Preprocessed EEG Data\.csv format\S12G3AllChannels.csv,34048,34304,False,False,False,0,False,True,235.000000,6509.543086
S12,G3,horror,C:\Users\Sumukh\Downloads\GAMEEMO Dataset\Database for Emotion Recognition System Based on EEG Signals and Various Computer Games - GAMEEMO\GAMEEMO\(S12)\Preprocessed EEG Data\.csv format\S12G3AllChannels.csv,35328,35584,False,False,False,0,False,True,224.908800,1339.576065
S12,G3,horror,C:\Users\Sumukh\Downloads\GAMEEMO Dataset\Database for Emotion Recognition System Based on EEG Signals and Various Computer Games - GAMEEMO\GAMEEMO\(S12)\Preprocessed EEG Data\.csv format\S12G3AllChannels.csv,37888,38144,False,False,False,0,False,True,232.329000,2083.661721
S12,G4,funny,C:\Users\Sumukh\Downloads\GAMEEMO Dataset\Database for Emotion Recognition System Based on EEG Signals and Various Computer Games - GAMEEMO\GAMEEMO\(S12)\Preprocessed EEG Data\.csv format\S12G4AllChannels.csv,0,256,False,False,False,0,True,False,461.805300,1080.788309
S12,G4,funny,C:\Users\Sumukh\Downloads\GAMEEMO Dataset\Database for Emotion Recognition System Based on EEG Signals and Various Computer Games - GAMEEMO\GAMEEMO\(S12)\Preprocessed EEG Data\.csv format\S12G4AllChannels.csv,768,1024,False,False,False,0,False,True,221.796000,2056.693375
S12,G4,funny,C:\Users\Sumukh\Downloads\GAMEEMO Dataset\Database for Emotion Recognition System Based on EEG Signals and Various Computer Games - GAMEEMO\GAMEEMO\(S12)\Preprocessed EEG Data\.csv format\S12G4AllChannels.csv,1024,1280,False,False,False,0,False,True,234.996400,19041.656117
S12,G4,funny,C:\Users\Sumukh\Downloads\GAMEEMO Dataset\Database for Emotion Recognition System Based on EEG Signals and Various Computer Games - GAMEEMO\GAMEEMO\(S12)\Preprocessed EEG Data\.csv format\S12G4AllChannels.csv,1280,1536,False,False,False,0,False,True,234.998700,1767.471233
S12,G4,funny,C:\Users\Sumukh\Downloads\GAMEEMO Dataset\Database for Emotion Recognition System Based on EEG Signals and Various Computer Games - GAMEEMO\GAMEEMO\(S12)\Preprocessed EEG Data\.csv format\S12G4AllChannels.csv,15360,15616,False,False,False,0,False,True,227.654200,1414.195749
S12,G4,funny,C:\Users\Sumukh\Downloads\GAMEEMO Dataset\Database for Emotion Recognition System Based on EEG Signals and Various Computer Games - GAMEEMO\GAMEEMO\(S12)\Preprocessed EEG Data\.csv format\S12G4AllChannels.csv,15872,16128,False,False,False,0,False,True,233.289300,2174.464852
S12,G4,funny,C:\Users\Sumukh\Downloads\GAMEEMO Dataset\Database for Emotion Recognition System Based on EEG Signals and Various Computer Games - GAMEEMO\GAMEEMO\(S12)\Preprocessed EEG Data\.csv format\S12G4AllChannels.csv,37376,37632,False,False,False,0,False,True,234.935300,1765.049005
S12,G4,funny,C:\Users\Sumukh\Downloads\GAMEEMO Dataset\Database for Emotion Recognition System Based on EEG Signals and Various Computer Games - GAMEEMO\GAMEEMO\(S12)\Preprocessed EEG Data\.csv format\S12G4AllChannels.csv,37632,37888,False,False,False,0,False,True,234.999900,3302.455981
S13,G3,horror,C:\Users\Sumukh\Downloads\GAMEEMO Dataset\Database for Emotion Recognition System Based on EEG Signals and Various Computer Games - GAMEEMO\GAMEEMO\(S13)\Preprocessed EEG Data\.csv format\S13G3AllChannels.csv,7424,7680,False,False,False,0,False,True,234.792600,1471.179552
S14,G1,boring,C:\Users\Sumukh\Downloads\GAMEEMO Dataset\Database for Emotion Recognition System Based on EEG Signals and Various Computer Games - GAMEEMO\GAMEEMO\(S14)\Preprocessed EEG Data\.csv format\S14G1AllChannels.csv,28160,28416,False,False,False,0,False,True,229.887300,1464.725775
S14,G1,boring,C:\Users\Sumukh\Downloads\GAMEEMO Dataset\Database for Emotion Recognition System Based on EEG Signals and Various Computer Games - GAMEEMO\GAMEEMO\(S14)\Preprocessed EEG Data\.csv format\S14G1AllChannels.csv,28416,28672,False,False,False,0,False,True,233.260600,1417.940589
S14,G2,calm,C:\Users\Sumukh\Downloads\GAMEEMO Dataset\Database for Emotion Recognition System Based on EEG Signals and Various Computer Games - GAMEEMO\GAMEEMO\(S14)\Preprocessed EEG Data\.csv format\S14G2AllChannels.csv,5376,5632,False,False,False,0,False,True,232.909600,2712.203196
S14,G2,calm,C:\Users\Sumukh\Downloads\GAMEEMO Dataset\Database for Emotion Recognition System Based on EEG Signals and Various Computer Games - GAMEEMO\GAMEEMO\(S14)\Preprocessed EEG Data\.csv format\S14G2AllChannels.csv,7936,8192,False,False,False,0,False,True,232.936400,1326.346191
S14,G2,calm,C:\Users\Sumukh\Downloads\GAMEEMO Dataset\Database for Emotion Recognition System Based on EEG Signals and Various Computer Games - GAMEEMO\GAMEEMO\(S14)\Preprocessed EEG Data\.csv format\S14G2AllChannels.csv,8192,8448,False,False,False,0,False,True,234.336700,1573.781884
S14,G2,calm,C:\Users\Sumukh\Downloads\GAMEEMO Dataset\Database for Emotion Recognition System Based on EEG Signals and Various Computer Games - GAMEEMO\GAMEEMO\(S14)\Preprocessed EEG Data\.csv format\S14G2AllChannels.csv,12032,12288,False,False,False,0,False,True,232.243700,1282.127017
S14,G2,calm,C:\Users\Sumukh\Downloads\GAMEEMO Dataset\Database for Emotion Recognition System Based on EEG Signals and Various Computer Games - GAMEEMO\GAMEEMO\(S14)\Preprocessed EEG Data\.csv format\S14G2AllChannels.csv,30464,30720,False,False,False,0,False,True,234.087500,1825.494483
S14,G3,horror,C:\Users\Sumukh\Downloads\GAMEEMO Dataset\Database for Emotion Recognition System Based on EEG Signals and Various Computer Games - GAMEEMO\GAMEEMO\(S14)\Preprocessed EEG Data\.csv format\S14G3AllChannels.csv,28672,28928,False,False,False,0,False,True,234.465900,2144.865720
S14,G4,funny,C:\Users\Sumukh\Downloads\GAMEEMO Dataset\Database for Emotion Recognition System Based on EEG Signals and Various Computer Games - GAMEEMO\GAMEEMO\(S14)\Preprocessed EEG Data\.csv format\S14G4AllChannels.csv,0,256,False,False,False,0,True,True,1291.174500,3979.097688
S14,G4,funny,C:\Users\Sumukh\Downloads\GAMEEMO Dataset\Database for Emotion Recognition System Based on EEG Signals and Various Computer Games - GAMEEMO\GAMEEMO\(S14)\Preprocessed EEG Data\.csv format\S14G4AllChannels.csv,6400,6656,False,False,False,0,False,True,231.632900,1906.652909
S14,G4,funny,C:\Users\Sumukh\Downloads\GAMEEMO Dataset\Database for Emotion Recognition System Based on EEG Signals and Various Computer Games - GAMEEMO\GAMEEMO\(S14)\Preprocessed EEG Data\.csv format\S14G4AllChannels.csv,6912,7168,False,False,False,0,False,True,232.730900,2039.179650
S14,G4,funny,C:\Users\Sumukh\Downloads\GAMEEMO Dataset\Database for Emotion Recognition System Based on EEG Signals and Various Computer Games - GAMEEMO\GAMEEMO\(S14)\Preprocessed EEG Data\.csv format\S14G4AllChannels.csv,13568,13824,False,False,False,0,False,True,230.835300,1815.587242
S14,G4,funny,C:\Users\Sumukh\Downloads\GAMEEMO Dataset\Database for Emotion Recognition System Based on EEG Signals and Various Computer Games - GAMEEMO\GAMEEMO\(S14)\Preprocessed EEG Data\.csv format\S14G4AllChannels.csv,19456,19712,False,False,False,0,False,True,232.039500,1781.742738
S14,G4,funny,C:\Users\Sumukh\Downloads\GAMEEMO Dataset\Database for Emotion Recognition System Based on EEG Signals and Various Computer Games - GAMEEMO\GAMEEMO\(S14)\Preprocessed EEG Data\.csv format\S14G4AllChannels.csv,28160,28416,False,False,False,0,False,True,233.682800,2012.865883
S15,G1,boring,C:\Users\Sumukh\Downloads\GAMEEMO Dataset\Database for Emotion Recognition System Based on EEG Signals and Various Computer Games - GAMEEMO\GAMEEMO\(S15)\Preprocessed EEG Data\.csv format\S15G1AllChannels.csv,1536,1792,False,False,False,0,False,True,155.441600,2242.503779
S15,G1,boring,C:\Users\Sumukh\Downloads\GAMEEMO Dataset\Database for Emotion Recognition System Based on EEG Signals and Various Computer Games - GAMEEMO\GAMEEMO\(S15)\Preprocessed EEG Data\.csv format\S15G1AllChannels.csv,2048,2304,False,False,False,0,False,True,218.819700,1477.258881
S15,G1,boring,C:\Users\Sumukh\Downloads\GAMEEMO Dataset\Database for Emotion Recognition System Based on EEG Signals and Various Computer Games - GAMEEMO\GAMEEMO\(S15)\Preprocessed EEG Data\.csv format\S15G1AllChannels.csv,2560,2816,False,False,False,0,False,True,144.809300,1919.855513
S15,G1,boring,C:\Users\Sumukh\Downloads\GAMEEMO Dataset\Database for Emotion Recognition System Based on EEG Signals and Various Computer Games - GAMEEMO\GAMEEMO\(S15)\Preprocessed EEG Data\.csv format\S15G1AllChannels.csv,3072,3328,False,False,False,0,False,True,159.063900,1846.691063
S15,G1,boring,C:\Users\Sumukh\Downloads\GAMEEMO Dataset\Database for Emotion Recognition System Based on EEG Signals and Various Computer Games - GAMEEMO\GAMEEMO\(S15)\Preprocessed EEG Data\.csv format\S15G1AllChannels.csv,3584,3840,False,False,False,0,False,True,172.847400,2920.067027
S15,G1,boring,C:\Users\Sumukh\Downloads\GAMEEMO Dataset\Database for Emotion Recognition System Based on EEG Signals and Various Computer Games - GAMEEMO\GAMEEMO\(S15)\Preprocessed EEG Data\.csv format\S15G1AllChannels.csv,4608,4864,False,False,False,0,False,True,161.324400,1511.107094
S15,G1,boring,C:\Users\Sumukh\Downloads\GAMEEMO Dataset\Database for Emotion Recognition System Based on EEG Signals and Various Computer Games - GAMEEMO\GAMEEMO\(S15)\Preprocessed EEG Data\.csv format\S15G1AllChannels.csv,4864,5120,False,False,False,0,False,True,197.304100,1790.211177
S15,G1,boring,C:\Users\Sumukh\Downloads\GAMEEMO Dataset\Database for Emotion Recognition System Based on EEG Signals and Various Computer Games - GAMEEMO\GAMEEMO\(S15)\Preprocessed EEG Data\.csv format\S15G1AllChannels.csv,5632,5888,False,False,False,0,False,True,134.098400,1477.433326
S15,G1,boring,C:\Users\Sumukh\Downloads\GAMEEMO Dataset\Database for Emotion Recognition System Based on EEG Signals and Various Computer Games - GAMEEMO\GAMEEMO\(S15)\Preprocessed EEG Data\.csv format\S15G1AllChannels.csv,6144,6400,False,False,False,0,False,True,173.175300,1612.030590
S15,G1,boring,C:\Users\Sumukh\Downloads\GAMEEMO Dataset\Database for Emotion Recognition System Based on EEG Signals and Various Computer Games - GAMEEMO\GAMEEMO\(S15)\Preprocessed EEG Data\.csv format\S15G1AllChannels.csv,6400,6656,False,False,False,0,False,True,213.405900,2840.846179
S15,G1,boring,C:\Users\Sumukh\Downloads\GAMEEMO Dataset\Database for Emotion Recognition System Based on EEG Signals and Various Computer Games - GAMEEMO\GAMEEMO\(S15)\Preprocessed EEG Data\.csv format\S15G1AllChannels.csv,7936,8192,False,False,False,0,False,True,115.153900,1369.307004
S15,G1,boring,C:\Users\Sumukh\Downloads\GAMEEMO Dataset\Database for Emotion Recognition System Based on EEG Signals and Various Computer Games - GAMEEMO\GAMEEMO\(S15)\Preprocessed EEG Data\.csv format\S15G1AllChannels.csv,34560,34816,False,False,False,0,False,True,234.717100,3284.427088
S15,G1,boring,C:\Users\Sumukh\Downloads\GAMEEMO Dataset\Database for Emotion Recognition System Based on EEG Signals and Various Computer Games - GAMEEMO\GAMEEMO\(S15)\Preprocessed EEG Data\.csv format\S15G1AllChannels.csv,34816,35072,False,False,False,0,False,True,234.996500,1626.669827
S15,G1,boring,C:\Users\Sumukh\Downloads\GAMEEMO Dataset\Database for Emotion Recognition System Based on EEG Signals and Various Computer Games - GAMEEMO\GAMEEMO\(S15)\Preprocessed EEG Data\.csv format\S15G1AllChannels.csv,36096,36352,False,False,False,0,False,True,234.943900,3481.678034
S15,G2,calm,C:\Users\Sumukh\Downloads\GAMEEMO Dataset\Database for Emotion Recognition System Based on EEG Signals and Various Computer Games - GAMEEMO\GAMEEMO\(S15)\Preprocessed EEG Data\.csv format\S15G2AllChannels.csv,4352,4608,False,False,False,0,False,True,234.591700,3099.514254
S15,G2,calm,C:\Users\Sumukh\Downloads\GAMEEMO Dataset\Database for Emotion Recognition System Based on EEG Signals and Various Computer Games - GAMEEMO\GAMEEMO\(S15)\Preprocessed EEG Data\.csv format\S15G2AllChannels.csv,6912,7168,False,False,False,0,False,True,227.979200,1278.295812
S15,G2,calm,C:\Users\Sumukh\Downloads\GAMEEMO Dataset\Database for Emotion Recognition System Based on EEG Signals and Various Computer Games - GAMEEMO\GAMEEMO\(S15)\Preprocessed EEG Data\.csv format\S15G2AllChannels.csv,7168,7424,False,False,False,0,False,True,233.832900,2198.679492
S15,G2,calm,C:\Users\Sumukh\Downloads\GAMEEMO Dataset\Database for Emotion Recognition System Based on EEG Signals and Various Computer Games - GAMEEMO\GAMEEMO\(S15)\Preprocessed EEG Data\.csv format\S15G2AllChannels.csv,7424,7680,False,False,False,0,False,True,169.843600,1321.252989
S15,G2,calm,C:\Users\Sumukh\Downloads\GAMEEMO Dataset\Database for Emotion Recognition System Based on EEG Signals and Various Computer Games - GAMEEMO\GAMEEMO\(S15)\Preprocessed EEG Data\.csv format\S15G2AllChannels.csv,12544,12800,False,False,False,0,False,True,136.906500,1353.240570
S15,G2,calm,C:\Users\Sumukh\Downloads\GAMEEMO Dataset\Database for Emotion Recognition System Based on EEG Signals and Various Computer Games - GAMEEMO\GAMEEMO\(S15)\Preprocessed EEG Data\.csv format\S15G2AllChannels.csv,20992,21248,False,False,False,0,False,True,124.140500,1367.267984
S15,G2,calm,C:\Users\Sumukh\Downloads\GAMEEMO Dataset\Database for Emotion Recognition System Based on EEG Signals and Various Computer Games - GAMEEMO\GAMEEMO\(S15)\Preprocessed EEG Data\.csv format\S15G2AllChannels.csv,23808,24064,False,False,False,0,False,True,224.229400,1736.090148
S15,G2,calm,C:\Users\Sumukh\Downloads\GAMEEMO Dataset\Database for Emotion Recognition System Based on EEG Signals and Various Computer Games - GAMEEMO\GAMEEMO\(S15)\Preprocessed EEG Data\.csv format\S15G2AllChannels.csv,33280,33536,False,False,False,0,False,True,131.864600,1415.301458
S15,G2,calm,C:\Users\Sumukh\Downloads\GAMEEMO Dataset\Database for Emotion Recognition System Based on EEG Signals and Various Computer Games - GAMEEMO\GAMEEMO\(S15)\Preprocessed EEG Data\.csv format\S15G2AllChannels.csv,37632,37888,False,False,False,0,False,True,112.744400,1257.160140
S15,G3,horror,C:\Users\Sumukh\Downloads\GAMEEMO Dataset\Database for Emotion Recognition System Based on EEG Signals and Various Computer Games - GAMEEMO\GAMEEMO\(S15)\Preprocessed EEG Data\.csv format\S15G3AllChannels.csv,2048,2304,False,False,False,0,False,True,230.161600,2108.822379
S15,G3,horror,C:\Users\Sumukh\Downloads\GAMEEMO Dataset\Database for Emotion Recognition System Based on EEG Signals and Various Computer Games - GAMEEMO\GAMEEMO\(S15)\Preprocessed EEG Data\.csv format\S15G3AllChannels.csv,2304,2560,False,False,False,0,False,True,181.644700,1561.301024
S15,G3,horror,C:\Users\Sumukh\Downloads\GAMEEMO Dataset\Database for Emotion Recognition System Based on EEG Signals and Various Computer Games - GAMEEMO\GAMEEMO\(S15)\Preprocessed EEG Data\.csv format\S15G3AllChannels.csv,3840,4096,False,False,False,0,False,True,221.077100,1523.707929
S15,G3,horror,C:\Users\Sumukh\Downloads\GAMEEMO Dataset\Database for Emotion Recognition System Based on EEG Signals and Various Computer Games - GAMEEMO\GAMEEMO\(S15)\Preprocessed EEG Data\.csv format\S15G3AllChannels.csv,4096,4352,False,False,False,0,False,True,215.797500,3743.834288
S15,G3,horror,C:\Users\Sumukh\Downloads\GAMEEMO Dataset\Database for Emotion Recognition System Based on EEG Signals and Various Computer Games - GAMEEMO\GAMEEMO\(S15)\Preprocessed EEG Data\.csv format\S15G3AllChannels.csv,14848,15104,False,False,False,0,False,True,234.047600,1362.760334
S15,G3,horror,C:\Users\Sumukh\Downloads\GAMEEMO Dataset\Database for Emotion Recognition System Based on EEG Signals and Various Computer Games - GAMEEMO\GAMEEMO\(S15)\Preprocessed EEG Data\.csv format\S15G3AllChannels.csv,15104,15360,False,False,False,0,False,True,234.971200,2497.740716
S15,G3,horror,C:\Users\Sumukh\Downloads\GAMEEMO Dataset\Database for Emotion Recognition System Based on EEG Signals and Various Computer Games - GAMEEMO\GAMEEMO\(S15)\Preprocessed EEG Data\.csv format\S15G3AllChannels.csv,17152,17408,False,False,False,0,False,True,218.149000,1458.738781
S15,G3,horror,C:\Users\Sumukh\Downloads\GAMEEMO Dataset\Database for Emotion Recognition System Based on EEG Signals and Various Computer Games - GAMEEMO\GAMEEMO\(S15)\Preprocessed EEG Data\.csv format\S15G3AllChannels.csv,20224,20480,False,False,False,0,False,True,233.659800,2340.947497
S15,G3,horror,C:\Users\Sumukh\Downloads\GAMEEMO Dataset\Database for Emotion Recognition System Based on EEG Signals and Various Computer Games - GAMEEMO\GAMEEMO\(S15)\Preprocessed EEG Data\.csv format\S15G3AllChannels.csv,20480,20736,False,False,False,0,False,True,234.603300,1442.361105
S15,G3,horror,C:\Users\Sumukh\Downloads\GAMEEMO Dataset\Database for Emotion Recognition System Based on EEG Signals and Various Computer Games - GAMEEMO\GAMEEMO\(S15)\Preprocessed EEG Data\.csv format\S15G3AllChannels.csv,23552,23808,False,False,False,0,False,True,134.124900,1351.904977
S15,G4,funny,C:\Users\Sumukh\Downloads\GAMEEMO Dataset\Database for Emotion Recognition System Based on EEG Signals and Various Computer Games - GAMEEMO\GAMEEMO\(S15)\Preprocessed EEG Data\.csv format\S15G4AllChannels.csv,1024,1280,False,False,False,0,False,True,159.101500,1654.451019
S15,G4,funny,C:\Users\Sumukh\Downloads\GAMEEMO Dataset\Database for Emotion Recognition System Based on EEG Signals and Various Computer Games - GAMEEMO\GAMEEMO\(S15)\Preprocessed EEG Data\.csv format\S15G4AllChannels.csv,1792,2048,False,False,False,0,False,True,161.995600,1870.607586
S15,G4,funny,C:\Users\Sumukh\Downloads\GAMEEMO Dataset\Database for Emotion Recognition System Based on EEG Signals and Various Computer Games - GAMEEMO\GAMEEMO\(S15)\Preprocessed EEG Data\.csv format\S15G4AllChannels.csv,2560,2816,False,False,False,0,False,True,224.816700,2494.233154
S15,G4,funny,C:\Users\Sumukh\Downloads\GAMEEMO Dataset\Database for Emotion Recognition System Based on EEG Signals and Various Computer Games - GAMEEMO\GAMEEMO\(S15)\Preprocessed EEG Data\.csv format\S15G4AllChannels.csv,2816,3072,False,False,False,0,False,True,180.402400,2704.453011
S15,G4,funny,C:\Users\Sumukh\Downloads\GAMEEMO Dataset\Database for Emotion Recognition System Based on EEG Signals and Various Computer Games - GAMEEMO\GAMEEMO\(S15)\Preprocessed EEG Data\.csv format\S15G4AllChannels.csv,3584,3840,False,False,False,0,False,True,191.787800,2860.191782
S15,G4,funny,C:\Users\Sumukh\Downloads\GAMEEMO Dataset\Database for Emotion Recognition System Based on EEG Signals and Various Computer Games - GAMEEMO\GAMEEMO\(S15)\Preprocessed EEG Data\.csv format\S15G4AllChannels.csv,13568,13824,False,False,False,0,False,True,162.098100,1481.310313
S15,G4,funny,C:\Users\Sumukh\Downloads\GAMEEMO Dataset\Database for Emotion Recognition System Based on EEG Signals and Various Computer Games - GAMEEMO\GAMEEMO\(S15)\Preprocessed EEG Data\.csv format\S15G4AllChannels.csv,16896,17152,False,False,False,0,False,True,157.531200,1893.552242
S15,G4,funny,C:\Users\Sumukh\Downloads\GAMEEMO Dataset\Database for Emotion Recognition System Based on EEG Signals and Various Computer Games - GAMEEMO\GAMEEMO\(S15)\Preprocessed EEG Data\.csv format\S15G4AllChannels.csv,30208,30464,False,False,False,0,False,True,150.344300,1556.543805
S15,G4,funny,C:\Users\Sumukh\Downloads\GAMEEMO Dataset\Database for Emotion Recognition System Based on EEG Signals and Various Computer Games - GAMEEMO\GAMEEMO\(S15)\Preprocessed EEG Data\.csv format\S15G4AllChannels.csv,36608,36864,False,False,False,0,False,True,128.213800,1383.942858
S16,G2,calm,C:\Users\Sumukh\Downloads\GAMEEMO Dataset\Database for Emotion Recognition System Based on EEG Signals and Various Computer Games - GAMEEMO\GAMEEMO\(S16)\Preprocessed EEG Data\.csv format\S16G2AllChannels.csv,0,256,False,False,False,0,True,True,482.601300,1876.137192
S16,G2,calm,C:\Users\Sumukh\Downloads\GAMEEMO Dataset\Database for Emotion Recognition System Based on EEG Signals and Various Computer Games - GAMEEMO\GAMEEMO\(S16)\Preprocessed EEG Data\.csv format\S16G2AllChannels.csv,20480,20736,False,False,False,0,False,True,150.831900,1282.529228
S16,G3,horror,C:\Users\Sumukh\Downloads\GAMEEMO Dataset\Database for Emotion Recognition System Based on EEG Signals and Various Computer Games - GAMEEMO\GAMEEMO\(S16)\Preprocessed EEG Data\.csv format\S16G3AllChannels.csv,0,256,False,False,False,0,False,True,364.035400,1906.387797
S16,G3,horror,C:\Users\Sumukh\Downloads\GAMEEMO Dataset\Database for Emotion Recognition System Based on EEG Signals and Various Computer Games - GAMEEMO\GAMEEMO\(S16)\Preprocessed EEG Data\.csv format\S16G3AllChannels.csv,4864,5120,False,False,False,0,False,True,224.798400,2727.882859
S16,G4,funny,C:\Users\Sumukh\Downloads\GAMEEMO Dataset\Database for Emotion Recognition System Based on EEG Signals and Various Computer Games - GAMEEMO\GAMEEMO\(S16)\Preprocessed EEG Data\.csv format\S16G4AllChannels.csv,4864,5120,False,False,False,0,False,True,158.516200,1376.124968
S16,G4,funny,C:\Users\Sumukh\Downloads\GAMEEMO Dataset\Database for Emotion Recognition System Based on EEG Signals and Various Computer Games - GAMEEMO\GAMEEMO\(S16)\Preprocessed EEG Data\.csv format\S16G4AllChannels.csv,5632,5888,False,False,False,0,False,True,177.322700,2419.811816
S16,G4,funny,C:\Users\Sumukh\Downloads\GAMEEMO Dataset\Database for Emotion Recognition System Based on EEG Signals and Various Computer Games - GAMEEMO\GAMEEMO\(S16)\Preprocessed EEG Data\.csv format\S16G4AllChannels.csv,7424,7680,False,False,False,0,False,True,139.400100,1485.571082
S16,G4,funny,C:\Users\Sumukh\Downloads\GAMEEMO Dataset\Database for Emotion Recognition System Based on EEG Signals and Various Computer Games - GAMEEMO\GAMEEMO\(S16)\Preprocessed EEG Data\.csv format\S16G4AllChannels.csv,18944,19200,False,False,False,0,False,True,224.789700,1341.696133
S16,G4,funny,C:\Users\Sumukh\Downloads\GAMEEMO Dataset\Database for Emotion Recognition System Based on EEG Signals and Various Computer Games - GAMEEMO\GAMEEMO\(S16)\Preprocessed EEG Data\.csv format\S16G4AllChannels.csv,37632,37888,False,False,False,0,False,True,119.021000,1348.926870
S17,G1,boring,C:\Users\Sumukh\Downloads\GAMEEMO Dataset\Database for Emotion Recognition System Based on EEG Signals and Various Computer Games - GAMEEMO\GAMEEMO\(S17)\Preprocessed EEG Data\.csv format\S17G1AllChannels.csv,0,256,False,False,False,0,True,True,463.144000,2125.698970
S17,G1,boring,C:\Users\Sumukh\Downloads\GAMEEMO Dataset\Database for Emotion Recognition System Based on EEG Signals and Various Computer Games - GAMEEMO\GAMEEMO\(S17)\Preprocessed EEG Data\.csv format\S17G1AllChannels.csv,768,1024,False,False,False,0,False,True,175.918200,2097.470506
S17,G1,boring,C:\Users\Sumukh\Downloads\GAMEEMO Dataset\Database for Emotion Recognition System Based on EEG Signals and Various Computer Games - GAMEEMO\GAMEEMO\(S17)\Preprocessed EEG Data\.csv format\S17G1AllChannels.csv,5120,5376,False,False,False,0,False,True,185.513700,1708.913411
S17,G1,boring,C:\Users\Sumukh\Downloads\GAMEEMO Dataset\Database for Emotion Recognition System Based on EEG Signals and Various Computer Games - GAMEEMO\GAMEEMO\(S17)\Preprocessed EEG Data\.csv format\S17G1AllChannels.csv,5376,5632,False,False,False,0,False,True,203.680900,1335.969761
S17,G1,boring,C:\Users\Sumukh\Downloads\GAMEEMO Dataset\Database for Emotion Recognition System Based on EEG Signals and Various Computer Games - GAMEEMO\GAMEEMO\(S17)\Preprocessed EEG Data\.csv format\S17G1AllChannels.csv,5632,5888,False,False,False,0,False,True,207.326500,2290.118134
S17,G1,boring,C:\Users\Sumukh\Downloads\GAMEEMO Dataset\Database for Emotion Recognition System Based on EEG Signals and Various Computer Games - GAMEEMO\GAMEEMO\(S17)\Preprocessed EEG Data\.csv format\S17G1AllChannels.csv,24064,24320,False,False,False,0,False,True,177.440900,1558.311537
S17,G1,boring,C:\Users\Sumukh\Downloads\GAMEEMO Dataset\Database for Emotion Recognition System Based on EEG Signals and Various Computer Games - GAMEEMO\GAMEEMO\(S17)\Preprocessed EEG Data\.csv format\S17G1AllChannels.csv,31488,31744,False,False,False,0,False,True,158.139100,1351.495431
S17,G2,calm,C:\Users\Sumukh\Downloads\GAMEEMO Dataset\Database for Emotion Recognition System Based on EEG Signals and Various Computer Games - GAMEEMO\GAMEEMO\(S17)\Preprocessed EEG Data\.csv format\S17G2AllChannels.csv,0,256,False,False,False,0,False,True,346.673900,1777.899041
S17,G2,calm,C:\Users\Sumukh\Downloads\GAMEEMO Dataset\Database for Emotion Recognition System Based on EEG Signals and Various Computer Games - GAMEEMO\GAMEEMO\(S17)\Preprocessed EEG Data\.csv format\S17G2AllChannels.csv,2048,2304,False,False,False,0,False,True,213.075800,1829.163809
S17,G2,calm,C:\Users\Sumukh\Downloads\GAMEEMO Dataset\Database for Emotion Recognition System Based on EEG Signals and Various Computer Games - GAMEEMO\GAMEEMO\(S17)\Preprocessed EEG Data\.csv format\S17G2AllChannels.csv,2304,2560,False,False,False,0,False,True,200.932000,2510.186509
S17,G2,calm,C:\Users\Sumukh\Downloads\GAMEEMO Dataset\Database for Emotion Recognition System Based on EEG Signals and Various Computer Games - GAMEEMO\GAMEEMO\(S17)\Preprocessed EEG Data\.csv format\S17G2AllChannels.csv,5120,5376,False,False,False,0,False,True,161.760100,1786.895709
S17,G2,calm,C:\Users\Sumukh\Downloads\GAMEEMO Dataset\Database for Emotion Recognition System Based on EEG Signals and Various Computer Games - GAMEEMO\GAMEEMO\(S17)\Preprocessed EEG Data\.csv format\S17G2AllChannels.csv,16640,16896,False,False,False,0,False,True,154.896900,1687.186397
S17,G2,calm,C:\Users\Sumukh\Downloads\GAMEEMO Dataset\Database for Emotion Recognition System Based on EEG Signals and Various Computer Games - GAMEEMO\GAMEEMO\(S17)\Preprocessed EEG Data\.csv format\S17G2AllChannels.csv,20480,20736,False,False,False,0,False,True,148.973000,1640.097491
S17,G2,calm,C:\Users\Sumukh\Downloads\GAMEEMO Dataset\Database for Emotion Recognition System Based on EEG Signals and Various Computer Games - GAMEEMO\GAMEEMO\(S17)\Preprocessed EEG Data\.csv format\S17G2AllChannels.csv,33536,33792,False,False,False,0,False,True,148.483700,1975.533641
S17,G3,horror,C:\Users\Sumukh\Downloads\GAMEEMO Dataset\Database for Emotion Recognition System Based on EEG Signals and Various Computer Games - GAMEEMO\GAMEEMO\(S17)\Preprocessed EEG Data\.csv format\S17G3AllChannels.csv,4096,4352,False,False,False,0,False,True,234.628400,3394.346903
S17,G4,funny,C:\Users\Sumukh\Downloads\GAMEEMO Dataset\Database for Emotion Recognition System Based on EEG Signals and Various Computer Games - GAMEEMO\GAMEEMO\(S17)\Preprocessed EEG Data\.csv format\S17G4AllChannels.csv,0,256,False,False,False,0,True,True,380.925600,1908.615193
S17,G4,funny,C:\Users\Sumukh\Downloads\GAMEEMO Dataset\Database for Emotion Recognition System Based on EEG Signals and Various Computer Games - GAMEEMO\GAMEEMO\(S17)\Preprocessed EEG Data\.csv format\S17G4AllChannels.csv,256,512,False,False,False,0,False,True,215.345900,2415.653933
S17,G4,funny,C:\Users\Sumukh\Downloads\GAMEEMO Dataset\Database for Emotion Recognition System Based on EEG Signals and Various Computer Games - GAMEEMO\GAMEEMO\(S17)\Preprocessed EEG Data\.csv format\S17G4AllChannels.csv,512,768,False,False,False,0,False,True,205.648500,1706.890186
S17,G4,funny,C:\Users\Sumukh\Downloads\GAMEEMO Dataset\Database for Emotion Recognition System Based on EEG Signals and Various Computer Games - GAMEEMO\GAMEEMO\(S17)\Preprocessed EEG Data\.csv format\S17G4AllChannels.csv,3584,3840,False,False,False,0,False,True,228.476900,2944.369515
S17,G4,funny,C:\Users\Sumukh\Downloads\GAMEEMO Dataset\Database for Emotion Recognition System Based on EEG Signals and Various Computer Games - GAMEEMO\GAMEEMO\(S17)\Preprocessed EEG Data\.csv format\S17G4AllChannels.csv,3840,4096,False,False,False,0,False,True,230.472300,1773.345757
S17,G4,funny,C:\Users\Sumukh\Downloads\GAMEEMO Dataset\Database for Emotion Recognition System Based on EEG Signals and Various Computer Games - GAMEEMO\GAMEEMO\(S17)\Preprocessed EEG Data\.csv format\S17G4AllChannels.csv,4864,5120,False,False,False,0,False,True,227.586300,3429.755601
S17,G4,funny,C:\Users\Sumukh\Downloads\GAMEEMO Dataset\Database for Emotion Recognition System Based on EEG Signals and Various Computer Games - GAMEEMO\GAMEEMO\(S17)\Preprocessed EEG Data\.csv format\S17G4AllChannels.csv,7936,8192,False,False,False,0,False,True,227.724100,2939.523197
S17,G4,funny,C:\Users\Sumukh\Downloads\GAMEEMO Dataset\Database for Emotion Recognition System Based on EEG Signals and Various Computer Games - GAMEEMO\GAMEEMO\(S17)\Preprocessed EEG Data\.csv format\S17G4AllChannels.csv,9216,9472,False,False,False,0,False,True,220.647000,2135.339815
S17,G4,funny,C:\Users\Sumukh\Downloads\GAMEEMO Dataset\Database for Emotion Recognition System Based on EEG Signals and Various Computer Games - GAMEEMO\GAMEEMO\(S17)\Preprocessed EEG Data\.csv format\S17G4AllChannels.csv,18176,18432,False,False,False,0,False,True,231.110900,2070.991918
S17,G4,funny,C:\Users\Sumukh\Downloads\GAMEEMO Dataset\Database for Emotion Recognition System Based on EEG Signals and Various Computer Games - GAMEEMO\GAMEEMO\(S17)\Preprocessed EEG Data\.csv format\S17G4AllChannels.csv,18432,18688,False,False,False,0,False,True,221.040500,1478.987393
S17,G4,funny,C:\Users\Sumukh\Downloads\GAMEEMO Dataset\Database for Emotion Recognition System Based on EEG Signals and Various Computer Games - GAMEEMO\GAMEEMO\(S17)\Preprocessed EEG Data\.csv format\S17G4AllChannels.csv,28160,28416,False,False,False,0,False,True,230.583400,1818.401796
S18,G2,calm,C:\Users\Sumukh\Downloads\GAMEEMO Dataset\Database for Emotion Recognition System Based on EEG Signals and Various Computer Games - GAMEEMO\GAMEEMO\(S18)\Preprocessed EEG Data\.csv format\S18G2AllChannels.csv,11776,12032,False,False,False,0,False,True,232.694100,1283.399591
S18,G2,calm,C:\Users\Sumukh\Downloads\GAMEEMO Dataset\Database for Emotion Recognition System Based on EEG Signals and Various Computer Games - GAMEEMO\GAMEEMO\(S18)\Preprocessed EEG Data\.csv format\S18G2AllChannels.csv,12032,12288,False,False,False,0,False,True,234.949300,2814.031013
S18,G2,calm,C:\Users\Sumukh\Downloads\GAMEEMO Dataset\Database for Emotion Recognition System Based on EEG Signals and Various Computer Games - GAMEEMO\GAMEEMO\(S18)\Preprocessed EEG Data\.csv format\S18G2AllChannels.csv,25600,25856,False,False,False,0,False,True,233.196900,1407.859139
S18,G4,funny,C:\Users\Sumukh\Downloads\GAMEEMO Dataset\Database for Emotion Recognition System Based on EEG Signals and Various Computer Games - GAMEEMO\GAMEEMO\(S18)\Preprocessed EEG Data\.csv format\S18G4AllChannels.csv,20992,21248,False,False,False,0,False,True,222.309800,1433.710773
S19,G1,boring,C:\Users\Sumukh\Downloads\GAMEEMO Dataset\Database for Emotion Recognition System Based on EEG Signals and Various Computer Games - GAMEEMO\GAMEEMO\(S19)\Preprocessed EEG Data\.csv format\S19G1AllChannels.csv,0,256,False,False,False,0,True,True,402.452300,1529.603378
S19,G1,boring,C:\Users\Sumukh\Downloads\GAMEEMO Dataset\Database for Emotion Recognition System Based on EEG Signals and Various Computer Games - GAMEEMO\GAMEEMO\(S19)\Preprocessed EEG Data\.csv format\S19G1AllChannels.csv,1280,1536,False,False,False,0,False,True,209.640800,1781.868290
S19,G1,boring,C:\Users\Sumukh\Downloads\GAMEEMO Dataset\Database for Emotion Recognition System Based on EEG Signals and Various Computer Games - GAMEEMO\GAMEEMO\(S19)\Preprocessed EEG Data\.csv format\S19G1AllChannels.csv,3840,4096,False,False,False,0,False,True,219.954900,1818.333289
S19,G1,boring,C:\Users\Sumukh\Downloads\GAMEEMO Dataset\Database for Emotion Recognition System Based on EEG Signals and Various Computer Games - GAMEEMO\GAMEEMO\(S19)\Preprocessed EEG Data\.csv format\S19G1AllChannels.csv,4096,4352,False,False,False,0,False,True,218.956000,1343.618794
S19,G1,boring,C:\Users\Sumukh\Downloads\GAMEEMO Dataset\Database for Emotion Recognition System Based on EEG Signals and Various Computer Games - GAMEEMO\GAMEEMO\(S19)\Preprocessed EEG Data\.csv format\S19G1AllChannels.csv,6400,6656,False,False,False,0,False,True,228.772900,2455.880393
S19,G1,boring,C:\Users\Sumukh\Downloads\GAMEEMO Dataset\Database for Emotion Recognition System Based on EEG Signals and Various Computer Games - GAMEEMO\GAMEEMO\(S19)\Preprocessed EEG Data\.csv format\S19G1AllChannels.csv,6656,6912,False,False,False,0,False,True,234.857100,9437.747304
S19,G1,boring,C:\Users\Sumukh\Downloads\GAMEEMO Dataset\Database for Emotion Recognition System Based on EEG Signals and Various Computer Games - GAMEEMO\GAMEEMO\(S19)\Preprocessed EEG Data\.csv format\S19G1AllChannels.csv,6912,7168,False,False,False,0,False,True,234.995900,1794.652619
S19,G1,boring,C:\Users\Sumukh\Downloads\GAMEEMO Dataset\Database for Emotion Recognition System Based on EEG Signals and Various Computer Games - GAMEEMO\GAMEEMO\(S19)\Preprocessed EEG Data\.csv format\S19G1AllChannels.csv,8192,8448,False,False,False,0,False,True,194.452100,1598.881881
S19,G1,boring,C:\Users\Sumukh\Downloads\GAMEEMO Dataset\Database for Emotion Recognition System Based on EEG Signals and Various Computer Games - GAMEEMO\GAMEEMO\(S19)\Preprocessed EEG Data\.csv format\S19G1AllChannels.csv,11520,11776,False,False,False,0,False,True,226.099900,1312.000319
S19,G1,boring,C:\Users\Sumukh\Downloads\GAMEEMO Dataset\Database for Emotion Recognition System Based on EEG Signals and Various Computer Games - GAMEEMO\GAMEEMO\(S19)\Preprocessed EEG Data\.csv format\S19G1AllChannels.csv,12800,13056,False,False,False,0,False,True,231.597400,3248.964312
S19,G1,boring,C:\Users\Sumukh\Downloads\GAMEEMO Dataset\Database for Emotion Recognition System Based on EEG Signals and Various Computer Games - GAMEEMO\GAMEEMO\(S19)\Preprocessed EEG Data\.csv format\S19G1AllChannels.csv,13056,13312,False,False,False,0,False,True,234.556000,6958.163998
S19,G1,boring,C:\Users\Sumukh\Downloads\GAMEEMO Dataset\Database for Emotion Recognition System Based on EEG Signals and Various Computer Games - GAMEEMO\GAMEEMO\(S19)\Preprocessed EEG Data\.csv format\S19G1AllChannels.csv,13312,13568,False,False,False,0,False,True,234.917200,1763.621259
S19,G1,boring,C:\Users\Sumukh\Downloads\GAMEEMO Dataset\Database for Emotion Recognition System Based on EEG Signals and Various Computer Games - GAMEEMO\GAMEEMO\(S19)\Preprocessed EEG Data\.csv format\S19G1AllChannels.csv,19968,20224,False,False,False,0,False,True,210.586900,1587.535762
S19,G1,boring,C:\Users\Sumukh\Downloads\GAMEEMO Dataset\Database for Emotion Recognition System Based on EEG Signals and Various Computer Games - GAMEEMO\GAMEEMO\(S19)\Preprocessed EEG Data\.csv format\S19G1AllChannels.csv,22272,22528,False,False,False,0,False,True,231.784300,4575.736358
S19,G1,boring,C:\Users\Sumukh\Downloads\GAMEEMO Dataset\Database for Emotion Recognition System Based on EEG Signals and Various Computer Games - GAMEEMO\GAMEEMO\(S19)\Preprocessed EEG Data\.csv format\S19G1AllChannels.csv,22528,22784,False,False,False,0,False,True,234.160000,1951.987628
S19,G1,boring,C:\Users\Sumukh\Downloads\GAMEEMO Dataset\Database for Emotion Recognition System Based on EEG Signals and Various Computer Games - GAMEEMO\GAMEEMO\(S19)\Preprocessed EEG Data\.csv format\S19G1AllChannels.csv,24320,24576,False,False,False,0,False,True,233.538400,2595.060627
S19,G1,boring,C:\Users\Sumukh\Downloads\GAMEEMO Dataset\Database for Emotion Recognition System Based on EEG Signals and Various Computer Games - GAMEEMO\GAMEEMO\(S19)\Preprocessed EEG Data\.csv format\S19G1AllChannels.csv,26624,26880,False,False,False,0,False,True,233.920400,3831.500813
S19,G1,boring,C:\Users\Sumukh\Downloads\GAMEEMO Dataset\Database for Emotion Recognition System Based on EEG Signals and Various Computer Games - GAMEEMO\GAMEEMO\(S19)\Preprocessed EEG Data\.csv format\S19G1AllChannels.csv,30720,30976,False,False,False,0,False,True,233.628900,4032.408764
S19,G1,boring,C:\Users\Sumukh\Downloads\GAMEEMO Dataset\Database for Emotion Recognition System Based on EEG Signals and Various Computer Games - GAMEEMO\GAMEEMO\(S19)\Preprocessed EEG Data\.csv format\S19G1AllChannels.csv,30976,31232,False,False,False,0,False,True,234.839900,2291.806115
S19,G1,boring,C:\Users\Sumukh\Downloads\GAMEEMO Dataset\Database for Emotion Recognition System Based on EEG Signals and Various Computer Games - GAMEEMO\GAMEEMO\(S19)\Preprocessed EEG Data\.csv format\S19G1AllChannels.csv,33280,33536,False,False,False,0,False,True,226.439800,1396.899494
S19,G1,boring,C:\Users\Sumukh\Downloads\GAMEEMO Dataset\Database for Emotion Recognition System Based on EEG Signals and Various Computer Games - GAMEEMO\GAMEEMO\(S19)\Preprocessed EEG Data\.csv format\S19G1AllChannels.csv,33536,33792,False,False,False,0,False,True,233.537800,1892.486153
S19,G1,boring,C:\Users\Sumukh\Downloads\GAMEEMO Dataset\Database for Emotion Recognition System Based on EEG Signals and Various Computer Games - GAMEEMO\GAMEEMO\(S19)\Preprocessed EEG Data\.csv format\S19G1AllChannels.csv,35840,36096,False,False,False,0,False,True,232.437900,2893.213794
S19,G1,boring,C:\Users\Sumukh\Downloads\GAMEEMO Dataset\Database for Emotion Recognition System Based on EEG Signals and Various Computer Games - GAMEEMO\GAMEEMO\(S19)\Preprocessed EEG Data\.csv format\S19G1AllChannels.csv,37632,37888,False,False,False,0,False,True,234.673800,2563.315706
S19,G2,calm,C:\Users\Sumukh\Downloads\GAMEEMO Dataset\Database for Emotion Recognition System Based on EEG Signals and Various Computer Games - GAMEEMO\GAMEEMO\(S19)\Preprocessed EEG Data\.csv format\S19G2AllChannels.csv,0,256,False,False,False,0,True,True,408.913800,1678.714795
S19,G2,calm,C:\Users\Sumukh\Downloads\GAMEEMO Dataset\Database for Emotion Recognition System Based on EEG Signals and Various Computer Games - GAMEEMO\GAMEEMO\(S19)\Preprocessed EEG Data\.csv format\S19G2AllChannels.csv,768,1024,False,False,False,0,False,True,229.633000,1889.260267
S19,G2,calm,C:\Users\Sumukh\Downloads\GAMEEMO Dataset\Database for Emotion Recognition System Based on EEG Signals and Various Computer Games - GAMEEMO\GAMEEMO\(S19)\Preprocessed EEG Data\.csv format\S19G2AllChannels.csv,8960,9216,False,False,False,0,False,True,224.639500,1417.481910
S19,G2,calm,C:\Users\Sumukh\Downloads\GAMEEMO Dataset\Database for Emotion Recognition System Based on EEG Signals and Various Computer Games - GAMEEMO\GAMEEMO\(S19)\Preprocessed EEG Data\.csv format\S19G2AllChannels.csv,15872,16128,False,False,False,0,False,True,225.125000,1432.176010
S19,G2,calm,C:\Users\Sumukh\Downloads\GAMEEMO Dataset\Database for Emotion Recognition System Based on EEG Signals and Various Computer Games - GAMEEMO\GAMEEMO\(S19)\Preprocessed EEG Data\.csv format\S19G2AllChannels.csv,16640,16896,False,False,False,0,False,True,224.297900,1386.161946
S19,G2,calm,C:\Users\Sumukh\Downloads\GAMEEMO Dataset\Database for Emotion Recognition System Based on EEG Signals and Various Computer Games - GAMEEMO\GAMEEMO\(S19)\Preprocessed EEG Data\.csv format\S19G2AllChannels.csv,24064,24320,False,False,False,0,False,True,233.203400,2151.070195
S19,G3,horror,C:\Users\Sumukh\Downloads\GAMEEMO Dataset\Database for Emotion Recognition System Based on EEG Signals and Various Computer Games - GAMEEMO\GAMEEMO\(S19)\Preprocessed EEG Data\.csv format\S19G3AllChannels.csv,0,256,False,False,False,0,True,True,1183.905100,7709.920485
S19,G3,horror,C:\Users\Sumukh\Downloads\GAMEEMO Dataset\Database for Emotion Recognition System Based on EEG Signals and Various Computer Games - GAMEEMO\GAMEEMO\(S19)\Preprocessed EEG Data\.csv format\S19G3AllChannels.csv,256,512,False,False,False,0,False,True,213.950700,1508.577229
S19,G3,horror,C:\Users\Sumukh\Downloads\GAMEEMO Dataset\Database for Emotion Recognition System Based on EEG Signals and Various Computer Games - GAMEEMO\GAMEEMO\(S19)\Preprocessed EEG Data\.csv format\S19G3AllChannels.csv,512,768,False,False,False,0,False,True,216.443700,1546.307444
S19,G3,horror,C:\Users\Sumukh\Downloads\GAMEEMO Dataset\Database for Emotion Recognition System Based on EEG Signals and Various Computer Games - GAMEEMO\GAMEEMO\(S19)\Preprocessed EEG Data\.csv format\S19G3AllChannels.csv,768,1024,False,False,False,0,False,True,233.586000,2627.161607
S19,G3,horror,C:\Users\Sumukh\Downloads\GAMEEMO Dataset\Database for Emotion Recognition System Based on EEG Signals and Various Computer Games - GAMEEMO\GAMEEMO\(S19)\Preprocessed EEG Data\.csv format\S19G3AllChannels.csv,5888,6144,False,False,False,0,False,True,231.458300,2961.843207
S19,G3,horror,C:\Users\Sumukh\Downloads\GAMEEMO Dataset\Database for Emotion Recognition System Based on EEG Signals and Various Computer Games - GAMEEMO\GAMEEMO\(S19)\Preprocessed EEG Data\.csv format\S19G3AllChannels.csv,6400,6656,False,False,False,0,False,True,232.481300,2685.121384
S19,G3,horror,C:\Users\Sumukh\Downloads\GAMEEMO Dataset\Database for Emotion Recognition System Based on EEG Signals and Various Computer Games - GAMEEMO\GAMEEMO\(S19)\Preprocessed EEG Data\.csv format\S19G3AllChannels.csv,7936,8192,False,False,False,0,False,True,229.989800,2480.386364
S19,G3,horror,C:\Users\Sumukh\Downloads\GAMEEMO Dataset\Database for Emotion Recognition System Based on EEG Signals and Various Computer Games - GAMEEMO\GAMEEMO\(S19)\Preprocessed EEG Data\.csv format\S19G3AllChannels.csv,8448,8704,False,False,False,0,False,True,208.054700,1272.620827
S19,G3,horror,C:\Users\Sumukh\Downloads\GAMEEMO Dataset\Database for Emotion Recognition System Based on EEG Signals and Various Computer Games - GAMEEMO\GAMEEMO\(S19)\Preprocessed EEG Data\.csv format\S19G3AllChannels.csv,14080,14336,False,False,False,0,False,True,234.565000,5583.013467
S19,G3,horror,C:\Users\Sumukh\Downloads\GAMEEMO Dataset\Database for Emotion Recognition System Based on EEG Signals and Various Computer Games - GAMEEMO\GAMEEMO\(S19)\Preprocessed EEG Data\.csv format\S19G3AllChannels.csv,14336,14592,False,False,False,0,False,True,234.991800,6843.289156
S19,G3,horror,C:\Users\Sumukh\Downloads\GAMEEMO Dataset\Database for Emotion Recognition System Based on EEG Signals and Various Computer Games - GAMEEMO\GAMEEMO\(S19)\Preprocessed EEG Data\.csv format\S19G3AllChannels.csv,14592,14848,False,False,False,0,False,True,235.000000,3062.298334
S19,G3,horror,C:\Users\Sumukh\Downloads\GAMEEMO Dataset\Database for Emotion Recognition System Based on EEG Signals and Various Computer Games - GAMEEMO\GAMEEMO\(S19)\Preprocessed EEG Data\.csv format\S19G3AllChannels.csv,16128,16384,False,False,False,0,False,True,234.295200,7269.609246
S19,G3,horror,C:\Users\Sumukh\Downloads\GAMEEMO Dataset\Database for Emotion Recognition System Based on EEG Signals and Various Computer Games - GAMEEMO\GAMEEMO\(S19)\Preprocessed EEG Data\.csv format\S19G3AllChannels.csv,16384,16640,False,False,False,0,False,True,234.999600,4164.647691
S19,G3,horror,C:\Users\Sumukh\Downloads\GAMEEMO Dataset\Database for Emotion Recognition System Based on EEG Signals and Various Computer Games - GAMEEMO\GAMEEMO\(S19)\Preprocessed EEG Data\.csv format\S19G3AllChannels.csv,20224,20480,False,False,False,0,False,True,234.539800,5770.868567
S19,G3,horror,C:\Users\Sumukh\Downloads\GAMEEMO Dataset\Database for Emotion Recognition System Based on EEG Signals and Various Computer Games - GAMEEMO\GAMEEMO\(S19)\Preprocessed EEG Data\.csv format\S19G3AllChannels.csv,24832,25088,False,False,False,0,False,True,229.680600,2860.215723
S19,G3,horror,C:\Users\Sumukh\Downloads\GAMEEMO Dataset\Database for Emotion Recognition System Based on EEG Signals and Various Computer Games - GAMEEMO\GAMEEMO\(S19)\Preprocessed EEG Data\.csv format\S19G3AllChannels.csv,29440,29696,False,False,False,0,False,True,228.743800,1846.829114
S19,G3,horror,C:\Users\Sumukh\Downloads\GAMEEMO Dataset\Database for Emotion Recognition System Based on EEG Signals and Various Computer Games - GAMEEMO\GAMEEMO\(S19)\Preprocessed EEG Data\.csv format\S19G3AllChannels.csv,30720,30976,False,False,False,0,False,True,225.072800,1805.126609
S19,G4,funny,C:\Users\Sumukh\Downloads\GAMEEMO Dataset\Database for Emotion Recognition System Based on EEG Signals and Various Computer Games - GAMEEMO\GAMEEMO\(S19)\Preprocessed EEG Data\.csv format\S19G4AllChannels.csv,256,512,False,False,False,0,False,True,233.597500,2864.580974
S19,G4,funny,C:\Users\Sumukh\Downloads\GAMEEMO Dataset\Database for Emotion Recognition System Based on EEG Signals and Various Computer Games - GAMEEMO\GAMEEMO\(S19)\Preprocessed EEG Data\.csv format\S19G4AllChannels.csv,768,1024,False,False,False,0,False,True,233.353900,2189.590843
S19,G4,funny,C:\Users\Sumukh\Downloads\GAMEEMO Dataset\Database for Emotion Recognition System Based on EEG Signals and Various Computer Games - GAMEEMO\GAMEEMO\(S19)\Preprocessed EEG Data\.csv format\S19G4AllChannels.csv,1024,1280,False,False,False,0,False,True,231.943000,2830.521794
S19,G4,funny,C:\Users\Sumukh\Downloads\GAMEEMO Dataset\Database for Emotion Recognition System Based on EEG Signals and Various Computer Games - GAMEEMO\GAMEEMO\(S19)\Preprocessed EEG Data\.csv format\S19G4AllChannels.csv,3584,3840,False,False,False,0,False,True,231.328100,2015.480957
S19,G4,funny,C:\Users\Sumukh\Downloads\GAMEEMO Dataset\Database for Emotion Recognition System Based on EEG Signals and Various Computer Games - GAMEEMO\GAMEEMO\(S19)\Preprocessed EEG Data\.csv format\S19G4AllChannels.csv,3840,4096,False,False,False,0,False,True,234.333600,1980.563871
S19,G4,funny,C:\Users\Sumukh\Downloads\GAMEEMO Dataset\Database for Emotion Recognition System Based on EEG Signals and Various Computer Games - GAMEEMO\GAMEEMO\(S19)\Preprocessed EEG Data\.csv format\S19G4AllChannels.csv,8704,8960,False,False,False,0,False,True,234.864900,8803.650327
S19,G4,funny,C:\Users\Sumukh\Downloads\GAMEEMO Dataset\Database for Emotion Recognition System Based on EEG Signals and Various Computer Games - GAMEEMO\GAMEEMO\(S19)\Preprocessed EEG Data\.csv format\S19G4AllChannels.csv,8960,9216,False,False,False,0,False,True,234.999500,3099.077842
S19,G4,funny,C:\Users\Sumukh\Downloads\GAMEEMO Dataset\Database for Emotion Recognition System Based on EEG Signals and Various Computer Games - GAMEEMO\GAMEEMO\(S19)\Preprocessed EEG Data\.csv format\S19G4AllChannels.csv,12800,13056,False,False,False,0,False,True,213.204600,1535.020825
S19,G4,funny,C:\Users\Sumukh\Downloads\GAMEEMO Dataset\Database for Emotion Recognition System Based on EEG Signals and Various Computer Games - GAMEEMO\GAMEEMO\(S19)\Preprocessed EEG Data\.csv format\S19G4AllChannels.csv,13056,13312,False,False,False,0,False,True,234.980500,9995.495807
S19,G4,funny,C:\Users\Sumukh\Downloads\GAMEEMO Dataset\Database for Emotion Recognition System Based on EEG Signals and Various Computer Games - GAMEEMO\GAMEEMO\(S19)\Preprocessed EEG Data\.csv format\S19G4AllChannels.csv,13312,13568,False,False,False,0,False,True,234.971600,7942.086975
S19,G4,funny,C:\Users\Sumukh\Downloads\GAMEEMO Dataset\Database for Emotion Recognition System Based on EEG Signals and Various Computer Games - GAMEEMO\GAMEEMO\(S19)\Preprocessed EEG Data\.csv format\S19G4AllChannels.csv,16384,16640,False,False,False,0,False,True,225.844200,2484.794399
S19,G4,funny,C:\Users\Sumukh\Downloads\GAMEEMO Dataset\Database for Emotion Recognition System Based on EEG Signals and Various Computer Games - GAMEEMO\GAMEEMO\(S19)\Preprocessed EEG Data\.csv format\S19G4AllChannels.csv,21504,21760,False,False,False,0,False,True,234.912100,8258.555022
S19,G4,funny,C:\Users\Sumukh\Downloads\GAMEEMO Dataset\Database for Emotion Recognition System Based on EEG Signals and Various Computer Games - GAMEEMO\GAMEEMO\(S19)\Preprocessed EEG Data\.csv format\S19G4AllChannels.csv,21760,22016,False,False,False,0,False,True,234.974900,4932.141021
S19,G4,funny,C:\Users\Sumukh\Downloads\GAMEEMO Dataset\Database for Emotion Recognition System Based on EEG Signals and Various Computer Games - GAMEEMO\GAMEEMO\(S19)\Preprocessed EEG Data\.csv format\S19G4AllChannels.csv,24576,24832,False,False,False,0,False,True,231.235700,2088.183507
S19,G4,funny,C:\Users\Sumukh\Downloads\GAMEEMO Dataset\Database for Emotion Recognition System Based on EEG Signals and Various Computer Games - GAMEEMO\GAMEEMO\(S19)\Preprocessed EEG Data\.csv format\S19G4AllChannels.csv,32256,32512,False,False,False,0,False,True,220.427700,1256.475151
S20,G1,boring,C:\Users\Sumukh\Downloads\GAMEEMO Dataset\Database for Emotion Recognition System Based on EEG Signals and Various Computer Games - GAMEEMO\GAMEEMO\(S20)\Preprocessed EEG Data\.csv format\S20G1AllChannels.csv,256,512,False,False,False,0,False,True,220.647200,1427.766269
S20,G1,boring,C:\Users\Sumukh\Downloads\GAMEEMO Dataset\Database for Emotion Recognition System Based on EEG Signals and Various Computer Games - GAMEEMO\GAMEEMO\(S20)\Preprocessed EEG Data\.csv format\S20G1AllChannels.csv,768,1024,False,False,False,0,False,True,234.535900,2609.377062
S20,G1,boring,C:\Users\Sumukh\Downloads\GAMEEMO Dataset\Database for Emotion Recognition System Based on EEG Signals and Various Computer Games - GAMEEMO\GAMEEMO\(S20)\Preprocessed EEG Data\.csv format\S20G1AllChannels.csv,1024,1280,False,False,False,0,False,True,224.191100,1816.638605
S20,G1,boring,C:\Users\Sumukh\Downloads\GAMEEMO Dataset\Database for Emotion Recognition System Based on EEG Signals and Various Computer Games - GAMEEMO\GAMEEMO\(S20)\Preprocessed EEG Data\.csv format\S20G1AllChannels.csv,25344,25600,False,False,False,0,False,True,234.149700,1499.652589
S20,G1,boring,C:\Users\Sumukh\Downloads\GAMEEMO Dataset\Database for Emotion Recognition System Based on EEG Signals and Various Computer Games - GAMEEMO\GAMEEMO\(S20)\Preprocessed EEG Data\.csv format\S20G1AllChannels.csv,25856,26112,False,False,False,0,False,True,232.325000,1538.787875
S20,G1,boring,C:\Users\Sumukh\Downloads\GAMEEMO Dataset\Database for Emotion Recognition System Based on EEG Signals and Various Computer Games - GAMEEMO\GAMEEMO\(S20)\Preprocessed EEG Data\.csv format\S20G1AllChannels.csv,29696,29952,False,False,False,0,False,True,224.373900,1572.668091
S20,G1,boring,C:\Users\Sumukh\Downloads\GAMEEMO Dataset\Database for Emotion Recognition System Based on EEG Signals and Various Computer Games - GAMEEMO\GAMEEMO\(S20)\Preprocessed EEG Data\.csv format\S20G1AllChannels.csv,31744,32000,False,False,False,0,False,True,234.264800,1988.670496
S20,G1,boring,C:\Users\Sumukh\Downloads\GAMEEMO Dataset\Database for Emotion Recognition System Based on EEG Signals and Various Computer Games - GAMEEMO\GAMEEMO\(S20)\Preprocessed EEG Data\.csv format\S20G1AllChannels.csv,32000,32256,False,False,False,0,False,True,234.985300,2427.658262
S20,G1,boring,C:\Users\Sumukh\Downloads\GAMEEMO Dataset\Database for Emotion Recognition System Based on EEG Signals and Various Computer Games - GAMEEMO\GAMEEMO\(S20)\Preprocessed EEG Data\.csv format\S20G1AllChannels.csv,32256,32512,False,False,False,0,False,True,234.984700,3540.635896
S20,G1,boring,C:\Users\Sumukh\Downloads\GAMEEMO Dataset\Database for Emotion Recognition System Based on EEG Signals and Various Computer Games - GAMEEMO\GAMEEMO\(S20)\Preprocessed EEG Data\.csv format\S20G1AllChannels.csv,34048,34304,False,False,False,0,False,True,234.696300,1684.323443
S20,G1,boring,C:\Users\Sumukh\Downloads\GAMEEMO Dataset\Database for Emotion Recognition System Based on EEG Signals and Various Computer Games - GAMEEMO\GAMEEMO\(S20)\Preprocessed EEG Data\.csv format\S20G1AllChannels.csv,34304,34560,False,False,False,0,False,True,228.499000,1538.683151
S20,G2,calm,C:\Users\Sumukh\Downloads\GAMEEMO Dataset\Database for Emotion Recognition System Based on EEG Signals and Various Computer Games - GAMEEMO\GAMEEMO\(S20)\Preprocessed EEG Data\.csv format\S20G2AllChannels.csv,256,512,False,False,False,0,False,True,215.183600,1515.097678
S20,G2,calm,C:\Users\Sumukh\Downloads\GAMEEMO Dataset\Database for Emotion Recognition System Based on EEG Signals and Various Computer Games - GAMEEMO\GAMEEMO\(S20)\Preprocessed EEG Data\.csv format\S20G2AllChannels.csv,1792,2048,False,False,False,0,False,True,234.801600,2410.201379
S20,G2,calm,C:\Users\Sumukh\Downloads\GAMEEMO Dataset\Database for Emotion Recognition System Based on EEG Signals and Various Computer Games - GAMEEMO\GAMEEMO\(S20)\Preprocessed EEG Data\.csv format\S20G2AllChannels.csv,2048,2304,False,False,False,0,False,True,231.500200,2390.734784
S20,G2,calm,C:\Users\Sumukh\Downloads\GAMEEMO Dataset\Database for Emotion Recognition System Based on EEG Signals and Various Computer Games - GAMEEMO\GAMEEMO\(S20)\Preprocessed EEG Data\.csv format\S20G2AllChannels.csv,3072,3328,False,False,False,0,False,True,234.188800,1649.478021
S20,G2,calm,C:\Users\Sumukh\Downloads\GAMEEMO Dataset\Database for Emotion Recognition System Based on EEG Signals and Various Computer Games - GAMEEMO\GAMEEMO\(S20)\Preprocessed EEG Data\.csv format\S20G2AllChannels.csv,3328,3584,False,False,False,0,False,True,234.991900,2659.692896
S20,G2,calm,C:\Users\Sumukh\Downloads\GAMEEMO Dataset\Database for Emotion Recognition System Based on EEG Signals and Various Computer Games - GAMEEMO\GAMEEMO\(S20)\Preprocessed EEG Data\.csv format\S20G2AllChannels.csv,5120,5376,False,False,False,0,False,True,234.976200,4712.059685
S20,G2,calm,C:\Users\Sumukh\Downloads\GAMEEMO Dataset\Database for Emotion Recognition System Based on EEG Signals and Various Computer Games - GAMEEMO\GAMEEMO\(S20)\Preprocessed EEG Data\.csv format\S20G2AllChannels.csv,5376,5632,False,False,False,0,False,True,234.999700,2258.948913
S20,G2,calm,C:\Users\Sumukh\Downloads\GAMEEMO Dataset\Database for Emotion Recognition System Based on EEG Signals and Various Computer Games - GAMEEMO\GAMEEMO\(S20)\Preprocessed EEG Data\.csv format\S20G2AllChannels.csv,8704,8960,False,False,False,0,False,True,223.537200,1888.054482
S20,G2,calm,C:\Users\Sumukh\Downloads\GAMEEMO Dataset\Database for Emotion Recognition System Based on EEG Signals and Various Computer Games - GAMEEMO\GAMEEMO\(S20)\Preprocessed EEG Data\.csv format\S20G2AllChannels.csv,9472,9728,False,False,False,0,False,True,227.711900,1330.633029
S20,G2,calm,C:\Users\Sumukh\Downloads\GAMEEMO Dataset\Database for Emotion Recognition System Based on EEG Signals and Various Computer Games - GAMEEMO\GAMEEMO\(S20)\Preprocessed EEG Data\.csv format\S20G2AllChannels.csv,12288,12544,False,False,False,0,False,True,231.071600,1738.979129
S20,G2,calm,C:\Users\Sumukh\Downloads\GAMEEMO Dataset\Database for Emotion Recognition System Based on EEG Signals and Various Computer Games - GAMEEMO\GAMEEMO\(S20)\Preprocessed EEG Data\.csv format\S20G2AllChannels.csv,15360,15616,False,False,False,0,False,True,234.874100,2361.582200
S20,G2,calm,C:\Users\Sumukh\Downloads\GAMEEMO Dataset\Database for Emotion Recognition System Based on EEG Signals and Various Computer Games - GAMEEMO\GAMEEMO\(S20)\Preprocessed EEG Data\.csv format\S20G2AllChannels.csv,15616,15872,False,False,False,0,False,True,220.478000,2656.101522
S20,G2,calm,C:\Users\Sumukh\Downloads\GAMEEMO Dataset\Database for Emotion Recognition System Based on EEG Signals and Various Computer Games - GAMEEMO\GAMEEMO\(S20)\Preprocessed EEG Data\.csv format\S20G2AllChannels.csv,22272,22528,False,False,False,0,False,True,216.890800,1358.361062
S20,G2,calm,C:\Users\Sumukh\Downloads\GAMEEMO Dataset\Database for Emotion Recognition System Based on EEG Signals and Various Computer Games - GAMEEMO\GAMEEMO\(S20)\Preprocessed EEG Data\.csv format\S20G2AllChannels.csv,26112,26368,False,False,False,0,False,True,212.398300,1450.538440
S20,G2,calm,C:\Users\Sumukh\Downloads\GAMEEMO Dataset\Database for Emotion Recognition System Based on EEG Signals and Various Computer Games - GAMEEMO\GAMEEMO\(S20)\Preprocessed EEG Data\.csv format\S20G2AllChannels.csv,34304,34560,False,False,False,0,False,True,231.414000,2695.334223
S20,G2,calm,C:\Users\Sumukh\Downloads\GAMEEMO Dataset\Database for Emotion Recognition System Based on EEG Signals and Various Computer Games - GAMEEMO\GAMEEMO\(S20)\Preprocessed EEG Data\.csv format\S20G2AllChannels.csv,35584,35840,False,False,False,0,False,True,234.752200,3619.038007
S20,G2,calm,C:\Users\Sumukh\Downloads\GAMEEMO Dataset\Database for Emotion Recognition System Based on EEG Signals and Various Computer Games - GAMEEMO\GAMEEMO\(S20)\Preprocessed EEG Data\.csv format\S20G2AllChannels.csv,35840,36096,False,False,False,0,False,True,234.998200,3939.190362
S20,G3,horror,C:\Users\Sumukh\Downloads\GAMEEMO Dataset\Database for Emotion Recognition System Based on EEG Signals and Various Computer Games - GAMEEMO\GAMEEMO\(S20)\Preprocessed EEG Data\.csv format\S20G3AllChannels.csv,0,256,False,False,False,0,True,True,922.326000,3474.927107
S20,G3,horror,C:\Users\Sumukh\Downloads\GAMEEMO Dataset\Database for Emotion Recognition System Based on EEG Signals and Various Computer Games - GAMEEMO\GAMEEMO\(S20)\Preprocessed EEG Data\.csv format\S20G3AllChannels.csv,768,1024,False,False,False,0,False,True,229.668700,2925.819860
S20,G3,horror,C:\Users\Sumukh\Downloads\GAMEEMO Dataset\Database for Emotion Recognition System Based on EEG Signals and Various Computer Games - GAMEEMO\GAMEEMO\(S20)\Preprocessed EEG Data\.csv format\S20G3AllChannels.csv,1024,1280,False,False,False,0,False,True,182.493000,2076.232076
S20,G3,horror,C:\Users\Sumukh\Downloads\GAMEEMO Dataset\Database for Emotion Recognition System Based on EEG Signals and Various Computer Games - GAMEEMO\GAMEEMO\(S20)\Preprocessed EEG Data\.csv format\S20G3AllChannels.csv,3328,3584,False,False,False,0,False,True,232.146800,3508.181159
S20,G3,horror,C:\Users\Sumukh\Downloads\GAMEEMO Dataset\Database for Emotion Recognition System Based on EEG Signals and Various Computer Games - GAMEEMO\GAMEEMO\(S20)\Preprocessed EEG Data\.csv format\S20G3AllChannels.csv,5120,5376,False,False,False,0,False,True,232.533300,2042.116213
S20,G3,horror,C:\Users\Sumukh\Downloads\GAMEEMO Dataset\Database for Emotion Recognition System Based on EEG Signals and Various Computer Games - GAMEEMO\GAMEEMO\(S20)\Preprocessed EEG Data\.csv format\S20G3AllChannels.csv,5376,5632,False,False,False,0,False,True,216.723500,2797.450651
S20,G3,horror,C:\Users\Sumukh\Downloads\GAMEEMO Dataset\Database for Emotion Recognition System Based on EEG Signals and Various Computer Games - GAMEEMO\GAMEEMO\(S20)\Preprocessed EEG Data\.csv format\S20G3AllChannels.csv,5632,5888,False,False,False,0,False,True,224.921100,3557.352039
S20,G3,horror,C:\Users\Sumukh\Downloads\GAMEEMO Dataset\Database for Emotion Recognition System Based on EEG Signals and Various Computer Games - GAMEEMO\GAMEEMO\(S20)\Preprocessed EEG Data\.csv format\S20G3AllChannels.csv,6400,6656,False,False,False,0,False,True,218.102700,1714.594853
S20,G3,horror,C:\Users\Sumukh\Downloads\GAMEEMO Dataset\Database for Emotion Recognition System Based on EEG Signals and Various Computer Games - GAMEEMO\GAMEEMO\(S20)\Preprocessed EEG Data\.csv format\S20G3AllChannels.csv,6656,6912,False,False,False,0,False,True,232.574900,5467.736094
S20,G3,horror,C:\Users\Sumukh\Downloads\GAMEEMO Dataset\Database for Emotion Recognition System Based on EEG Signals and Various Computer Games - GAMEEMO\GAMEEMO\(S20)\Preprocessed EEG Data\.csv format\S20G3AllChannels.csv,6912,7168,False,False,False,0,False,True,211.033400,1798.887383
S20,G3,horror,C:\Users\Sumukh\Downloads\GAMEEMO Dataset\Database for Emotion Recognition System Based on EEG Signals and Various Computer Games - GAMEEMO\GAMEEMO\(S20)\Preprocessed EEG Data\.csv format\S20G3AllChannels.csv,7168,7424,False,False,False,0,False,True,211.399800,2405.846185
S20,G3,horror,C:\Users\Sumukh\Downloads\GAMEEMO Dataset\Database for Emotion Recognition System Based on EEG Signals and Various Computer Games - GAMEEMO\GAMEEMO\(S20)\Preprocessed EEG Data\.csv format\S20G3AllChannels.csv,7424,7680,False,False,False,0,False,True,166.687300,1284.418795
S20,G3,horror,C:\Users\Sumukh\Downloads\GAMEEMO Dataset\Database for Emotion Recognition System Based on EEG Signals and Various Computer Games - GAMEEMO\GAMEEMO\(S20)\Preprocessed EEG Data\.csv format\S20G3AllChannels.csv,7936,8192,False,False,False,0,False,True,229.533300,2422.623297
S20,G3,horror,C:\Users\Sumukh\Downloads\GAMEEMO Dataset\Database for Emotion Recognition System Based on EEG Signals and Various Computer Games - GAMEEMO\GAMEEMO\(S20)\Preprocessed EEG Data\.csv format\S20G3AllChannels.csv,8192,8448,False,False,False,0,False,True,160.827200,1475.445594
S20,G3,horror,C:\Users\Sumukh\Downloads\GAMEEMO Dataset\Database for Emotion Recognition System Based on EEG Signals and Various Computer Games - GAMEEMO\GAMEEMO\(S20)\Preprocessed EEG Data\.csv format\S20G3AllChannels.csv,9216,9472,False,False,False,0,False,True,227.379200,4296.794289
S20,G3,horror,C:\Users\Sumukh\Downloads\GAMEEMO Dataset\Database for Emotion Recognition System Based on EEG Signals and Various Computer Games - GAMEEMO\GAMEEMO\(S20)\Preprocessed EEG Data\.csv format\S20G3AllChannels.csv,10496,10752,False,False,False,0,False,True,225.261700,3918.084338
S20,G3,horror,C:\Users\Sumukh\Downloads\GAMEEMO Dataset\Database for Emotion Recognition System Based on EEG Signals and Various Computer Games - GAMEEMO\GAMEEMO\(S20)\Preprocessed EEG Data\.csv format\S20G3AllChannels.csv,10752,11008,False,False,False,0,False,True,203.664900,1834.086566
S20,G3,horror,C:\Users\Sumukh\Downloads\GAMEEMO Dataset\Database for Emotion Recognition System Based on EEG Signals and Various Computer Games - GAMEEMO\GAMEEMO\(S20)\Preprocessed EEG Data\.csv format\S20G3AllChannels.csv,11776,12032,False,False,False,0,False,True,229.361500,4128.944222
S20,G3,horror,C:\Users\Sumukh\Downloads\GAMEEMO Dataset\Database for Emotion Recognition System Based on EEG Signals and Various Computer Games - GAMEEMO\GAMEEMO\(S20)\Preprocessed EEG Data\.csv format\S20G3AllChannels.csv,12032,12288,False,False,False,0,False,True,234.947000,5103.860201
S20,G3,horror,C:\Users\Sumukh\Downloads\GAMEEMO Dataset\Database for Emotion Recognition System Based on EEG Signals and Various Computer Games - GAMEEMO\GAMEEMO\(S20)\Preprocessed EEG Data\.csv format\S20G3AllChannels.csv,12288,12544,False,False,False,0,False,True,235.000000,5704.850535
S20,G3,horror,C:\Users\Sumukh\Downloads\GAMEEMO Dataset\Database for Emotion Recognition System Based on EEG Signals and Various Computer Games - GAMEEMO\GAMEEMO\(S20)\Preprocessed EEG Data\.csv format\S20G3AllChannels.csv,12800,13056,False,False,False,0,False,True,202.418500,2767.738834
S20,G3,horror,C:\Users\Sumukh\Downloads\GAMEEMO Dataset\Database for Emotion Recognition System Based on EEG Signals and Various Computer Games - GAMEEMO\GAMEEMO\(S20)\Preprocessed EEG Data\.csv format\S20G3AllChannels.csv,13056,13312,False,False,False,0,False,True,180.861200,1980.735554
S20,G3,horror,C:\Users\Sumukh\Downloads\GAMEEMO Dataset\Database for Emotion Recognition System Based on EEG Signals and Various Computer Games - GAMEEMO\GAMEEMO\(S20)\Preprocessed EEG Data\.csv format\S20G3AllChannels.csv,13568,13824,False,False,False,0,False,True,195.449500,1746.421056
S20,G3,horror,C:\Users\Sumukh\Downloads\GAMEEMO Dataset\Database for Emotion Recognition System Based on EEG Signals and Various Computer Games - GAMEEMO\GAMEEMO\(S20)\Preprocessed EEG Data\.csv format\S20G3AllChannels.csv,13824,14080,False,False,False,0,False,True,177.206200,1520.770359
S20,G3,horror,C:\Users\Sumukh\Downloads\GAMEEMO Dataset\Database for Emotion Recognition System Based on EEG Signals and Various Computer Games - GAMEEMO\GAMEEMO\(S20)\Preprocessed EEG Data\.csv format\S20G3AllChannels.csv,14080,14336,False,False,False,0,False,True,176.524800,1538.820201
S20,G3,horror,C:\Users\Sumukh\Downloads\GAMEEMO Dataset\Database for Emotion Recognition System Based on EEG Signals and Various Computer Games - GAMEEMO\GAMEEMO\(S20)\Preprocessed EEG Data\.csv format\S20G3AllChannels.csv,14336,14592,False,False,False,0,False,True,208.054400,3496.193272
S20,G3,horror,C:\Users\Sumukh\Downloads\GAMEEMO Dataset\Database for Emotion Recognition System Based on EEG Signals and Various Computer Games - GAMEEMO\GAMEEMO\(S20)\Preprocessed EEG Data\.csv format\S20G3AllChannels.csv,14592,14848,False,False,False,0,False,True,198.923500,2390.662973
S20,G3,horror,C:\Users\Sumukh\Downloads\GAMEEMO Dataset\Database for Emotion Recognition System Based on EEG Signals and Various Computer Games - GAMEEMO\GAMEEMO\(S20)\Preprocessed EEG Data\.csv format\S20G3AllChannels.csv,14848,15104,False,False,False,0,False,True,175.818000,1323.681556
S20,G3,horror,C:\Users\Sumukh\Downloads\GAMEEMO Dataset\Database for Emotion Recognition System Based on EEG Signals and Various Computer Games - GAMEEMO\GAMEEMO\(S20)\Preprocessed EEG Data\.csv format\S20G3AllChannels.csv,15104,15360,False,False,False,0,False,True,203.560400,1604.953950
S20,G3,horror,C:\Users\Sumukh\Downloads\GAMEEMO Dataset\Database for Emotion Recognition System Based on EEG Signals and Various Computer Games - GAMEEMO\GAMEEMO\(S20)\Preprocessed EEG Data\.csv format\S20G3AllChannels.csv,15360,15616,False,False,False,0,False,True,201.220100,2603.874334
S20,G3,horror,C:\Users\Sumukh\Downloads\GAMEEMO Dataset\Database for Emotion Recognition System Based on EEG Signals and Various Computer Games - GAMEEMO\GAMEEMO\(S20)\Preprocessed EEG Data\.csv format\S20G3AllChannels.csv,15616,15872,False,False,False,0,False,True,164.094500,1697.321364
S20,G3,horror,C:\Users\Sumukh\Downloads\GAMEEMO Dataset\Database for Emotion Recognition System Based on EEG Signals and Various Computer Games - GAMEEMO\GAMEEMO\(S20)\Preprocessed EEG Data\.csv format\S20G3AllChannels.csv,15872,16128,False,False,False,0,False,True,154.821400,1630.928484
S20,G3,horror,C:\Users\Sumukh\Downloads\GAMEEMO Dataset\Database for Emotion Recognition System Based on EEG Signals and Various Computer Games - GAMEEMO\GAMEEMO\(S20)\Preprocessed EEG Data\.csv format\S20G3AllChannels.csv,16128,16384,False,False,False,0,False,True,174.559000,2141.470751
S20,G3,horror,C:\Users\Sumukh\Downloads\GAMEEMO Dataset\Database for Emotion Recognition System Based on EEG Signals and Various Computer Games - GAMEEMO\GAMEEMO\(S20)\Preprocessed EEG Data\.csv format\S20G3AllChannels.csv,17664,17920,False,False,False,0,False,True,233.366600,2009.677443
S20,G3,horror,C:\Users\Sumukh\Downloads\GAMEEMO Dataset\Database for Emotion Recognition System Based on EEG Signals and Various Computer Games - GAMEEMO\GAMEEMO\(S20)\Preprocessed EEG Data\.csv format\S20G3AllChannels.csv,17920,18176,False,False,False,0,False,True,234.323800,2631.195991
S20,G3,horror,C:\Users\Sumukh\Downloads\GAMEEMO Dataset\Database for Emotion Recognition System Based on EEG Signals and Various Computer Games - GAMEEMO\GAMEEMO\(S20)\Preprocessed EEG Data\.csv format\S20G3AllChannels.csv,18176,18432,False,False,False,0,False,True,223.685000,6017.846095
S20,G3,horror,C:\Users\Sumukh\Downloads\GAMEEMO Dataset\Database for Emotion Recognition System Based on EEG Signals and Various Computer Games - GAMEEMO\GAMEEMO\(S20)\Preprocessed EEG Data\.csv format\S20G3AllChannels.csv,18432,18688,False,False,False,0,False,True,221.301900,3141.456900
S20,G3,horror,C:\Users\Sumukh\Downloads\GAMEEMO Dataset\Database for Emotion Recognition System Based on EEG Signals and Various Computer Games - GAMEEMO\GAMEEMO\(S20)\Preprocessed EEG Data\.csv format\S20G3AllChannels.csv,18688,18944,False,False,False,0,False,True,186.213500,1654.833453
S20,G3,horror,C:\Users\Sumukh\Downloads\GAMEEMO Dataset\Database for Emotion Recognition System Based on EEG Signals and Various Computer Games - GAMEEMO\GAMEEMO\(S20)\Preprocessed EEG Data\.csv format\S20G3AllChannels.csv,18944,19200,False,False,False,0,False,True,192.512200,1841.924635
S20,G3,horror,C:\Users\Sumukh\Downloads\GAMEEMO Dataset\Database for Emotion Recognition System Based on EEG Signals and Various Computer Games - GAMEEMO\GAMEEMO\(S20)\Preprocessed EEG Data\.csv format\S20G3AllChannels.csv,19200,19456,False,False,False,0,False,True,174.406300,1399.691102
S20,G3,horror,C:\Users\Sumukh\Downloads\GAMEEMO Dataset\Database for Emotion Recognition System Based on EEG Signals and Various Computer Games - GAMEEMO\GAMEEMO\(S20)\Preprocessed EEG Data\.csv format\S20G3AllChannels.csv,19456,19712,False,False,False,0,False,True,223.760100,2273.133629
S20,G3,horror,C:\Users\Sumukh\Downloads\GAMEEMO Dataset\Database for Emotion Recognition System Based on EEG Signals and Various Computer Games - GAMEEMO\GAMEEMO\(S20)\Preprocessed EEG Data\.csv format\S20G3AllChannels.csv,19712,19968,False,False,False,0,False,True,206.221600,3372.435203
S20,G3,horror,C:\Users\Sumukh\Downloads\GAMEEMO Dataset\Database for Emotion Recognition System Based on EEG Signals and Various Computer Games - GAMEEMO\GAMEEMO\(S20)\Preprocessed EEG Data\.csv format\S20G3AllChannels.csv,19968,20224,False,False,False,0,False,True,212.120400,1277.037558
S20,G3,horror,C:\Users\Sumukh\Downloads\GAMEEMO Dataset\Database for Emotion Recognition System Based on EEG Signals and Various Computer Games - GAMEEMO\GAMEEMO\(S20)\Preprocessed EEG Data\.csv format\S20G3AllChannels.csv,20224,20480,False,False,False,0,False,True,234.266700,5837.960317
S20,G3,horror,C:\Users\Sumukh\Downloads\GAMEEMO Dataset\Database for Emotion Recognition System Based on EEG Signals and Various Computer Games - GAMEEMO\GAMEEMO\(S20)\Preprocessed EEG Data\.csv format\S20G3AllChannels.csv,20480,20736,False,False,False,0,False,True,231.473900,1822.046468
S20,G3,horror,C:\Users\Sumukh\Downloads\GAMEEMO Dataset\Database for Emotion Recognition System Based on EEG Signals and Various Computer Games - GAMEEMO\GAMEEMO\(S20)\Preprocessed EEG Data\.csv format\S20G3AllChannels.csv,20736,20992,False,False,False,0,False,True,220.292200,1642.458519
S20,G3,horror,C:\Users\Sumukh\Downloads\GAMEEMO Dataset\Database for Emotion Recognition System Based on EEG Signals and Various Computer Games - GAMEEMO\GAMEEMO\(S20)\Preprocessed EEG Data\.csv format\S20G3AllChannels.csv,21504,21760,False,False,False,0,False,True,223.691000,1743.006289
S20,G3,horror,C:\Users\Sumukh\Downloads\GAMEEMO Dataset\Database for Emotion Recognition System Based on EEG Signals and Various Computer Games - GAMEEMO\GAMEEMO\(S20)\Preprocessed EEG Data\.csv format\S20G3AllChannels.csv,21760,22016,False,False,False,0,False,True,188.560900,2361.926610
S20,G3,horror,C:\Users\Sumukh\Downloads\GAMEEMO Dataset\Database for Emotion Recognition System Based on EEG Signals and Various Computer Games - GAMEEMO\GAMEEMO\(S20)\Preprocessed EEG Data\.csv format\S20G3AllChannels.csv,22272,22528,False,False,False,0,False,True,230.751000,4063.773778
S20,G3,horror,C:\Users\Sumukh\Downloads\GAMEEMO Dataset\Database for Emotion Recognition System Based on EEG Signals and Various Computer Games - GAMEEMO\GAMEEMO\(S20)\Preprocessed EEG Data\.csv format\S20G3AllChannels.csv,22528,22784,False,False,False,0,False,True,203.965100,1783.353895
S20,G3,horror,C:\Users\Sumukh\Downloads\GAMEEMO Dataset\Database for Emotion Recognition System Based on EEG Signals and Various Computer Games - GAMEEMO\GAMEEMO\(S20)\Preprocessed EEG Data\.csv format\S20G3AllChannels.csv,23296,23552,False,False,False,0,False,True,221.490100,1562.383248
S20,G3,horror,C:\Users\Sumukh\Downloads\GAMEEMO Dataset\Database for Emotion Recognition System Based on EEG Signals and Various Computer Games - GAMEEMO\GAMEEMO\(S20)\Preprocessed EEG Data\.csv format\S20G3AllChannels.csv,23552,23808,False,False,False,0,False,True,231.832200,4263.659941
S20,G3,horror,C:\Users\Sumukh\Downloads\GAMEEMO Dataset\Database for Emotion Recognition System Based on EEG Signals and Various Computer Games - GAMEEMO\GAMEEMO\(S20)\Preprocessed EEG Data\.csv format\S20G3AllChannels.csv,23808,24064,False,False,False,0,False,True,232.448700,1717.164703
S20,G3,horror,C:\Users\Sumukh\Downloads\GAMEEMO Dataset\Database for Emotion Recognition System Based on EEG Signals and Various Computer Games - GAMEEMO\GAMEEMO\(S20)\Preprocessed EEG Data\.csv format\S20G3AllChannels.csv,24064,24320,False,False,False,0,False,True,180.025300,1480.653435
S20,G3,horror,C:\Users\Sumukh\Downloads\GAMEEMO Dataset\Database for Emotion Recognition System Based on EEG Signals and Various Computer Games - GAMEEMO\GAMEEMO\(S20)\Preprocessed EEG Data\.csv format\S20G3AllChannels.csv,24320,24576,False,False,False,0,False,True,217.842200,2873.457006
S20,G3,horror,C:\Users\Sumukh\Downloads\GAMEEMO Dataset\Database for Emotion Recognition System Based on EEG Signals and Various Computer Games - GAMEEMO\GAMEEMO\(S20)\Preprocessed EEG Data\.csv format\S20G3AllChannels.csv,24832,25088,False,False,False,0,False,True,228.492000,1272.380537
S20,G3,horror,C:\Users\Sumukh\Downloads\GAMEEMO Dataset\Database for Emotion Recognition System Based on EEG Signals and Various Computer Games - GAMEEMO\GAMEEMO\(S20)\Preprocessed EEG Data\.csv format\S20G3AllChannels.csv,25088,25344,False,False,False,0,False,True,181.232700,1449.861507
S20,G3,horror,C:\Users\Sumukh\Downloads\GAMEEMO Dataset\Database for Emotion Recognition System Based on EEG Signals and Various Computer Games - GAMEEMO\GAMEEMO\(S20)\Preprocessed EEG Data\.csv format\S20G3AllChannels.csv,25600,25856,False,False,False,0,False,True,189.222000,2318.608002
S20,G3,horror,C:\Users\Sumukh\Downloads\GAMEEMO Dataset\Database for Emotion Recognition System Based on EEG Signals and Various Computer Games - GAMEEMO\GAMEEMO\(S20)\Preprocessed EEG Data\.csv format\S20G3AllChannels.csv,26368,26624,False,False,False,0,False,True,183.537000,1885.142424
S20,G3,horror,C:\Users\Sumukh\Downloads\GAMEEMO Dataset\Database for Emotion Recognition System Based on EEG Signals and Various Computer Games - GAMEEMO\GAMEEMO\(S20)\Preprocessed EEG Data\.csv format\S20G3AllChannels.csv,26880,27136,False,False,False,0,False,True,179.841700,1381.164466
S20,G3,horror,C:\Users\Sumukh\Downloads\GAMEEMO Dataset\Database for Emotion Recognition System Based on EEG Signals and Various Computer Games - GAMEEMO\GAMEEMO\(S20)\Preprocessed EEG Data\.csv format\S20G3AllChannels.csv,27136,27392,False,False,False,0,False,True,204.331400,1669.754257
S20,G3,horror,C:\Users\Sumukh\Downloads\GAMEEMO Dataset\Database for Emotion Recognition System Based on EEG Signals and Various Computer Games - GAMEEMO\GAMEEMO\(S20)\Preprocessed EEG Data\.csv format\S20G3AllChannels.csv,27648,27904,False,False,False,0,False,True,172.233800,1639.997476
S20,G3,horror,C:\Users\Sumukh\Downloads\GAMEEMO Dataset\Database for Emotion Recognition System Based on EEG Signals and Various Computer Games - GAMEEMO\GAMEEMO\(S20)\Preprocessed EEG Data\.csv format\S20G3AllChannels.csv,27904,28160,False,False,False,0,False,True,200.487000,1566.026487
S20,G3,horror,C:\Users\Sumukh\Downloads\GAMEEMO Dataset\Database for Emotion Recognition System Based on EEG Signals and Various Computer Games - GAMEEMO\GAMEEMO\(S20)\Preprocessed EEG Data\.csv format\S20G3AllChannels.csv,28416,28672,False,False,False,0,False,True,220.708500,2053.843584
S20,G3,horror,C:\Users\Sumukh\Downloads\GAMEEMO Dataset\Database for Emotion Recognition System Based on EEG Signals and Various Computer Games - GAMEEMO\GAMEEMO\(S20)\Preprocessed EEG Data\.csv format\S20G3AllChannels.csv,28672,28928,False,False,False,0,False,True,229.091000,2733.327076
S20,G3,horror,C:\Users\Sumukh\Downloads\GAMEEMO Dataset\Database for Emotion Recognition System Based on EEG Signals and Various Computer Games - GAMEEMO\GAMEEMO\(S20)\Preprocessed EEG Data\.csv format\S20G3AllChannels.csv,29952,30208,False,False,False,0,False,True,232.133800,3293.375582
S20,G3,horror,C:\Users\Sumukh\Downloads\GAMEEMO Dataset\Database for Emotion Recognition System Based on EEG Signals and Various Computer Games - GAMEEMO\GAMEEMO\(S20)\Preprocessed EEG Data\.csv format\S20G3AllChannels.csv,35840,36096,False,False,False,0,False,True,197.562000,1832.682280
S20,G3,horror,C:\Users\Sumukh\Downloads\GAMEEMO Dataset\Database for Emotion Recognition System Based on EEG Signals and Various Computer Games - GAMEEMO\GAMEEMO\(S20)\Preprocessed EEG Data\.csv format\S20G3AllChannels.csv,36096,36352,False,False,False,0,False,True,190.786200,1430.916976
S20,G3,horror,C:\Users\Sumukh\Downloads\GAMEEMO Dataset\Database for Emotion Recognition System Based on EEG Signals and Various Computer Games - GAMEEMO\GAMEEMO\(S20)\Preprocessed EEG Data\.csv format\S20G3AllChannels.csv,36352,36608,False,False,False,0,False,True,169.643100,1308.302045
S20,G3,horror,C:\Users\Sumukh\Downloads\GAMEEMO Dataset\Database for Emotion Recognition System Based on EEG Signals and Various Computer Games - GAMEEMO\GAMEEMO\(S20)\Preprocessed EEG Data\.csv format\S20G3AllChannels.csv,36864,37120,False,False,False,0,False,True,223.176900,1441.705947
S20,G3,horror,C:\Users\Sumukh\Downloads\GAMEEMO Dataset\Database for Emotion Recognition System Based on EEG Signals and Various Computer Games - GAMEEMO\GAMEEMO\(S20)\Preprocessed EEG Data\.csv format\S20G3AllChannels.csv,37120,37376,False,False,False,0,False,True,157.699500,1435.155657
S20,G3,horror,C:\Users\Sumukh\Downloads\GAMEEMO Dataset\Database for Emotion Recognition System Based on EEG Signals and Various Computer Games - GAMEEMO\GAMEEMO\(S20)\Preprocessed EEG Data\.csv format\S20G3AllChannels.csv,37376,37632,False,False,False,0,False,True,164.841200,1665.514868
S20,G4,funny,C:\Users\Sumukh\Downloads\GAMEEMO Dataset\Database for Emotion Recognition System Based on EEG Signals and Various Computer Games - GAMEEMO\GAMEEMO\(S20)\Preprocessed EEG Data\.csv format\S20G4AllChannels.csv,4608,4864,False,False,False,0,False,True,169.899000,1275.037522
S20,G4,funny,C:\Users\Sumukh\Downloads\GAMEEMO Dataset\Database for Emotion Recognition System Based on EEG Signals and Various Computer Games - GAMEEMO\GAMEEMO\(S20)\Preprocessed EEG Data\.csv format\S20G4AllChannels.csv,17152,17408,False,False,False,0,False,True,202.606800,1324.937547
S20,G4,funny,C:\Users\Sumukh\Downloads\GAMEEMO Dataset\Database for Emotion Recognition System Based on EEG Signals and Various Computer Games - GAMEEMO\GAMEEMO\(S20)\Preprocessed EEG Data\.csv format\S20G4AllChannels.csv,17920,18176,False,False,False,0,False,True,205.330300,1265.590126
S20,G4,funny,C:\Users\Sumukh\Downloads\GAMEEMO Dataset\Database for Emotion Recognition System Based on EEG Signals and Various Computer Games - GAMEEMO\GAMEEMO\(S20)\Preprocessed EEG Data\.csv format\S20G4AllChannels.csv,18432,18688,False,False,False,0,False,True,210.636200,2082.277871
S20,G4,funny,C:\Users\Sumukh\Downloads\GAMEEMO Dataset\Database for Emotion Recognition System Based on EEG Signals and Various Computer Games - GAMEEMO\GAMEEMO\(S20)\Preprocessed EEG Data\.csv format\S20G4AllChannels.csv,18688,18944,False,False,False,0,False,True,162.243500,1434.333290
S20,G4,funny,C:\Users\Sumukh\Downloads\GAMEEMO Dataset\Database for Emotion Recognition System Based on EEG Signals and Various Computer Games - GAMEEMO\GAMEEMO\(S20)\Preprocessed EEG Data\.csv format\S20G4AllChannels.csv,19200,19456,False,False,False,0,False,True,142.123000,1440.528995
S20,G4,funny,C:\Users\Sumukh\Downloads\GAMEEMO Dataset\Database for Emotion Recognition System Based on EEG Signals and Various Computer Games - GAMEEMO\GAMEEMO\(S20)\Preprocessed EEG Data\.csv format\S20G4AllChannels.csv,20736,20992,False,False,False,0,False,True,230.940500,4461.466046
S20,G4,funny,C:\Users\Sumukh\Downloads\GAMEEMO Dataset\Database for Emotion Recognition System Based on EEG Signals and Various Computer Games - GAMEEMO\GAMEEMO\(S20)\Preprocessed EEG Data\.csv format\S20G4AllChannels.csv,20992,21248,False,False,False,0,False,True,202.984000,1742.706017
S20,G4,funny,C:\Users\Sumukh\Downloads\GAMEEMO Dataset\Database for Emotion Recognition System Based on EEG Signals and Various Computer Games - GAMEEMO\GAMEEMO\(S20)\Preprocessed EEG Data\.csv format\S20G4AllChannels.csv,21504,21760,False,False,False,0,False,True,199.125000,1788.428919
S20,G4,funny,C:\Users\Sumukh\Downloads\GAMEEMO Dataset\Database for Emotion Recognition System Based on EEG Signals and Various Computer Games - GAMEEMO\GAMEEMO\(S20)\Preprocessed EEG Data\.csv format\S20G4AllChannels.csv,22528,22784,False,False,False,0,False,True,227.909100,3543.431365
S20,G4,funny,C:\Users\Sumukh\Downloads\GAMEEMO Dataset\Database for Emotion Recognition System Based on EEG Signals and Various Computer Games - GAMEEMO\GAMEEMO\(S20)\Preprocessed EEG Data\.csv format\S20G4AllChannels.csv,23296,23552,False,False,False,0,False,True,209.355500,2243.317150
S20,G4,funny,C:\Users\Sumukh\Downloads\GAMEEMO Dataset\Database for Emotion Recognition System Based on EEG Signals and Various Computer Games - GAMEEMO\GAMEEMO\(S20)\Preprocessed EEG Data\.csv format\S20G4AllChannels.csv,23808,24064,False,False,False,0,False,True,222.162700,2042.549599
S20,G4,funny,C:\Users\Sumukh\Downloads\GAMEEMO Dataset\Database for Emotion Recognition System Based on EEG Signals and Various Computer Games - GAMEEMO\GAMEEMO\(S20)\Preprocessed EEG Data\.csv format\S20G4AllChannels.csv,24064,24320,False,False,False,0,False,True,214.389400,2204.206349
S20,G4,funny,C:\Users\Sumukh\Downloads\GAMEEMO Dataset\Database for Emotion Recognition System Based on EEG Signals and Various Computer Games - GAMEEMO\GAMEEMO\(S20)\Preprocessed EEG Data\.csv format\S20G4AllChannels.csv,24832,25088,False,False,False,0,False,True,224.166500,1811.855759
S20,G4,funny,C:\Users\Sumukh\Downloads\GAMEEMO Dataset\Database for Emotion Recognition System Based on EEG Signals and Various Computer Games - GAMEEMO\GAMEEMO\(S20)\Preprocessed EEG Data\.csv format\S20G4AllChannels.csv,25088,25344,False,False,False,0,False,True,189.278600,1478.801197
S20,G4,funny,C:\Users\Sumukh\Downloads\GAMEEMO Dataset\Database for Emotion Recognition System Based on EEG Signals and Various Computer Games - GAMEEMO\GAMEEMO\(S20)\Preprocessed EEG Data\.csv format\S20G4AllChannels.csv,25600,25856,False,False,False,0,False,True,195.378400,2123.265362
S20,G4,funny,C:\Users\Sumukh\Downloads\GAMEEMO Dataset\Database for Emotion Recognition System Based on EEG Signals and Various Computer Games - GAMEEMO\GAMEEMO\(S20)\Preprocessed EEG Data\.csv format\S20G4AllChannels.csv,25856,26112,False,False,False,0,False,True,204.060900,2158.013260
S20,G4,funny,C:\Users\Sumukh\Downloads\GAMEEMO Dataset\Database for Emotion Recognition System Based on EEG Signals and Various Computer Games - GAMEEMO\GAMEEMO\(S20)\Preprocessed EEG Data\.csv format\S20G4AllChannels.csv,26112,26368,False,False,False,0,False,True,227.727800,2645.266281
S20,G4,funny,C:\Users\Sumukh\Downloads\GAMEEMO Dataset\Database for Emotion Recognition System Based on EEG Signals and Various Computer Games - GAMEEMO\GAMEEMO\(S20)\Preprocessed EEG Data\.csv format\S20G4AllChannels.csv,26368,26624,False,False,False,0,False,True,198.506300,3148.623658
S20,G4,funny,C:\Users\Sumukh\Downloads\GAMEEMO Dataset\Database for Emotion Recognition System Based on EEG Signals and Various Computer Games - GAMEEMO\GAMEEMO\(S20)\Preprocessed EEG Data\.csv format\S20G4AllChannels.csv,26880,27136,False,False,False,0,False,True,176.940800,1473.505814
S20,G4,funny,C:\Users\Sumukh\Downloads\GAMEEMO Dataset\Database for Emotion Recognition System Based on EEG Signals and Various Computer Games - GAMEEMO\GAMEEMO\(S20)\Preprocessed EEG Data\.csv format\S20G4AllChannels.csv,27904,28160,False,False,False,0,False,True,206.163700,2674.432176
S20,G4,funny,C:\Users\Sumukh\Downloads\GAMEEMO Dataset\Database for Emotion Recognition System Based on EEG Signals and Various Computer Games - GAMEEMO\GAMEEMO\(S20)\Preprocessed EEG Data\.csv format\S20G4AllChannels.csv,28160,28416,False,False,False,0,False,True,228.320600,3199.612064
S20,G4,funny,C:\Users\Sumukh\Downloads\GAMEEMO Dataset\Database for Emotion Recognition System Based on EEG Signals and Various Computer Games - GAMEEMO\GAMEEMO\(S20)\Preprocessed EEG Data\.csv format\S20G4AllChannels.csv,28672,28928,False,False,False,0,False,True,208.107900,2487.054888
S20,G4,funny,C:\Users\Sumukh\Downloads\GAMEEMO Dataset\Database for Emotion Recognition System Based on EEG Signals and Various Computer Games - GAMEEMO\GAMEEMO\(S20)\Preprocessed EEG Data\.csv format\S20G4AllChannels.csv,29440,29696,False,False,False,0,False,True,197.809600,1997.681019
S20,G4,funny,C:\Users\Sumukh\Downloads\GAMEEMO Dataset\Database for Emotion Recognition System Based on EEG Signals and Various Computer Games - GAMEEMO\GAMEEMO\(S20)\Preprocessed EEG Data\.csv format\S20G4AllChannels.csv,29696,29952,False,False,False,0,False,True,213.388200,2497.913075
S20,G4,funny,C:\Users\Sumukh\Downloads\GAMEEMO Dataset\Database for Emotion Recognition System Based on EEG Signals and Various Computer Games - GAMEEMO\GAMEEMO\(S20)\Preprocessed EEG Data\.csv format\S20G4AllChannels.csv,30976,31232,False,False,False,0,False,True,121.960600,1347.163757
S20,G4,funny,C:\Users\Sumukh\Downloads\GAMEEMO Dataset\Database for Emotion Recognition System Based on EEG Signals and Various Computer Games - GAMEEMO\GAMEEMO\(S20)\Preprocessed EEG Data\.csv format\S20G4AllChannels.csv,31488,31744,False,False,False,0,False,True,232.653300,1498.392086
S20,G4,funny,C:\Users\Sumukh\Downloads\GAMEEMO Dataset\Database for Emotion Recognition System Based on EEG Signals and Various Computer Games - GAMEEMO\GAMEEMO\(S20)\Preprocessed EEG Data\.csv format\S20G4AllChannels.csv,32000,32256,False,False,False,0,False,True,234.996900,4775.177586
S20,G4,funny,C:\Users\Sumukh\Downloads\GAMEEMO Dataset\Database for Emotion Recognition System Based on EEG Signals and Various Computer Games - GAMEEMO\GAMEEMO\(S20)\Preprocessed EEG Data\.csv format\S20G4AllChannels.csv,32256,32512,False,False,False,0,False,True,234.999400,4759.313209
S20,G4,funny,C:\Users\Sumukh\Downloads\GAMEEMO Dataset\Database for Emotion Recognition System Based on EEG Signals and Various Computer Games - GAMEEMO\GAMEEMO\(S20)\Preprocessed EEG Data\.csv format\S20G4AllChannels.csv,33024,33280,False,False,False,0,False,True,228.932400,3363.418406
S20,G4,funny,C:\Users\Sumukh\Downloads\GAMEEMO Dataset\Database for Emotion Recognition System Based on EEG Signals and Various Computer Games - GAMEEMO\GAMEEMO\(S20)\Preprocessed EEG Data\.csv format\S20G4AllChannels.csv,34304,34560,False,False,False,0,False,True,220.365100,4024.134959
S20,G4,funny,C:\Users\Sumukh\Downloads\GAMEEMO Dataset\Database for Emotion Recognition System Based on EEG Signals and Various Computer Games - GAMEEMO\GAMEEMO\(S20)\Preprocessed EEG Data\.csv format\S20G4AllChannels.csv,36352,36608,False,False,False,0,False,True,201.133900,2439.223071
S20,G4,funny,C:\Users\Sumukh\Downloads\GAMEEMO Dataset\Database for Emotion Recognition System Based on EEG Signals and Various Computer Games - GAMEEMO\GAMEEMO\(S20)\Preprocessed EEG Data\.csv format\S20G4AllChannels.csv,36608,36864,False,False,False,0,False,True,179.674000,2201.295352
S21,G1,boring,C:\Users\Sumukh\Downloads\GAMEEMO Dataset\Database for Emotion Recognition System Based on EEG Signals and Various Computer Games - GAMEEMO\GAMEEMO\(S21)\Preprocessed EEG Data\.csv format\S21G1AllChannels.csv,768,1024,False,False,False,0,False,True,180.874000,2391.909175
S21,G1,boring,C:\Users\Sumukh\Downloads\GAMEEMO Dataset\Database for Emotion Recognition System Based on EEG Signals and Various Computer Games - GAMEEMO\GAMEEMO\(S21)\Preprocessed EEG Data\.csv format\S21G1AllChannels.csv,2048,2304,False,False,False,0,False,True,197.102300,1674.659711
S21,G1,boring,C:\Users\Sumukh\Downloads\GAMEEMO Dataset\Database for Emotion Recognition System Based on EEG Signals and Various Computer Games - GAMEEMO\GAMEEMO\(S21)\Preprocessed EEG Data\.csv format\S21G1AllChannels.csv,2304,2560,False,False,False,0,False,True,213.767900,1964.495438
S21,G1,boring,C:\Users\Sumukh\Downloads\GAMEEMO Dataset\Database for Emotion Recognition System Based on EEG Signals and Various Computer Games - GAMEEMO\GAMEEMO\(S21)\Preprocessed EEG Data\.csv format\S21G1AllChannels.csv,6144,6400,False,False,False,0,False,True,199.883800,2362.276340
S21,G1,boring,C:\Users\Sumukh\Downloads\GAMEEMO Dataset\Database for Emotion Recognition System Based on EEG Signals and Various Computer Games - GAMEEMO\GAMEEMO\(S21)\Preprocessed EEG Data\.csv format\S21G1AllChannels.csv,6400,6656,False,False,False,0,False,True,131.160200,1332.165702
S21,G1,boring,C:\Users\Sumukh\Downloads\GAMEEMO Dataset\Database for Emotion Recognition System Based on EEG Signals and Various Computer Games - GAMEEMO\GAMEEMO\(S21)\Preprocessed EEG Data\.csv format\S21G1AllChannels.csv,6656,6912,False,False,False,0,False,True,194.603400,1805.096961
S21,G1,boring,C:\Users\Sumukh\Downloads\GAMEEMO Dataset\Database for Emotion Recognition System Based on EEG Signals and Various Computer Games - GAMEEMO\GAMEEMO\(S21)\Preprocessed EEG Data\.csv format\S21G1AllChannels.csv,6912,7168,False,False,False,0,False,True,204.875000,1899.402921
S21,G1,boring,C:\Users\Sumukh\Downloads\GAMEEMO Dataset\Database for Emotion Recognition System Based on EEG Signals and Various Computer Games - GAMEEMO\GAMEEMO\(S21)\Preprocessed EEG Data\.csv format\S21G1AllChannels.csv,7168,7424,False,False,False,0,False,True,161.011300,1744.435930
S21,G1,boring,C:\Users\Sumukh\Downloads\GAMEEMO Dataset\Database for Emotion Recognition System Based on EEG Signals and Various Computer Games - GAMEEMO\GAMEEMO\(S21)\Preprocessed EEG Data\.csv format\S21G1AllChannels.csv,7424,7680,False,False,False,0,False,True,184.805400,1880.300500
S21,G1,boring,C:\Users\Sumukh\Downloads\GAMEEMO Dataset\Database for Emotion Recognition System Based on EEG Signals and Various Computer Games - GAMEEMO\GAMEEMO\(S21)\Preprocessed EEG Data\.csv format\S21G1AllChannels.csv,8448,8704,False,False,False,0,False,True,186.249200,1458.195613
S21,G1,boring,C:\Users\Sumukh\Downloads\GAMEEMO Dataset\Database for Emotion Recognition System Based on EEG Signals and Various Computer Games - GAMEEMO\GAMEEMO\(S21)\Preprocessed EEG Data\.csv format\S21G1AllChannels.csv,9216,9472,False,False,False,0,False,True,210.732800,2406.797783
S21,G1,boring,C:\Users\Sumukh\Downloads\GAMEEMO Dataset\Database for Emotion Recognition System Based on EEG Signals and Various Computer Games - GAMEEMO\GAMEEMO\(S21)\Preprocessed EEG Data\.csv format\S21G1AllChannels.csv,9984,10240,False,False,False,0,False,True,225.737700,2371.496213
S21,G1,boring,C:\Users\Sumukh\Downloads\GAMEEMO Dataset\Database for Emotion Recognition System Based on EEG Signals and Various Computer Games - GAMEEMO\GAMEEMO\(S21)\Preprocessed EEG Data\.csv format\S21G1AllChannels.csv,10496,10752,False,False,False,0,False,True,173.442900,1769.266146
S21,G1,boring,C:\Users\Sumukh\Downloads\GAMEEMO Dataset\Database for Emotion Recognition System Based on EEG Signals and Various Computer Games - GAMEEMO\GAMEEMO\(S21)\Preprocessed EEG Data\.csv format\S21G1AllChannels.csv,10752,11008,False,False,False,0,False,True,161.292600,2248.619714
S21,G1,boring,C:\Users\Sumukh\Downloads\GAMEEMO Dataset\Database for Emotion Recognition System Based on EEG Signals and Various Computer Games - GAMEEMO\GAMEEMO\(S21)\Preprocessed EEG Data\.csv format\S21G1AllChannels.csv,11008,11264,False,False,False,0,False,True,203.594000,2239.222343
S21,G1,boring,C:\Users\Sumukh\Downloads\GAMEEMO Dataset\Database for Emotion Recognition System Based on EEG Signals and Various Computer Games - GAMEEMO\GAMEEMO\(S21)\Preprocessed EEG Data\.csv format\S21G1AllChannels.csv,11264,11520,False,False,False,0,False,True,234.104500,5107.152612
S21,G1,boring,C:\Users\Sumukh\Downloads\GAMEEMO Dataset\Database for Emotion Recognition System Based on EEG Signals and Various Computer Games - GAMEEMO\GAMEEMO\(S21)\Preprocessed EEG Data\.csv format\S21G1AllChannels.csv,11520,11776,False,False,False,0,False,True,183.126900,2054.535215
S21,G1,boring,C:\Users\Sumukh\Downloads\GAMEEMO Dataset\Database for Emotion Recognition System Based on EEG Signals and Various Computer Games - GAMEEMO\GAMEEMO\(S21)\Preprocessed EEG Data\.csv format\S21G1AllChannels.csv,11776,12032,False,False,False,0,False,True,147.579300,1352.947117
S21,G1,boring,C:\Users\Sumukh\Downloads\GAMEEMO Dataset\Database for Emotion Recognition System Based on EEG Signals and Various Computer Games - GAMEEMO\GAMEEMO\(S21)\Preprocessed EEG Data\.csv format\S21G1AllChannels.csv,12288,12544,False,False,False,0,False,True,194.581900,2865.299221
S21,G1,boring,C:\Users\Sumukh\Downloads\GAMEEMO Dataset\Database for Emotion Recognition System Based on EEG Signals and Various Computer Games - GAMEEMO\GAMEEMO\(S21)\Preprocessed EEG Data\.csv format\S21G1AllChannels.csv,14336,14592,False,False,False,0,False,True,178.828200,1489.075435
S21,G1,boring,C:\Users\Sumukh\Downloads\GAMEEMO Dataset\Database for Emotion Recognition System Based on EEG Signals and Various Computer Games - GAMEEMO\GAMEEMO\(S21)\Preprocessed EEG Data\.csv format\S21G1AllChannels.csv,14592,14848,False,False,False,0,False,True,195.422300,2404.356536
S21,G1,boring,C:\Users\Sumukh\Downloads\GAMEEMO Dataset\Database for Emotion Recognition System Based on EEG Signals and Various Computer Games - GAMEEMO\GAMEEMO\(S21)\Preprocessed EEG Data\.csv format\S21G1AllChannels.csv,18688,18944,False,False,False,0,False,True,198.475600,1935.140842
S21,G1,boring,C:\Users\Sumukh\Downloads\GAMEEMO Dataset\Database for Emotion Recognition System Based on EEG Signals and Various Computer Games - GAMEEMO\GAMEEMO\(S21)\Preprocessed EEG Data\.csv format\S21G1AllChannels.csv,18944,19200,False,False,False,0,False,True,174.767600,2045.183771
S21,G1,boring,C:\Users\Sumukh\Downloads\GAMEEMO Dataset\Database for Emotion Recognition System Based on EEG Signals and Various Computer Games - GAMEEMO\GAMEEMO\(S21)\Preprocessed EEG Data\.csv format\S21G1AllChannels.csv,19712,19968,False,False,False,0,False,True,179.173100,2497.148673
S21,G1,boring,C:\Users\Sumukh\Downloads\GAMEEMO Dataset\Database for Emotion Recognition System Based on EEG Signals and Various Computer Games - GAMEEMO\GAMEEMO\(S21)\Preprocessed EEG Data\.csv format\S21G1AllChannels.csv,20992,21248,False,False,False,0,False,True,170.109300,2083.736717
S21,G1,boring,C:\Users\Sumukh\Downloads\GAMEEMO Dataset\Database for Emotion Recognition System Based on EEG Signals and Various Computer Games - GAMEEMO\GAMEEMO\(S21)\Preprocessed EEG Data\.csv format\S21G1AllChannels.csv,21248,21504,False,False,False,0,False,True,136.393900,1709.978886
S21,G1,boring,C:\Users\Sumukh\Downloads\GAMEEMO Dataset\Database for Emotion Recognition System Based on EEG Signals and Various Computer Games - GAMEEMO\GAMEEMO\(S21)\Preprocessed EEG Data\.csv format\S21G1AllChannels.csv,22016,22272,False,False,False,0,False,True,196.402800,1379.118440
S21,G1,boring,C:\Users\Sumukh\Downloads\GAMEEMO Dataset\Database for Emotion Recognition System Based on EEG Signals and Various Computer Games - GAMEEMO\GAMEEMO\(S21)\Preprocessed EEG Data\.csv format\S21G1AllChannels.csv,22272,22528,False,False,False,0,False,True,152.739300,1480.870001
S21,G1,boring,C:\Users\Sumukh\Downloads\GAMEEMO Dataset\Database for Emotion Recognition System Based on EEG Signals and Various Computer Games - GAMEEMO\GAMEEMO\(S21)\Preprocessed EEG Data\.csv format\S21G1AllChannels.csv,22528,22784,False,False,False,0,False,True,205.148900,1492.220652
S21,G1,boring,C:\Users\Sumukh\Downloads\GAMEEMO Dataset\Database for Emotion Recognition System Based on EEG Signals and Various Computer Games - GAMEEMO\GAMEEMO\(S21)\Preprocessed EEG Data\.csv format\S21G1AllChannels.csv,22784,23040,False,False,False,0,False,True,158.216800,1895.125994
S21,G1,boring,C:\Users\Sumukh\Downloads\GAMEEMO Dataset\Database for Emotion Recognition System Based on EEG Signals and Various Computer Games - GAMEEMO\GAMEEMO\(S21)\Preprocessed EEG Data\.csv format\S21G1AllChannels.csv,23808,24064,False,False,False,0,False,True,199.018400,2682.207958
S21,G1,boring,C:\Users\Sumukh\Downloads\GAMEEMO Dataset\Database for Emotion Recognition System Based on EEG Signals and Various Computer Games - GAMEEMO\GAMEEMO\(S21)\Preprocessed EEG Data\.csv format\S21G1AllChannels.csv,24064,24320,False,False,False,0,False,True,142.543100,1706.681026
S21,G1,boring,C:\Users\Sumukh\Downloads\GAMEEMO Dataset\Database for Emotion Recognition System Based on EEG Signals and Various Computer Games - GAMEEMO\GAMEEMO\(S21)\Preprocessed EEG Data\.csv format\S21G1AllChannels.csv,24320,24576,False,False,False,0,False,True,159.201700,1420.891804
S21,G1,boring,C:\Users\Sumukh\Downloads\GAMEEMO Dataset\Database for Emotion Recognition System Based on EEG Signals and Various Computer Games - GAMEEMO\GAMEEMO\(S21)\Preprocessed EEG Data\.csv format\S21G1AllChannels.csv,26112,26368,False,False,False,0,False,True,193.619200,1444.091349
S21,G1,boring,C:\Users\Sumukh\Downloads\GAMEEMO Dataset\Database for Emotion Recognition System Based on EEG Signals and Various Computer Games - GAMEEMO\GAMEEMO\(S21)\Preprocessed EEG Data\.csv format\S21G1AllChannels.csv,26368,26624,False,False,False,0,False,True,164.597100,1315.582683
S21,G1,boring,C:\Users\Sumukh\Downloads\GAMEEMO Dataset\Database for Emotion Recognition System Based on EEG Signals and Various Computer Games - GAMEEMO\GAMEEMO\(S21)\Preprocessed EEG Data\.csv format\S21G1AllChannels.csv,26624,26880,False,False,False,0,False,True,176.279800,1574.928685
S21,G1,boring,C:\Users\Sumukh\Downloads\GAMEEMO Dataset\Database for Emotion Recognition System Based on EEG Signals and Various Computer Games - GAMEEMO\GAMEEMO\(S21)\Preprocessed EEG Data\.csv format\S21G1AllChannels.csv,26880,27136,False,False,False,0,False,True,150.896600,1481.321679
S21,G1,boring,C:\Users\Sumukh\Downloads\GAMEEMO Dataset\Database for Emotion Recognition System Based on EEG Signals and Various Computer Games - GAMEEMO\GAMEEMO\(S21)\Preprocessed EEG Data\.csv format\S21G1AllChannels.csv,27648,27904,False,False,False,0,False,True,154.056500,1339.721757
S21,G1,boring,C:\Users\Sumukh\Downloads\GAMEEMO Dataset\Database for Emotion Recognition System Based on EEG Signals and Various Computer Games - GAMEEMO\GAMEEMO\(S21)\Preprocessed EEG Data\.csv format\S21G1AllChannels.csv,27904,28160,False,False,False,0,False,True,150.771200,1311.395398
S21,G1,boring,C:\Users\Sumukh\Downloads\GAMEEMO Dataset\Database for Emotion Recognition System Based on EEG Signals and Various Computer Games - GAMEEMO\GAMEEMO\(S21)\Preprocessed EEG Data\.csv format\S21G1AllChannels.csv,30208,30464,False,False,False,0,False,True,229.343900,1658.109429
S21,G1,boring,C:\Users\Sumukh\Downloads\GAMEEMO Dataset\Database for Emotion Recognition System Based on EEG Signals and Various Computer Games - GAMEEMO\GAMEEMO\(S21)\Preprocessed EEG Data\.csv format\S21G1AllChannels.csv,31488,31744,False,False,False,0,False,True,205.508600,2938.142816
S21,G1,boring,C:\Users\Sumukh\Downloads\GAMEEMO Dataset\Database for Emotion Recognition System Based on EEG Signals and Various Computer Games - GAMEEMO\GAMEEMO\(S21)\Preprocessed EEG Data\.csv format\S21G1AllChannels.csv,33280,33536,False,False,False,0,False,True,201.381100,2046.974704
S21,G1,boring,C:\Users\Sumukh\Downloads\GAMEEMO Dataset\Database for Emotion Recognition System Based on EEG Signals and Various Computer Games - GAMEEMO\GAMEEMO\(S21)\Preprocessed EEG Data\.csv format\S21G1AllChannels.csv,33536,33792,False,False,False,0,False,True,183.604200,2067.798553
S21,G1,boring,C:\Users\Sumukh\Downloads\GAMEEMO Dataset\Database for Emotion Recognition System Based on EEG Signals and Various Computer Games - GAMEEMO\GAMEEMO\(S21)\Preprocessed EEG Data\.csv format\S21G1AllChannels.csv,35328,35584,False,False,False,0,False,True,173.511500,1258.414991
S21,G1,boring,C:\Users\Sumukh\Downloads\GAMEEMO Dataset\Database for Emotion Recognition System Based on EEG Signals and Various Computer Games - GAMEEMO\GAMEEMO\(S21)\Preprocessed EEG Data\.csv format\S21G1AllChannels.csv,35584,35840,False,False,False,0,False,True,169.798000,1916.592627
S21,G2,calm,C:\Users\Sumukh\Downloads\GAMEEMO Dataset\Database for Emotion Recognition System Based on EEG Signals and Various Computer Games - GAMEEMO\GAMEEMO\(S21)\Preprocessed EEG Data\.csv format\S21G2AllChannels.csv,15104,15360,False,False,False,0,False,True,219.573900,2404.781678
S21,G2,calm,C:\Users\Sumukh\Downloads\GAMEEMO Dataset\Database for Emotion Recognition System Based on EEG Signals and Various Computer Games - GAMEEMO\GAMEEMO\(S21)\Preprocessed EEG Data\.csv format\S21G2AllChannels.csv,17408,17664,False,False,False,0,False,True,216.424500,2054.451516
S21,G2,calm,C:\Users\Sumukh\Downloads\GAMEEMO Dataset\Database for Emotion Recognition System Based on EEG Signals and Various Computer Games - GAMEEMO\GAMEEMO\(S21)\Preprocessed EEG Data\.csv format\S21G2AllChannels.csv,19200,19456,False,False,False,0,False,True,218.189300,2644.318963
S21,G2,calm,C:\Users\Sumukh\Downloads\GAMEEMO Dataset\Database for Emotion Recognition System Based on EEG Signals and Various Computer Games - GAMEEMO\GAMEEMO\(S21)\Preprocessed EEG Data\.csv format\S21G2AllChannels.csv,23552,23808,False,False,False,0,False,True,154.734400,1814.588701
S21,G2,calm,C:\Users\Sumukh\Downloads\GAMEEMO Dataset\Database for Emotion Recognition System Based on EEG Signals and Various Computer Games - GAMEEMO\GAMEEMO\(S21)\Preprocessed EEG Data\.csv format\S21G2AllChannels.csv,24320,24576,False,False,False,0,False,True,173.809500,1353.585413
S21,G2,calm,C:\Users\Sumukh\Downloads\GAMEEMO Dataset\Database for Emotion Recognition System Based on EEG Signals and Various Computer Games - GAMEEMO\GAMEEMO\(S21)\Preprocessed EEG Data\.csv format\S21G2AllChannels.csv,24576,24832,False,False,False,0,False,True,135.768500,1536.751405
S21,G2,calm,C:\Users\Sumukh\Downloads\GAMEEMO Dataset\Database for Emotion Recognition System Based on EEG Signals and Various Computer Games - GAMEEMO\GAMEEMO\(S21)\Preprocessed EEG Data\.csv format\S21G2AllChannels.csv,25600,25856,False,False,False,0,False,True,217.160900,1360.741377
S21,G2,calm,C:\Users\Sumukh\Downloads\GAMEEMO Dataset\Database for Emotion Recognition System Based on EEG Signals and Various Computer Games - GAMEEMO\GAMEEMO\(S21)\Preprocessed EEG Data\.csv format\S21G2AllChannels.csv,25856,26112,False,False,False,0,False,True,117.481900,1368.091526
S21,G2,calm,C:\Users\Sumukh\Downloads\GAMEEMO Dataset\Database for Emotion Recognition System Based on EEG Signals and Various Computer Games - GAMEEMO\GAMEEMO\(S21)\Preprocessed EEG Data\.csv format\S21G2AllChannels.csv,26112,26368,False,False,False,0,False,True,195.057500,1565.245983
S21,G2,calm,C:\Users\Sumukh\Downloads\GAMEEMO Dataset\Database for Emotion Recognition System Based on EEG Signals and Various Computer Games - GAMEEMO\GAMEEMO\(S21)\Preprocessed EEG Data\.csv format\S21G2AllChannels.csv,26880,27136,False,False,False,0,False,True,207.154400,2222.060983
S21,G2,calm,C:\Users\Sumukh\Downloads\GAMEEMO Dataset\Database for Emotion Recognition System Based on EEG Signals and Various Computer Games - GAMEEMO\GAMEEMO\(S21)\Preprocessed EEG Data\.csv format\S21G2AllChannels.csv,27136,27392,False,False,False,0,False,True,149.144400,1272.698478
S21,G2,calm,C:\Users\Sumukh\Downloads\GAMEEMO Dataset\Database for Emotion Recognition System Based on EEG Signals and Various Computer Games - GAMEEMO\GAMEEMO\(S21)\Preprocessed EEG Data\.csv format\S21G2AllChannels.csv,27904,28160,False,False,False,0,False,True,216.710000,2315.826752
S21,G2,calm,C:\Users\Sumukh\Downloads\GAMEEMO Dataset\Database for Emotion Recognition System Based on EEG Signals and Various Computer Games - GAMEEMO\GAMEEMO\(S21)\Preprocessed EEG Data\.csv format\S21G2AllChannels.csv,28160,28416,False,False,False,0,False,True,206.762700,2167.131192
S21,G2,calm,C:\Users\Sumukh\Downloads\GAMEEMO Dataset\Database for Emotion Recognition System Based on EEG Signals and Various Computer Games - GAMEEMO\GAMEEMO\(S21)\Preprocessed EEG Data\.csv format\S21G2AllChannels.csv,28416,28672,False,False,False,0,False,True,177.714600,2449.031480
S21,G2,calm,C:\Users\Sumukh\Downloads\GAMEEMO Dataset\Database for Emotion Recognition System Based on EEG Signals and Various Computer Games - GAMEEMO\GAMEEMO\(S21)\Preprocessed EEG Data\.csv format\S21G2AllChannels.csv,29184,29440,False,False,False,0,False,True,208.405300,2989.301948
S21,G2,calm,C:\Users\Sumukh\Downloads\GAMEEMO Dataset\Database for Emotion Recognition System Based on EEG Signals and Various Computer Games - GAMEEMO\GAMEEMO\(S21)\Preprocessed EEG Data\.csv format\S21G2AllChannels.csv,29952,30208,False,False,False,0,False,True,225.130600,2228.573473
S21,G2,calm,C:\Users\Sumukh\Downloads\GAMEEMO Dataset\Database for Emotion Recognition System Based on EEG Signals and Various Computer Games - GAMEEMO\GAMEEMO\(S21)\Preprocessed EEG Data\.csv format\S21G2AllChannels.csv,30208,30464,False,False,False,0,False,True,201.889600,3081.775139
S21,G2,calm,C:\Users\Sumukh\Downloads\GAMEEMO Dataset\Database for Emotion Recognition System Based on EEG Signals and Various Computer Games - GAMEEMO\GAMEEMO\(S21)\Preprocessed EEG Data\.csv format\S21G2AllChannels.csv,30464,30720,False,False,False,0,False,True,157.575600,2033.161106
S21,G2,calm,C:\Users\Sumukh\Downloads\GAMEEMO Dataset\Database for Emotion Recognition System Based on EEG Signals and Various Computer Games - GAMEEMO\GAMEEMO\(S21)\Preprocessed EEG Data\.csv format\S21G2AllChannels.csv,30720,30976,False,False,False,0,False,True,156.239100,1918.261667
S21,G2,calm,C:\Users\Sumukh\Downloads\GAMEEMO Dataset\Database for Emotion Recognition System Based on EEG Signals and Various Computer Games - GAMEEMO\GAMEEMO\(S21)\Preprocessed EEG Data\.csv format\S21G2AllChannels.csv,30976,31232,False,False,False,0,False,True,185.266100,1764.918980
S21,G2,calm,C:\Users\Sumukh\Downloads\GAMEEMO Dataset\Database for Emotion Recognition System Based on EEG Signals and Various Computer Games - GAMEEMO\GAMEEMO\(S21)\Preprocessed EEG Data\.csv format\S21G2AllChannels.csv,32000,32256,False,False,False,0,False,True,205.190600,1458.646146
S21,G2,calm,C:\Users\Sumukh\Downloads\GAMEEMO Dataset\Database for Emotion Recognition System Based on EEG Signals and Various Computer Games - GAMEEMO\GAMEEMO\(S21)\Preprocessed EEG Data\.csv format\S21G2AllChannels.csv,32256,32512,False,False,False,0,False,True,210.609000,4625.668480
S21,G2,calm,C:\Users\Sumukh\Downloads\GAMEEMO Dataset\Database for Emotion Recognition System Based on EEG Signals and Various Computer Games - GAMEEMO\GAMEEMO\(S21)\Preprocessed EEG Data\.csv format\S21G2AllChannels.csv,32512,32768,False,False,False,0,False,True,162.992300,1515.696392
S21,G2,calm,C:\Users\Sumukh\Downloads\GAMEEMO Dataset\Database for Emotion Recognition System Based on EEG Signals and Various Computer Games - GAMEEMO\GAMEEMO\(S21)\Preprocessed EEG Data\.csv format\S21G2AllChannels.csv,33792,34048,False,False,False,0,False,True,207.386400,3994.453212
S21,G2,calm,C:\Users\Sumukh\Downloads\GAMEEMO Dataset\Database for Emotion Recognition System Based on EEG Signals and Various Computer Games - GAMEEMO\GAMEEMO\(S21)\Preprocessed EEG Data\.csv format\S21G2AllChannels.csv,34816,35072,False,False,False,0,False,True,191.543700,2129.562835
S21,G2,calm,C:\Users\Sumukh\Downloads\GAMEEMO Dataset\Database for Emotion Recognition System Based on EEG Signals and Various Computer Games - GAMEEMO\GAMEEMO\(S21)\Preprocessed EEG Data\.csv format\S21G2AllChannels.csv,35328,35584,False,False,False,0,False,True,148.729000,1366.032750
S21,G2,calm,C:\Users\Sumukh\Downloads\GAMEEMO Dataset\Database for Emotion Recognition System Based on EEG Signals and Various Computer Games - GAMEEMO\GAMEEMO\(S21)\Preprocessed EEG Data\.csv format\S21G2AllChannels.csv,37376,37632,False,False,False,0,False,True,183.632500,2419.815900
S21,G2,calm,C:\Users\Sumukh\Downloads\GAMEEMO Dataset\Database for Emotion Recognition System Based on EEG Signals and Various Computer Games - GAMEEMO\GAMEEMO\(S21)\Preprocessed EEG Data\.csv format\S21G2AllChannels.csv,37632,37888,False,False,False,0,False,True,151.966200,1334.367190
S21,G3,horror,C:\Users\Sumukh\Downloads\GAMEEMO Dataset\Database for Emotion Recognition System Based on EEG Signals and Various Computer Games - GAMEEMO\GAMEEMO\(S21)\Preprocessed EEG Data\.csv format\S21G3AllChannels.csv,1024,1280,False,False,False,0,False,True,234.819400,1909.645102
S21,G3,horror,C:\Users\Sumukh\Downloads\GAMEEMO Dataset\Database for Emotion Recognition System Based on EEG Signals and Various Computer Games - GAMEEMO\GAMEEMO\(S21)\Preprocessed EEG Data\.csv format\S21G3AllChannels.csv,8960,9216,False,False,False,0,False,True,166.220100,1518.498289
S21,G3,horror,C:\Users\Sumukh\Downloads\GAMEEMO Dataset\Database for Emotion Recognition System Based on EEG Signals and Various Computer Games - GAMEEMO\GAMEEMO\(S21)\Preprocessed EEG Data\.csv format\S21G3AllChannels.csv,9216,9472,False,False,False,0,False,True,234.782100,4770.942945
S21,G3,horror,C:\Users\Sumukh\Downloads\GAMEEMO Dataset\Database for Emotion Recognition System Based on EEG Signals and Various Computer Games - GAMEEMO\GAMEEMO\(S21)\Preprocessed EEG Data\.csv format\S21G3AllChannels.csv,9472,9728,False,False,False,0,False,True,234.999800,3401.159894
S21,G3,horror,C:\Users\Sumukh\Downloads\GAMEEMO Dataset\Database for Emotion Recognition System Based on EEG Signals and Various Computer Games - GAMEEMO\GAMEEMO\(S21)\Preprocessed EEG Data\.csv format\S21G3AllChannels.csv,10496,10752,False,False,False,0,False,True,185.811300,1697.027943
S21,G3,horror,C:\Users\Sumukh\Downloads\GAMEEMO Dataset\Database for Emotion Recognition System Based on EEG Signals and Various Computer Games - GAMEEMO\GAMEEMO\(S21)\Preprocessed EEG Data\.csv format\S21G3AllChannels.csv,11264,11520,False,False,False,0,False,True,229.913100,1912.900877
S21,G3,horror,C:\Users\Sumukh\Downloads\GAMEEMO Dataset\Database for Emotion Recognition System Based on EEG Signals and Various Computer Games - GAMEEMO\GAMEEMO\(S21)\Preprocessed EEG Data\.csv format\S21G3AllChannels.csv,21504,21760,False,False,False,0,False,True,146.534100,1645.640965
S21,G3,horror,C:\Users\Sumukh\Downloads\GAMEEMO Dataset\Database for Emotion Recognition System Based on EEG Signals and Various Computer Games - GAMEEMO\GAMEEMO\(S21)\Preprocessed EEG Data\.csv format\S21G3AllChannels.csv,25856,26112,False,False,False,0,False,True,234.839600,3152.975717
S21,G3,horror,C:\Users\Sumukh\Downloads\GAMEEMO Dataset\Database for Emotion Recognition System Based on EEG Signals and Various Computer Games - GAMEEMO\GAMEEMO\(S21)\Preprocessed EEG Data\.csv format\S21G3AllChannels.csv,26112,26368,False,False,False,0,False,True,234.998500,2212.723741
S21,G3,horror,C:\Users\Sumukh\Downloads\GAMEEMO Dataset\Database for Emotion Recognition System Based on EEG Signals and Various Computer Games - GAMEEMO\GAMEEMO\(S21)\Preprocessed EEG Data\.csv format\S21G3AllChannels.csv,33792,34048,False,False,False,0,False,True,230.291400,1646.841075
S21,G4,funny,C:\Users\Sumukh\Downloads\GAMEEMO Dataset\Database for Emotion Recognition System Based on EEG Signals and Various Computer Games - GAMEEMO\GAMEEMO\(S21)\Preprocessed EEG Data\.csv format\S21G4AllChannels.csv,6144,6400,False,False,False,0,False,True,234.996900,3557.768592
S21,G4,funny,C:\Users\Sumukh\Downloads\GAMEEMO Dataset\Database for Emotion Recognition System Based on EEG Signals and Various Computer Games - GAMEEMO\GAMEEMO\(S21)\Preprocessed EEG Data\.csv format\S21G4AllChannels.csv,17920,18176,False,False,False,0,False,True,234.272700,1386.955741
S21,G4,funny,C:\Users\Sumukh\Downloads\GAMEEMO Dataset\Database for Emotion Recognition System Based on EEG Signals and Various Computer Games - GAMEEMO\GAMEEMO\(S21)\Preprocessed EEG Data\.csv format\S21G4AllChannels.csv,18176,18432,False,False,False,0,False,True,234.999500,3148.197069
S21,G4,funny,C:\Users\Sumukh\Downloads\GAMEEMO Dataset\Database for Emotion Recognition System Based on EEG Signals and Various Computer Games - GAMEEMO\GAMEEMO\(S21)\Preprocessed EEG Data\.csv format\S21G4AllChannels.csv,28672,28928,False,False,False,0,False,True,234.998900,3488.552454
S21,G4,funny,C:\Users\Sumukh\Downloads\GAMEEMO Dataset\Database for Emotion Recognition System Based on EEG Signals and Various Computer Games - GAMEEMO\GAMEEMO\(S21)\Preprocessed EEG Data\.csv format\S21G4AllChannels.csv,28928,29184,False,False,False,0,False,True,234.424000,1944.329117
S21,G4,funny,C:\Users\Sumukh\Downloads\GAMEEMO Dataset\Database for Emotion Recognition System Based on EEG Signals and Various Computer Games - GAMEEMO\GAMEEMO\(S21)\Preprocessed EEG Data\.csv format\S21G4AllChannels.csv,31232,31488,False,False,False,0,False,True,234.510800,1633.569168
S21,G4,funny,C:\Users\Sumukh\Downloads\GAMEEMO Dataset\Database for Emotion Recognition System Based on EEG Signals and Various Computer Games - GAMEEMO\GAMEEMO\(S21)\Preprocessed EEG Data\.csv format\S21G4AllChannels.csv,34304,34560,False,False,False,0,False,True,234.998000,3450.944037
S21,G4,funny,C:\Users\Sumukh\Downloads\GAMEEMO Dataset\Database for Emotion Recognition System Based on EEG Signals and Various Computer Games - GAMEEMO\GAMEEMO\(S21)\Preprocessed EEG Data\.csv format\S21G4AllChannels.csv,34560,34816,False,False,False,0,False,True,234.998700,2005.643290
S22,G1,boring,C:\Users\Sumukh\Downloads\GAMEEMO Dataset\Database for Emotion Recognition System Based on EEG Signals and Various Computer Games - GAMEEMO\GAMEEMO\(S22)\Preprocessed EEG Data\.csv format\S22G1AllChannels.csv,256,512,False,False,False,0,False,True,110.178300,1476.959444
S22,G1,boring,C:\Users\Sumukh\Downloads\GAMEEMO Dataset\Database for Emotion Recognition System Based on EEG Signals and Various Computer Games - GAMEEMO\GAMEEMO\(S22)\Preprocessed EEG Data\.csv format\S22G1AllChannels.csv,2048,2304,False,False,False,0,False,True,154.947300,1573.897168
S22,G1,boring,C:\Users\Sumukh\Downloads\GAMEEMO Dataset\Database for Emotion Recognition System Based on EEG Signals and Various Computer Games - GAMEEMO\GAMEEMO\(S22)\Preprocessed EEG Data\.csv format\S22G1AllChannels.csv,3328,3584,False,False,False,0,False,True,202.482700,3278.190315
S22,G1,boring,C:\Users\Sumukh\Downloads\GAMEEMO Dataset\Database for Emotion Recognition System Based on EEG Signals and Various Computer Games - GAMEEMO\GAMEEMO\(S22)\Preprocessed EEG Data\.csv format\S22G1AllChannels.csv,3840,4096,False,False,False,0,False,True,141.076600,1256.811686
S22,G1,boring,C:\Users\Sumukh\Downloads\GAMEEMO Dataset\Database for Emotion Recognition System Based on EEG Signals and Various Computer Games - GAMEEMO\GAMEEMO\(S22)\Preprocessed EEG Data\.csv format\S22G1AllChannels.csv,4864,5120,False,False,False,0,False,True,222.001600,1273.992359
S22,G1,boring,C:\Users\Sumukh\Downloads\GAMEEMO Dataset\Database for Emotion Recognition System Based on EEG Signals and Various Computer Games - GAMEEMO\GAMEEMO\(S22)\Preprocessed EEG Data\.csv format\S22G1AllChannels.csv,6400,6656,False,False,False,0,False,True,131.119600,1260.757924
S22,G1,boring,C:\Users\Sumukh\Downloads\GAMEEMO Dataset\Database for Emotion Recognition System Based on EEG Signals and Various Computer Games - GAMEEMO\GAMEEMO\(S22)\Preprocessed EEG Data\.csv format\S22G1AllChannels.csv,8960,9216,False,False,False,0,False,True,116.471600,1527.845821
S22,G1,boring,C:\Users\Sumukh\Downloads\GAMEEMO Dataset\Database for Emotion Recognition System Based on EEG Signals and Various Computer Games - GAMEEMO\GAMEEMO\(S22)\Preprocessed EEG Data\.csv format\S22G1AllChannels.csv,10240,10496,False,False,False,0,False,True,204.326500,1971.756810
S22,G1,boring,C:\Users\Sumukh\Downloads\GAMEEMO Dataset\Database for Emotion Recognition System Based on EEG Signals and Various Computer Games - GAMEEMO\GAMEEMO\(S22)\Preprocessed EEG Data\.csv format\S22G1AllChannels.csv,10496,10752,False,False,False,0,False,True,222.497000,3985.641586
S22,G1,boring,C:\Users\Sumukh\Downloads\GAMEEMO Dataset\Database for Emotion Recognition System Based on EEG Signals and Various Computer Games - GAMEEMO\GAMEEMO\(S22)\Preprocessed EEG Data\.csv format\S22G1AllChannels.csv,13056,13312,False,False,False,0,False,True,137.837300,1428.941194
S22,G1,boring,C:\Users\Sumukh\Downloads\GAMEEMO Dataset\Database for Emotion Recognition System Based on EEG Signals and Various Computer Games - GAMEEMO\GAMEEMO\(S22)\Preprocessed EEG Data\.csv format\S22G1AllChannels.csv,13568,13824,False,False,False,0,False,True,133.259700,1278.862713
S22,G1,boring,C:\Users\Sumukh\Downloads\GAMEEMO Dataset\Database for Emotion Recognition System Based on EEG Signals and Various Computer Games - GAMEEMO\GAMEEMO\(S22)\Preprocessed EEG Data\.csv format\S22G1AllChannels.csv,15616,15872,False,False,False,0,False,True,148.727200,2649.774177
S22,G1,boring,C:\Users\Sumukh\Downloads\GAMEEMO Dataset\Database for Emotion Recognition System Based on EEG Signals and Various Computer Games - GAMEEMO\GAMEEMO\(S22)\Preprocessed EEG Data\.csv format\S22G1AllChannels.csv,19712,19968,False,False,False,0,False,True,219.431600,2595.150498
S22,G1,boring,C:\Users\Sumukh\Downloads\GAMEEMO Dataset\Database for Emotion Recognition System Based on EEG Signals and Various Computer Games - GAMEEMO\GAMEEMO\(S22)\Preprocessed EEG Data\.csv format\S22G1AllChannels.csv,19968,20224,False,False,False,0,False,True,226.079400,2548.605364
S22,G1,boring,C:\Users\Sumukh\Downloads\GAMEEMO Dataset\Database for Emotion Recognition System Based on EEG Signals and Various Computer Games - GAMEEMO\GAMEEMO\(S22)\Preprocessed EEG Data\.csv format\S22G1AllChannels.csv,20736,20992,False,False,False,0,False,True,146.218000,1553.491457
S22,G1,boring,C:\Users\Sumukh\Downloads\GAMEEMO Dataset\Database for Emotion Recognition System Based on EEG Signals and Various Computer Games - GAMEEMO\GAMEEMO\(S22)\Preprocessed EEG Data\.csv format\S22G1AllChannels.csv,23296,23552,False,False,False,0,False,True,165.942000,1415.351819
S22,G1,boring,C:\Users\Sumukh\Downloads\GAMEEMO Dataset\Database for Emotion Recognition System Based on EEG Signals and Various Computer Games - GAMEEMO\GAMEEMO\(S22)\Preprocessed EEG Data\.csv format\S22G1AllChannels.csv,23552,23808,False,False,False,0,False,True,174.690900,2187.617467
S22,G1,boring,C:\Users\Sumukh\Downloads\GAMEEMO Dataset\Database for Emotion Recognition System Based on EEG Signals and Various Computer Games - GAMEEMO\GAMEEMO\(S22)\Preprocessed EEG Data\.csv format\S22G1AllChannels.csv,23808,24064,False,False,False,0,False,True,165.097900,1499.452065
S22,G1,boring,C:\Users\Sumukh\Downloads\GAMEEMO Dataset\Database for Emotion Recognition System Based on EEG Signals and Various Computer Games - GAMEEMO\GAMEEMO\(S22)\Preprocessed EEG Data\.csv format\S22G1AllChannels.csv,25344,25600,False,False,False,0,False,True,128.392600,1395.027415
S22,G1,boring,C:\Users\Sumukh\Downloads\GAMEEMO Dataset\Database for Emotion Recognition System Based on EEG Signals and Various Computer Games - GAMEEMO\GAMEEMO\(S22)\Preprocessed EEG Data\.csv format\S22G1AllChannels.csv,26112,26368,False,False,False,0,False,True,129.707300,1482.500033
S22,G1,boring,C:\Users\Sumukh\Downloads\GAMEEMO Dataset\Database for Emotion Recognition System Based on EEG Signals and Various Computer Games - GAMEEMO\GAMEEMO\(S22)\Preprocessed EEG Data\.csv format\S22G1AllChannels.csv,26624,26880,False,False,False,0,False,True,217.871900,1397.556571
S22,G1,boring,C:\Users\Sumukh\Downloads\GAMEEMO Dataset\Database for Emotion Recognition System Based on EEG Signals and Various Computer Games - GAMEEMO\GAMEEMO\(S22)\Preprocessed EEG Data\.csv format\S22G1AllChannels.csv,26880,27136,False,False,False,0,False,True,142.199800,1810.626240
S22,G1,boring,C:\Users\Sumukh\Downloads\GAMEEMO Dataset\Database for Emotion Recognition System Based on EEG Signals and Various Computer Games - GAMEEMO\GAMEEMO\(S22)\Preprocessed EEG Data\.csv format\S22G1AllChannels.csv,29440,29696,False,False,False,0,False,True,220.436200,1709.067841
S22,G1,boring,C:\Users\Sumukh\Downloads\GAMEEMO Dataset\Database for Emotion Recognition System Based on EEG Signals and Various Computer Games - GAMEEMO\GAMEEMO\(S22)\Preprocessed EEG Data\.csv format\S22G1AllChannels.csv,30976,31232,False,False,False,0,False,True,194.150900,1752.888882
S22,G1,boring,C:\Users\Sumukh\Downloads\GAMEEMO Dataset\Database for Emotion Recognition System Based on EEG Signals and Various Computer Games - GAMEEMO\GAMEEMO\(S22)\Preprocessed EEG Data\.csv format\S22G1AllChannels.csv,31744,32000,False,False,False,0,False,True,178.781900,2211.782038
S22,G1,boring,C:\Users\Sumukh\Downloads\GAMEEMO Dataset\Database for Emotion Recognition System Based on EEG Signals and Various Computer Games - GAMEEMO\GAMEEMO\(S22)\Preprocessed EEG Data\.csv format\S22G1AllChannels.csv,36864,37120,False,False,False,0,False,True,223.222100,2135.862238
S22,G1,boring,C:\Users\Sumukh\Downloads\GAMEEMO Dataset\Database for Emotion Recognition System Based on EEG Signals and Various Computer Games - GAMEEMO\GAMEEMO\(S22)\Preprocessed EEG Data\.csv format\S22G1AllChannels.csv,37632,37888,False,False,False,0,False,True,133.355000,1492.025383
S22,G2,calm,C:\Users\Sumukh\Downloads\GAMEEMO Dataset\Database for Emotion Recognition System Based on EEG Signals and Various Computer Games - GAMEEMO\GAMEEMO\(S22)\Preprocessed EEG Data\.csv format\S22G2AllChannels.csv,4864,5120,False,False,False,0,False,True,232.479700,1328.273917
S22,G2,calm,C:\Users\Sumukh\Downloads\GAMEEMO Dataset\Database for Emotion Recognition System Based on EEG Signals and Various Computer Games - GAMEEMO\GAMEEMO\(S22)\Preprocessed EEG Data\.csv format\S22G2AllChannels.csv,9472,9728,False,False,False,0,False,True,183.697500,1414.343619
S22,G2,calm,C:\Users\Sumukh\Downloads\GAMEEMO Dataset\Database for Emotion Recognition System Based on EEG Signals and Various Computer Games - GAMEEMO\GAMEEMO\(S22)\Preprocessed EEG Data\.csv format\S22G2AllChannels.csv,9728,9984,False,False,False,0,False,True,226.952600,3018.363290
S22,G2,calm,C:\Users\Sumukh\Downloads\GAMEEMO Dataset\Database for Emotion Recognition System Based on EEG Signals and Various Computer Games - GAMEEMO\GAMEEMO\(S22)\Preprocessed EEG Data\.csv format\S22G2AllChannels.csv,9984,10240,False,False,False,0,False,True,234.964200,9392.466277
S22,G2,calm,C:\Users\Sumukh\Downloads\GAMEEMO Dataset\Database for Emotion Recognition System Based on EEG Signals and Various Computer Games - GAMEEMO\GAMEEMO\(S22)\Preprocessed EEG Data\.csv format\S22G2AllChannels.csv,10240,10496,False,False,False,0,False,True,213.710600,1577.266988
S22,G2,calm,C:\Users\Sumukh\Downloads\GAMEEMO Dataset\Database for Emotion Recognition System Based on EEG Signals and Various Computer Games - GAMEEMO\GAMEEMO\(S22)\Preprocessed EEG Data\.csv format\S22G2AllChannels.csv,10496,10752,False,False,False,0,False,True,216.696500,1923.339715
S22,G2,calm,C:\Users\Sumukh\Downloads\GAMEEMO Dataset\Database for Emotion Recognition System Based on EEG Signals and Various Computer Games - GAMEEMO\GAMEEMO\(S22)\Preprocessed EEG Data\.csv format\S22G2AllChannels.csv,10752,11008,False,False,False,0,False,True,229.143100,1790.348100
S22,G2,calm,C:\Users\Sumukh\Downloads\GAMEEMO Dataset\Database for Emotion Recognition System Based on EEG Signals and Various Computer Games - GAMEEMO\GAMEEMO\(S22)\Preprocessed EEG Data\.csv format\S22G2AllChannels.csv,11520,11776,False,False,False,0,False,True,141.658100,2006.139931
S22,G2,calm,C:\Users\Sumukh\Downloads\GAMEEMO Dataset\Database for Emotion Recognition System Based on EEG Signals and Various Computer Games - GAMEEMO\GAMEEMO\(S22)\Preprocessed EEG Data\.csv format\S22G2AllChannels.csv,12032,12288,False,False,False,0,False,True,207.661000,1534.319056
S22,G2,calm,C:\Users\Sumukh\Downloads\GAMEEMO Dataset\Database for Emotion Recognition System Based on EEG Signals and Various Computer Games - GAMEEMO\GAMEEMO\(S22)\Preprocessed EEG Data\.csv format\S22G2AllChannels.csv,12288,12544,False,False,False,0,False,True,174.818900,1502.479109
S22,G2,calm,C:\Users\Sumukh\Downloads\GAMEEMO Dataset\Database for Emotion Recognition System Based on EEG Signals and Various Computer Games - GAMEEMO\GAMEEMO\(S22)\Preprocessed EEG Data\.csv format\S22G2AllChannels.csv,12544,12800,False,False,False,0,False,True,216.695700,1314.846693
S22,G2,calm,C:\Users\Sumukh\Downloads\GAMEEMO Dataset\Database for Emotion Recognition System Based on EEG Signals and Various Computer Games - GAMEEMO\GAMEEMO\(S22)\Preprocessed EEG Data\.csv format\S22G2AllChannels.csv,14336,14592,False,False,False,0,False,True,232.501300,2190.370256
S22,G2,calm,C:\Users\Sumukh\Downloads\GAMEEMO Dataset\Database for Emotion Recognition System Based on EEG Signals and Various Computer Games - GAMEEMO\GAMEEMO\(S22)\Preprocessed EEG Data\.csv format\S22G2AllChannels.csv,16640,16896,False,False,False,0,False,True,181.703800,2091.572943
S22,G2,calm,C:\Users\Sumukh\Downloads\GAMEEMO Dataset\Database for Emotion Recognition System Based on EEG Signals and Various Computer Games - GAMEEMO\GAMEEMO\(S22)\Preprocessed EEG Data\.csv format\S22G2AllChannels.csv,17152,17408,False,False,False,0,False,True,171.041900,1302.741768
S22,G2,calm,C:\Users\Sumukh\Downloads\GAMEEMO Dataset\Database for Emotion Recognition System Based on EEG Signals and Various Computer Games - GAMEEMO\GAMEEMO\(S22)\Preprocessed EEG Data\.csv format\S22G2AllChannels.csv,17408,17664,False,False,False,0,False,True,146.397300,1645.731731
S22,G2,calm,C:\Users\Sumukh\Downloads\GAMEEMO Dataset\Database for Emotion Recognition System Based on EEG Signals and Various Computer Games - GAMEEMO\GAMEEMO\(S22)\Preprocessed EEG Data\.csv format\S22G2AllChannels.csv,20224,20480,False,False,False,0,False,True,213.387700,1460.053440
S22,G2,calm,C:\Users\Sumukh\Downloads\GAMEEMO Dataset\Database for Emotion Recognition System Based on EEG Signals and Various Computer Games - GAMEEMO\GAMEEMO\(S22)\Preprocessed EEG Data\.csv format\S22G2AllChannels.csv,20736,20992,False,False,False,0,False,True,234.785700,2131.277755
S22,G2,calm,C:\Users\Sumukh\Downloads\GAMEEMO Dataset\Database for Emotion Recognition System Based on EEG Signals and Various Computer Games - GAMEEMO\GAMEEMO\(S22)\Preprocessed EEG Data\.csv format\S22G2AllChannels.csv,24064,24320,False,False,False,0,False,True,228.189300,1468.226180
S22,G2,calm,C:\Users\Sumukh\Downloads\GAMEEMO Dataset\Database for Emotion Recognition System Based on EEG Signals and Various Computer Games - GAMEEMO\GAMEEMO\(S22)\Preprocessed EEG Data\.csv format\S22G2AllChannels.csv,24576,24832,False,False,False,0,False,True,207.423700,2257.283623
S22,G2,calm,C:\Users\Sumukh\Downloads\GAMEEMO Dataset\Database for Emotion Recognition System Based on EEG Signals and Various Computer Games - GAMEEMO\GAMEEMO\(S22)\Preprocessed EEG Data\.csv format\S22G2AllChannels.csv,24832,25088,False,False,False,0,False,True,193.034100,2810.756709
S22,G2,calm,C:\Users\Sumukh\Downloads\GAMEEMO Dataset\Database for Emotion Recognition System Based on EEG Signals and Various Computer Games - GAMEEMO\GAMEEMO\(S22)\Preprocessed EEG Data\.csv format\S22G2AllChannels.csv,32768,33024,False,False,False,0,False,True,147.833300,1765.347874
S22,G3,horror,C:\Users\Sumukh\Downloads\GAMEEMO Dataset\Database for Emotion Recognition System Based on EEG Signals and Various Computer Games - GAMEEMO\GAMEEMO\(S22)\Preprocessed EEG Data\.csv format\S22G3AllChannels.csv,512,768,False,False,False,0,False,True,232.883900,1704.403418
S22,G3,horror,C:\Users\Sumukh\Downloads\GAMEEMO Dataset\Database for Emotion Recognition System Based on EEG Signals and Various Computer Games - GAMEEMO\GAMEEMO\(S22)\Preprocessed EEG Data\.csv format\S22G3AllChannels.csv,4864,5120,False,False,False,0,False,True,181.927400,2191.286721
S22,G3,horror,C:\Users\Sumukh\Downloads\GAMEEMO Dataset\Database for Emotion Recognition System Based on EEG Signals and Various Computer Games - GAMEEMO\GAMEEMO\(S22)\Preprocessed EEG Data\.csv format\S22G3AllChannels.csv,5120,5376,False,False,False,0,False,True,193.200100,1408.867247
S22,G3,horror,C:\Users\Sumukh\Downloads\GAMEEMO Dataset\Database for Emotion Recognition System Based on EEG Signals and Various Computer Games - GAMEEMO\GAMEEMO\(S22)\Preprocessed EEG Data\.csv format\S22G3AllChannels.csv,12544,12800,False,False,False,0,False,True,139.441200,1473.188371
S22,G3,horror,C:\Users\Sumukh\Downloads\GAMEEMO Dataset\Database for Emotion Recognition System Based on EEG Signals and Various Computer Games - GAMEEMO\GAMEEMO\(S22)\Preprocessed EEG Data\.csv format\S22G3AllChannels.csv,14848,15104,False,False,False,0,False,True,150.628600,1312.739488
S22,G3,horror,C:\Users\Sumukh\Downloads\GAMEEMO Dataset\Database for Emotion Recognition System Based on EEG Signals and Various Computer Games - GAMEEMO\GAMEEMO\(S22)\Preprocessed EEG Data\.csv format\S22G3AllChannels.csv,21504,21760,False,False,False,0,False,True,169.130400,1353.989731
S22,G3,horror,C:\Users\Sumukh\Downloads\GAMEEMO Dataset\Database for Emotion Recognition System Based on EEG Signals and Various Computer Games - GAMEEMO\GAMEEMO\(S22)\Preprocessed EEG Data\.csv format\S22G3AllChannels.csv,24320,24576,False,False,False,0,False,True,148.563500,1277.088925
S22,G3,horror,C:\Users\Sumukh\Downloads\GAMEEMO Dataset\Database for Emotion Recognition System Based on EEG Signals and Various Computer Games - GAMEEMO\GAMEEMO\(S22)\Preprocessed EEG Data\.csv format\S22G3AllChannels.csv,25600,25856,False,False,False,0,False,True,188.213400,1870.937933
S22,G3,horror,C:\Users\Sumukh\Downloads\GAMEEMO Dataset\Database for Emotion Recognition System Based on EEG Signals and Various Computer Games - GAMEEMO\GAMEEMO\(S22)\Preprocessed EEG Data\.csv format\S22G3AllChannels.csv,33024,33280,False,False,False,0,False,True,168.630600,1460.405539
S22,G3,horror,C:\Users\Sumukh\Downloads\GAMEEMO Dataset\Database for Emotion Recognition System Based on EEG Signals and Various Computer Games - GAMEEMO\GAMEEMO\(S22)\Preprocessed EEG Data\.csv format\S22G3AllChannels.csv,34816,35072,False,False,False,0,False,True,175.294000,1786.736102
S22,G3,horror,C:\Users\Sumukh\Downloads\GAMEEMO Dataset\Database for Emotion Recognition System Based on EEG Signals and Various Computer Games - GAMEEMO\GAMEEMO\(S22)\Preprocessed EEG Data\.csv format\S22G3AllChannels.csv,36352,36608,False,False,False,0,False,True,180.117600,1839.417498
S22,G3,horror,C:\Users\Sumukh\Downloads\GAMEEMO Dataset\Database for Emotion Recognition System Based on EEG Signals and Various Computer Games - GAMEEMO\GAMEEMO\(S22)\Preprocessed EEG Data\.csv format\S22G3AllChannels.csv,36864,37120,False,False,False,0,False,True,165.958200,1545.443655
S22,G4,funny,C:\Users\Sumukh\Downloads\GAMEEMO Dataset\Database for Emotion Recognition System Based on EEG Signals and Various Computer Games - GAMEEMO\GAMEEMO\(S22)\Preprocessed EEG Data\.csv format\S22G4AllChannels.csv,1280,1536,False,False,False,0,False,True,191.905400,1828.362216
S22,G4,funny,C:\Users\Sumukh\Downloads\GAMEEMO Dataset\Database for Emotion Recognition System Based on EEG Signals and Various Computer Games - GAMEEMO\GAMEEMO\(S22)\Preprocessed EEG Data\.csv format\S22G4AllChannels.csv,3328,3584,False,False,False,0,False,True,221.110600,1546.261181
S22,G4,funny,C:\Users\Sumukh\Downloads\GAMEEMO Dataset\Database for Emotion Recognition System Based on EEG Signals and Various Computer Games - GAMEEMO\GAMEEMO\(S22)\Preprocessed EEG Data\.csv format\S22G4AllChannels.csv,7680,7936,False,False,False,0,False,True,196.614500,1312.949097
S22,G4,funny,C:\Users\Sumukh\Downloads\GAMEEMO Dataset\Database for Emotion Recognition System Based on EEG Signals and Various Computer Games - GAMEEMO\GAMEEMO\(S22)\Preprocessed EEG Data\.csv format\S22G4AllChannels.csv,23808,24064,False,False,False,0,False,True,232.894500,1608.986148
S22,G4,funny,C:\Users\Sumukh\Downloads\GAMEEMO Dataset\Database for Emotion Recognition System Based on EEG Signals and Various Computer Games - GAMEEMO\GAMEEMO\(S22)\Preprocessed EEG Data\.csv format\S22G4AllChannels.csv,24064,24320,False,False,False,0,False,True,222.483600,1400.151479
S22,G4,funny,C:\Users\Sumukh\Downloads\GAMEEMO Dataset\Database for Emotion Recognition System Based on EEG Signals and Various Computer Games - GAMEEMO\GAMEEMO\(S22)\Preprocessed EEG Data\.csv format\S22G4AllChannels.csv,26368,26624,False,False,False,0,False,True,142.408300,1341.004665
S22,G4,funny,C:\Users\Sumukh\Downloads\GAMEEMO Dataset\Database for Emotion Recognition System Based on EEG Signals and Various Computer Games - GAMEEMO\GAMEEMO\(S22)\Preprocessed EEG Data\.csv format\S22G4AllChannels.csv,27648,27904,False,False,False,0,False,True,233.420100,5630.613301
S22,G4,funny,C:\Users\Sumukh\Downloads\GAMEEMO Dataset\Database for Emotion Recognition System Based on EEG Signals and Various Computer Games - GAMEEMO\GAMEEMO\(S22)\Preprocessed EEG Data\.csv format\S22G4AllChannels.csv,27904,28160,False,False,False,0,False,True,234.748300,3948.934680
S22,G4,funny,C:\Users\Sumukh\Downloads\GAMEEMO Dataset\Database for Emotion Recognition System Based on EEG Signals and Various Computer Games - GAMEEMO\GAMEEMO\(S22)\Preprocessed EEG Data\.csv format\S22G4AllChannels.csv,30976,31232,False,False,False,0,False,True,234.689300,3206.332764
S23,G1,boring,C:\Users\Sumukh\Downloads\GAMEEMO Dataset\Database for Emotion Recognition System Based on EEG Signals and Various Computer Games - GAMEEMO\GAMEEMO\(S23)\Preprocessed EEG Data\.csv format\S23G1AllChannels.csv,768,1024,False,False,False,0,False,True,233.776500,8939.314910
S23,G1,boring,C:\Users\Sumukh\Downloads\GAMEEMO Dataset\Database for Emotion Recognition System Based on EEG Signals and Various Computer Games - GAMEEMO\GAMEEMO\(S23)\Preprocessed EEG Data\.csv format\S23G1AllChannels.csv,1024,1280,False,False,False,0,False,True,233.514600,5531.747657
S23,G1,boring,C:\Users\Sumukh\Downloads\GAMEEMO Dataset\Database for Emotion Recognition System Based on EEG Signals and Various Computer Games - GAMEEMO\GAMEEMO\(S23)\Preprocessed EEG Data\.csv format\S23G1AllChannels.csv,1280,1536,False,False,False,0,False,True,213.183400,2110.195507
S23,G1,boring,C:\Users\Sumukh\Downloads\GAMEEMO Dataset\Database for Emotion Recognition System Based on EEG Signals and Various Computer Games - GAMEEMO\GAMEEMO\(S23)\Preprocessed EEG Data\.csv format\S23G1AllChannels.csv,1792,2048,False,False,False,0,False,True,233.793700,3480.319065
S23,G1,boring,C:\Users\Sumukh\Downloads\GAMEEMO Dataset\Database for Emotion Recognition System Based on EEG Signals and Various Computer Games - GAMEEMO\GAMEEMO\(S23)\Preprocessed EEG Data\.csv format\S23G1AllChannels.csv,5376,5632,False,False,False,0,False,True,234.912300,6162.370873
S23,G1,boring,C:\Users\Sumukh\Downloads\GAMEEMO Dataset\Database for Emotion Recognition System Based on EEG Signals and Various Computer Games - GAMEEMO\GAMEEMO\(S23)\Preprocessed EEG Data\.csv format\S23G1AllChannels.csv,11264,11520,False,False,False,0,False,True,219.215900,1516.161610
S23,G1,boring,C:\Users\Sumukh\Downloads\GAMEEMO Dataset\Database for Emotion Recognition System Based on EEG Signals and Various Computer Games - GAMEEMO\GAMEEMO\(S23)\Preprocessed EEG Data\.csv format\S23G1AllChannels.csv,11520,11776,False,False,False,0,False,True,222.940500,1336.417209
S23,G1,boring,C:\Users\Sumukh\Downloads\GAMEEMO Dataset\Database for Emotion Recognition System Based on EEG Signals and Various Computer Games - GAMEEMO\GAMEEMO\(S23)\Preprocessed EEG Data\.csv format\S23G1AllChannels.csv,11776,12032,False,False,False,0,False,True,205.931800,1432.033497
S23,G1,boring,C:\Users\Sumukh\Downloads\GAMEEMO Dataset\Database for Emotion Recognition System Based on EEG Signals and Various Computer Games - GAMEEMO\GAMEEMO\(S23)\Preprocessed EEG Data\.csv format\S23G1AllChannels.csv,20224,20480,False,False,False,0,False,True,230.519600,3300.532277
S23,G1,boring,C:\Users\Sumukh\Downloads\GAMEEMO Dataset\Database for Emotion Recognition System Based on EEG Signals and Various Computer Games - GAMEEMO\GAMEEMO\(S23)\Preprocessed EEG Data\.csv format\S23G1AllChannels.csv,21504,21760,False,False,False,0,False,True,233.722500,2113.924093
S23,G1,boring,C:\Users\Sumukh\Downloads\GAMEEMO Dataset\Database for Emotion Recognition System Based on EEG Signals and Various Computer Games - GAMEEMO\GAMEEMO\(S23)\Preprocessed EEG Data\.csv format\S23G1AllChannels.csv,21760,22016,False,False,False,0,False,True,234.982500,2943.797566
S23,G1,boring,C:\Users\Sumukh\Downloads\GAMEEMO Dataset\Database for Emotion Recognition System Based on EEG Signals and Various Computer Games - GAMEEMO\GAMEEMO\(S23)\Preprocessed EEG Data\.csv format\S23G1AllChannels.csv,22016,22272,False,False,False,0,False,True,155.489200,1272.790363
S23,G1,boring,C:\Users\Sumukh\Downloads\GAMEEMO Dataset\Database for Emotion Recognition System Based on EEG Signals and Various Computer Games - GAMEEMO\GAMEEMO\(S23)\Preprocessed EEG Data\.csv format\S23G1AllChannels.csv,22272,22528,False,False,False,0,False,True,206.976500,1662.517883
S23,G1,boring,C:\Users\Sumukh\Downloads\GAMEEMO Dataset\Database for Emotion Recognition System Based on EEG Signals and Various Computer Games - GAMEEMO\GAMEEMO\(S23)\Preprocessed EEG Data\.csv format\S23G1AllChannels.csv,22784,23040,False,False,False,0,False,True,187.928100,2077.619462
S23,G1,boring,C:\Users\Sumukh\Downloads\GAMEEMO Dataset\Database for Emotion Recognition System Based on EEG Signals and Various Computer Games - GAMEEMO\GAMEEMO\(S23)\Preprocessed EEG Data\.csv format\S23G1AllChannels.csv,23040,23296,False,False,False,0,False,True,204.917600,3222.619038
S23,G1,boring,C:\Users\Sumukh\Downloads\GAMEEMO Dataset\Database for Emotion Recognition System Based on EEG Signals and Various Computer Games - GAMEEMO\GAMEEMO\(S23)\Preprocessed EEG Data\.csv format\S23G1AllChannels.csv,23296,23552,False,False,False,0,False,True,218.704300,3745.605114
S23,G1,boring,C:\Users\Sumukh\Downloads\GAMEEMO Dataset\Database for Emotion Recognition System Based on EEG Signals and Various Computer Games - GAMEEMO\GAMEEMO\(S23)\Preprocessed EEG Data\.csv format\S23G1AllChannels.csv,23552,23808,False,False,False,0,False,True,234.974600,4594.529814
S23,G1,boring,C:\Users\Sumukh\Downloads\GAMEEMO Dataset\Database for Emotion Recognition System Based on EEG Signals and Various Computer Games - GAMEEMO\GAMEEMO\(S23)\Preprocessed EEG Data\.csv format\S23G1AllChannels.csv,24320,24576,False,False,False,0,False,True,172.339900,2024.433125
S23,G1,boring,C:\Users\Sumukh\Downloads\GAMEEMO Dataset\Database for Emotion Recognition System Based on EEG Signals and Various Computer Games - GAMEEMO\GAMEEMO\(S23)\Preprocessed EEG Data\.csv format\S23G1AllChannels.csv,24576,24832,False,False,False,0,False,True,234.717000,3715.588347
S23,G1,boring,C:\Users\Sumukh\Downloads\GAMEEMO Dataset\Database for Emotion Recognition System Based on EEG Signals and Various Computer Games - GAMEEMO\GAMEEMO\(S23)\Preprocessed EEG Data\.csv format\S23G1AllChannels.csv,24832,25088,False,False,False,0,False,True,234.999900,9311.872096
S23,G1,boring,C:\Users\Sumukh\Downloads\GAMEEMO Dataset\Database for Emotion Recognition System Based on EEG Signals and Various Computer Games - GAMEEMO\GAMEEMO\(S23)\Preprocessed EEG Data\.csv format\S23G1AllChannels.csv,25088,25344,False,False,False,0,False,True,234.767400,8732.466228
S23,G1,boring,C:\Users\Sumukh\Downloads\GAMEEMO Dataset\Database for Emotion Recognition System Based on EEG Signals and Various Computer Games - GAMEEMO\GAMEEMO\(S23)\Preprocessed EEG Data\.csv format\S23G1AllChannels.csv,28416,28672,False,False,False,0,False,True,194.607200,1731.391064
S23,G1,boring,C:\Users\Sumukh\Downloads\GAMEEMO Dataset\Database for Emotion Recognition System Based on EEG Signals and Various Computer Games - GAMEEMO\GAMEEMO\(S23)\Preprocessed EEG Data\.csv format\S23G1AllChannels.csv,28928,29184,False,False,False,0,False,True,177.668900,2463.554813
S23,G1,boring,C:\Users\Sumukh\Downloads\GAMEEMO Dataset\Database for Emotion Recognition System Based on EEG Signals and Various Computer Games - GAMEEMO\GAMEEMO\(S23)\Preprocessed EEG Data\.csv format\S23G1AllChannels.csv,29184,29440,False,False,False,0,False,True,184.301700,2013.379301
S23,G1,boring,C:\Users\Sumukh\Downloads\GAMEEMO Dataset\Database for Emotion Recognition System Based on EEG Signals and Various Computer Games - GAMEEMO\GAMEEMO\(S23)\Preprocessed EEG Data\.csv format\S23G1AllChannels.csv,29440,29696,False,False,False,0,False,True,234.670700,9508.496234
S23,G1,boring,C:\Users\Sumukh\Downloads\GAMEEMO Dataset\Database for Emotion Recognition System Based on EEG Signals and Various Computer Games - GAMEEMO\GAMEEMO\(S23)\Preprocessed EEG Data\.csv format\S23G1AllChannels.csv,29696,29952,False,False,False,0,False,True,234.999700,4179.623715
S23,G1,boring,C:\Users\Sumukh\Downloads\GAMEEMO Dataset\Database for Emotion Recognition System Based on EEG Signals and Various Computer Games - GAMEEMO\GAMEEMO\(S23)\Preprocessed EEG Data\.csv format\S23G1AllChannels.csv,29952,30208,False,False,False,0,False,True,234.387900,3054.035040
S23,G1,boring,C:\Users\Sumukh\Downloads\GAMEEMO Dataset\Database for Emotion Recognition System Based on EEG Signals and Various Computer Games - GAMEEMO\GAMEEMO\(S23)\Preprocessed EEG Data\.csv format\S23G1AllChannels.csv,30208,30464,False,False,False,0,False,True,233.982900,1399.716977
S23,G1,boring,C:\Users\Sumukh\Downloads\GAMEEMO Dataset\Database for Emotion Recognition System Based on EEG Signals and Various Computer Games - GAMEEMO\GAMEEMO\(S23)\Preprocessed EEG Data\.csv format\S23G1AllChannels.csv,30720,30976,False,False,False,0,False,True,234.937300,10992.536892
S23,G1,boring,C:\Users\Sumukh\Downloads\GAMEEMO Dataset\Database for Emotion Recognition System Based on EEG Signals and Various Computer Games - GAMEEMO\GAMEEMO\(S23)\Preprocessed EEG Data\.csv format\S23G1AllChannels.csv,30976,31232,False,False,False,0,False,True,234.998700,3558.557158
S23,G1,boring,C:\Users\Sumukh\Downloads\GAMEEMO Dataset\Database for Emotion Recognition System Based on EEG Signals and Various Computer Games - GAMEEMO\GAMEEMO\(S23)\Preprocessed EEG Data\.csv format\S23G1AllChannels.csv,31232,31488,False,False,False,0,False,True,228.169000,2097.876073
S23,G1,boring,C:\Users\Sumukh\Downloads\GAMEEMO Dataset\Database for Emotion Recognition System Based on EEG Signals and Various Computer Games - GAMEEMO\GAMEEMO\(S23)\Preprocessed EEG Data\.csv format\S23G1AllChannels.csv,32512,32768,False,False,False,0,False,True,234.941100,6375.905440
S23,G1,boring,C:\Users\Sumukh\Downloads\GAMEEMO Dataset\Database for Emotion Recognition System Based on EEG Signals and Various Computer Games - GAMEEMO\GAMEEMO\(S23)\Preprocessed EEG Data\.csv format\S23G1AllChannels.csv,32768,33024,False,False,False,0,False,True,234.995600,1363.476332
S23,G1,boring,C:\Users\Sumukh\Downloads\GAMEEMO Dataset\Database for Emotion Recognition System Based on EEG Signals and Various Computer Games - GAMEEMO\GAMEEMO\(S23)\Preprocessed EEG Data\.csv format\S23G1AllChannels.csv,33280,33536,False,False,False,0,False,True,200.660500,2766.917707
S23,G1,boring,C:\Users\Sumukh\Downloads\GAMEEMO Dataset\Database for Emotion Recognition System Based on EEG Signals and Various Computer Games - GAMEEMO\GAMEEMO\(S23)\Preprocessed EEG Data\.csv format\S23G1AllChannels.csv,33536,33792,False,False,False,0,False,True,224.233200,2802.163672
S23,G1,boring,C:\Users\Sumukh\Downloads\GAMEEMO Dataset\Database for Emotion Recognition System Based on EEG Signals and Various Computer Games - GAMEEMO\GAMEEMO\(S23)\Preprocessed EEG Data\.csv format\S23G1AllChannels.csv,36096,36352,False,False,False,0,False,True,234.902600,3845.925350
S23,G1,boring,C:\Users\Sumukh\Downloads\GAMEEMO Dataset\Database for Emotion Recognition System Based on EEG Signals and Various Computer Games - GAMEEMO\GAMEEMO\(S23)\Preprocessed EEG Data\.csv format\S23G1AllChannels.csv,36864,37120,False,False,False,0,False,True,234.973500,5903.975549
S23,G1,boring,C:\Users\Sumukh\Downloads\GAMEEMO Dataset\Database for Emotion Recognition System Based on EEG Signals and Various Computer Games - GAMEEMO\GAMEEMO\(S23)\Preprocessed EEG Data\.csv format\S23G1AllChannels.csv,37120,37376,False,False,False,0,False,True,221.673200,1613.740779
S23,G2,calm,C:\Users\Sumukh\Downloads\GAMEEMO Dataset\Database for Emotion Recognition System Based on EEG Signals and Various Computer Games - GAMEEMO\GAMEEMO\(S23)\Preprocessed EEG Data\.csv format\S23G2AllChannels.csv,1536,1792,False,False,False,0,False,True,233.573400,6777.343389
S23,G2,calm,C:\Users\Sumukh\Downloads\GAMEEMO Dataset\Database for Emotion Recognition System Based on EEG Signals and Various Computer Games - GAMEEMO\GAMEEMO\(S23)\Preprocessed EEG Data\.csv format\S23G2AllChannels.csv,7936,8192,False,False,False,0,False,True,231.839400,5474.200062
S23,G2,calm,C:\Users\Sumukh\Downloads\GAMEEMO Dataset\Database for Emotion Recognition System Based on EEG Signals and Various Computer Games - GAMEEMO\GAMEEMO\(S23)\Preprocessed EEG Data\.csv format\S23G2AllChannels.csv,8192,8448,False,False,False,0,False,True,233.272900,3090.255642
S23,G2,calm,C:\Users\Sumukh\Downloads\GAMEEMO Dataset\Database for Emotion Recognition System Based on EEG Signals and Various Computer Games - GAMEEMO\GAMEEMO\(S23)\Preprocessed EEG Data\.csv format\S23G2AllChannels.csv,10496,10752,False,False,False,0,False,True,229.291000,2165.079289
S23,G2,calm,C:\Users\Sumukh\Downloads\GAMEEMO Dataset\Database for Emotion Recognition System Based on EEG Signals and Various Computer Games - GAMEEMO\GAMEEMO\(S23)\Preprocessed EEG Data\.csv format\S23G2AllChannels.csv,10752,11008,False,False,False,0,False,True,234.384600,2195.018270
S23,G2,calm,C:\Users\Sumukh\Downloads\GAMEEMO Dataset\Database for Emotion Recognition System Based on EEG Signals and Various Computer Games - GAMEEMO\GAMEEMO\(S23)\Preprocessed EEG Data\.csv format\S23G2AllChannels.csv,14848,15104,False,False,False,0,False,True,233.619600,4484.429939
S23,G2,calm,C:\Users\Sumukh\Downloads\GAMEEMO Dataset\Database for Emotion Recognition System Based on EEG Signals and Various Computer Games - GAMEEMO\GAMEEMO\(S23)\Preprocessed EEG Data\.csv format\S23G2AllChannels.csv,18688,18944,False,False,False,0,False,True,232.553900,11775.933361
S23,G2,calm,C:\Users\Sumukh\Downloads\GAMEEMO Dataset\Database for Emotion Recognition System Based on EEG Signals and Various Computer Games - GAMEEMO\GAMEEMO\(S23)\Preprocessed EEG Data\.csv format\S23G2AllChannels.csv,18944,19200,False,False,False,0,False,True,234.946000,4848.227433
S23,G2,calm,C:\Users\Sumukh\Downloads\GAMEEMO Dataset\Database for Emotion Recognition System Based on EEG Signals and Various Computer Games - GAMEEMO\GAMEEMO\(S23)\Preprocessed EEG Data\.csv format\S23G2AllChannels.csv,19456,19712,False,False,False,0,False,True,233.606200,2662.261484
S23,G2,calm,C:\Users\Sumukh\Downloads\GAMEEMO Dataset\Database for Emotion Recognition System Based on EEG Signals and Various Computer Games - GAMEEMO\GAMEEMO\(S23)\Preprocessed EEG Data\.csv format\S23G2AllChannels.csv,22528,22784,False,False,False,0,False,True,233.333300,2005.445759
S23,G2,calm,C:\Users\Sumukh\Downloads\GAMEEMO Dataset\Database for Emotion Recognition System Based on EEG Signals and Various Computer Games - GAMEEMO\GAMEEMO\(S23)\Preprocessed EEG Data\.csv format\S23G2AllChannels.csv,22784,23040,False,False,False,0,False,True,232.244700,4975.607581
S23,G2,calm,C:\Users\Sumukh\Downloads\GAMEEMO Dataset\Database for Emotion Recognition System Based on EEG Signals and Various Computer Games - GAMEEMO\GAMEEMO\(S23)\Preprocessed EEG Data\.csv format\S23G2AllChannels.csv,29440,29696,False,False,False,0,False,True,169.373000,1329.942210
S23,G2,calm,C:\Users\Sumukh\Downloads\GAMEEMO Dataset\Database for Emotion Recognition System Based on EEG Signals and Various Computer Games - GAMEEMO\GAMEEMO\(S23)\Preprocessed EEG Data\.csv format\S23G2AllChannels.csv,33792,34048,False,False,False,0,False,True,234.934600,11713.909945
S23,G2,calm,C:\Users\Sumukh\Downloads\GAMEEMO Dataset\Database for Emotion Recognition System Based on EEG Signals and Various Computer Games - GAMEEMO\GAMEEMO\(S23)\Preprocessed EEG Data\.csv format\S23G2AllChannels.csv,34048,34304,False,False,False,0,False,True,234.999100,2908.450315
S23,G2,calm,C:\Users\Sumukh\Downloads\GAMEEMO Dataset\Database for Emotion Recognition System Based on EEG Signals and Various Computer Games - GAMEEMO\GAMEEMO\(S23)\Preprocessed EEG Data\.csv format\S23G2AllChannels.csv,35840,36096,False,False,False,0,False,True,231.698900,3109.548651
S23,G2,calm,C:\Users\Sumukh\Downloads\GAMEEMO Dataset\Database for Emotion Recognition System Based on EEG Signals and Various Computer Games - GAMEEMO\GAMEEMO\(S23)\Preprocessed EEG Data\.csv format\S23G2AllChannels.csv,36864,37120,False,False,False,0,False,True,234.940000,15304.892775
S23,G2,calm,C:\Users\Sumukh\Downloads\GAMEEMO Dataset\Database for Emotion Recognition System Based on EEG Signals and Various Computer Games - GAMEEMO\GAMEEMO\(S23)\Preprocessed EEG Data\.csv format\S23G2AllChannels.csv,37120,37376,False,False,False,0,False,True,234.999900,11862.478105
S23,G2,calm,C:\Users\Sumukh\Downloads\GAMEEMO Dataset\Database for Emotion Recognition System Based on EEG Signals and Various Computer Games - GAMEEMO\GAMEEMO\(S23)\Preprocessed EEG Data\.csv format\S23G2AllChannels.csv,37376,37632,False,False,False,0,False,True,235.000000,2591.284347
S23,G2,calm,C:\Users\Sumukh\Downloads\GAMEEMO Dataset\Database for Emotion Recognition System Based on EEG Signals and Various Computer Games - GAMEEMO\GAMEEMO\(S23)\Preprocessed EEG Data\.csv format\S23G2AllChannels.csv,37632,37888,False,False,False,0,False,True,234.136000,2661.866891
S23,G3,horror,C:\Users\Sumukh\Downloads\GAMEEMO Dataset\Database for Emotion Recognition System Based on EEG Signals and Various Computer Games - GAMEEMO\GAMEEMO\(S23)\Preprocessed EEG Data\.csv format\S23G3AllChannels.csv,0,256,False,False,False,0,False,True,159.327500,1347.180664
S23,G3,horror,C:\Users\Sumukh\Downloads\GAMEEMO Dataset\Database for Emotion Recognition System Based on EEG Signals and Various Computer Games - GAMEEMO\GAMEEMO\(S23)\Preprocessed EEG Data\.csv format\S23G3AllChannels.csv,256,512,False,False,False,0,False,True,177.938300,1338.484921
S23,G3,horror,C:\Users\Sumukh\Downloads\GAMEEMO Dataset\Database for Emotion Recognition System Based on EEG Signals and Various Computer Games - GAMEEMO\GAMEEMO\(S23)\Preprocessed EEG Data\.csv format\S23G3AllChannels.csv,5120,5376,False,False,False,0,False,True,216.637300,2692.806664
S23,G3,horror,C:\Users\Sumukh\Downloads\GAMEEMO Dataset\Database for Emotion Recognition System Based on EEG Signals and Various Computer Games - GAMEEMO\GAMEEMO\(S23)\Preprocessed EEG Data\.csv format\S23G3AllChannels.csv,5376,5632,False,False,False,0,False,True,219.440200,1379.904051
S23,G3,horror,C:\Users\Sumukh\Downloads\GAMEEMO Dataset\Database for Emotion Recognition System Based on EEG Signals and Various Computer Games - GAMEEMO\GAMEEMO\(S23)\Preprocessed EEG Data\.csv format\S23G3AllChannels.csv,21760,22016,False,False,False,0,False,True,203.991300,1599.077156
S23,G3,horror,C:\Users\Sumukh\Downloads\GAMEEMO Dataset\Database for Emotion Recognition System Based on EEG Signals and Various Computer Games - GAMEEMO\GAMEEMO\(S23)\Preprocessed EEG Data\.csv format\S23G3AllChannels.csv,27904,28160,False,False,False,0,False,True,215.847200,2231.089181
S23,G3,horror,C:\Users\Sumukh\Downloads\GAMEEMO Dataset\Database for Emotion Recognition System Based on EEG Signals and Various Computer Games - GAMEEMO\GAMEEMO\(S23)\Preprocessed EEG Data\.csv format\S23G3AllChannels.csv,28160,28416,False,False,False,0,False,True,216.088300,3437.005978
S23,G3,horror,C:\Users\Sumukh\Downloads\GAMEEMO Dataset\Database for Emotion Recognition System Based on EEG Signals and Various Computer Games - GAMEEMO\GAMEEMO\(S23)\Preprocessed EEG Data\.csv format\S23G3AllChannels.csv,28416,28672,False,False,False,0,False,True,176.603700,1907.245190
S23,G4,funny,C:\Users\Sumukh\Downloads\GAMEEMO Dataset\Database for Emotion Recognition System Based on EEG Signals and Various Computer Games - GAMEEMO\GAMEEMO\(S23)\Preprocessed EEG Data\.csv format\S23G4AllChannels.csv,0,256,False,False,False,0,False,True,229.524000,6958.607785
S23,G4,funny,C:\Users\Sumukh\Downloads\GAMEEMO Dataset\Database for Emotion Recognition System Based on EEG Signals and Various Computer Games - GAMEEMO\GAMEEMO\(S23)\Preprocessed EEG Data\.csv format\S23G4AllChannels.csv,256,512,False,False,False,0,False,True,213.386400,4285.126390
S23,G4,funny,C:\Users\Sumukh\Downloads\GAMEEMO Dataset\Database for Emotion Recognition System Based on EEG Signals and Various Computer Games - GAMEEMO\GAMEEMO\(S23)\Preprocessed EEG Data\.csv format\S23G4AllChannels.csv,512,768,False,False,False,0,False,True,217.661000,2077.720778
S23,G4,funny,C:\Users\Sumukh\Downloads\GAMEEMO Dataset\Database for Emotion Recognition System Based on EEG Signals and Various Computer Games - GAMEEMO\GAMEEMO\(S23)\Preprocessed EEG Data\.csv format\S23G4AllChannels.csv,2048,2304,False,False,False,0,False,True,188.914900,2319.966586
S23,G4,funny,C:\Users\Sumukh\Downloads\GAMEEMO Dataset\Database for Emotion Recognition System Based on EEG Signals and Various Computer Games - GAMEEMO\GAMEEMO\(S23)\Preprocessed EEG Data\.csv format\S23G4AllChannels.csv,14336,14592,False,False,False,0,False,True,233.776800,2925.490683
S23,G4,funny,C:\Users\Sumukh\Downloads\GAMEEMO Dataset\Database for Emotion Recognition System Based on EEG Signals and Various Computer Games - GAMEEMO\GAMEEMO\(S23)\Preprocessed EEG Data\.csv format\S23G4AllChannels.csv,18432,18688,False,False,False,0,False,True,234.819300,7485.761609
S23,G4,funny,C:\Users\Sumukh\Downloads\GAMEEMO Dataset\Database for Emotion Recognition System Based on EEG Signals and Various Computer Games - GAMEEMO\GAMEEMO\(S23)\Preprocessed EEG Data\.csv format\S23G4AllChannels.csv,18688,18944,False,False,False,0,False,True,218.366300,1360.819378
S23,G4,funny,C:\Users\Sumukh\Downloads\GAMEEMO Dataset\Database for Emotion Recognition System Based on EEG Signals and Various Computer Games - GAMEEMO\GAMEEMO\(S23)\Preprocessed EEG Data\.csv format\S23G4AllChannels.csv,25344,25600,False,False,False,0,False,True,234.999300,3333.581065
S23,G4,funny,C:\Users\Sumukh\Downloads\GAMEEMO Dataset\Database for Emotion Recognition System Based on EEG Signals and Various Computer Games - GAMEEMO\GAMEEMO\(S23)\Preprocessed EEG Data\.csv format\S23G4AllChannels.csv,31232,31488,False,False,False,0,False,True,231.515700,1987.262690
S24,G1,boring,C:\Users\Sumukh\Downloads\GAMEEMO Dataset\Database for Emotion Recognition System Based on EEG Signals and Various Computer Games - GAMEEMO\GAMEEMO\(S24)\Preprocessed EEG Data\.csv format\S24G1AllChannels.csv,0,256,False,False,False,0,True,True,680.709800,3557.508976
S24,G2,calm,C:\Users\Sumukh\Downloads\GAMEEMO Dataset\Database for Emotion Recognition System Based on EEG Signals and Various Computer Games - GAMEEMO\GAMEEMO\(S24)\Preprocessed EEG Data\.csv format\S24G2AllChannels.csv,5120,5376,False,False,False,0,False,True,234.637500,4377.526668
S24,G2,calm,C:\Users\Sumukh\Downloads\GAMEEMO Dataset\Database for Emotion Recognition System Based on EEG Signals and Various Computer Games - GAMEEMO\GAMEEMO\(S24)\Preprocessed EEG Data\.csv format\S24G2AllChannels.csv,5376,5632,False,False,False,0,False,True,234.995000,2617.103818
S24,G2,calm,C:\Users\Sumukh\Downloads\GAMEEMO Dataset\Database for Emotion Recognition System Based on EEG Signals and Various Computer Games - GAMEEMO\GAMEEMO\(S24)\Preprocessed EEG Data\.csv format\S24G2AllChannels.csv,11520,11776,False,False,False,0,False,True,229.938400,1290.941284
S24,G2,calm,C:\Users\Sumukh\Downloads\GAMEEMO Dataset\Database for Emotion Recognition System Based on EEG Signals and Various Computer Games - GAMEEMO\GAMEEMO\(S24)\Preprocessed EEG Data\.csv format\S24G2AllChannels.csv,17920,18176,False,False,False,0,False,True,233.319000,1542.234264
S24,G2,calm,C:\Users\Sumukh\Downloads\GAMEEMO Dataset\Database for Emotion Recognition System Based on EEG Signals and Various Computer Games - GAMEEMO\GAMEEMO\(S24)\Preprocessed EEG Data\.csv format\S24G2AllChannels.csv,19200,19456,False,False,False,0,False,True,232.730600,1304.451063
S24,G2,calm,C:\Users\Sumukh\Downloads\GAMEEMO Dataset\Database for Emotion Recognition System Based on EEG Signals and Various Computer Games - GAMEEMO\GAMEEMO\(S24)\Preprocessed EEG Data\.csv format\S24G2AllChannels.csv,24832,25088,False,False,False,0,False,True,234.928700,4648.816006
S24,G2,calm,C:\Users\Sumukh\Downloads\GAMEEMO Dataset\Database for Emotion Recognition System Based on EEG Signals and Various Computer Games - GAMEEMO\GAMEEMO\(S24)\Preprocessed EEG Data\.csv format\S24G2AllChannels.csv,25088,25344,False,False,False,0,False,True,234.998500,5467.681091
S24,G2,calm,C:\Users\Sumukh\Downloads\GAMEEMO Dataset\Database for Emotion Recognition System Based on EEG Signals and Various Computer Games - GAMEEMO\GAMEEMO\(S24)\Preprocessed EEG Data\.csv format\S24G2AllChannels.csv,33280,33536,False,False,False,0,False,True,229.321000,1661.792607
S24,G2,calm,C:\Users\Sumukh\Downloads\GAMEEMO Dataset\Database for Emotion Recognition System Based on EEG Signals and Various Computer Games - GAMEEMO\GAMEEMO\(S24)\Preprocessed EEG Data\.csv format\S24G2AllChannels.csv,34048,34304,False,False,False,0,False,True,233.453800,4376.301918
S24,G2,calm,C:\Users\Sumukh\Downloads\GAMEEMO Dataset\Database for Emotion Recognition System Based on EEG Signals and Various Computer Games - GAMEEMO\GAMEEMO\(S24)\Preprocessed EEG Data\.csv format\S24G2AllChannels.csv,34816,35072,False,False,False,0,False,True,234.153600,4656.839459
S24,G2,calm,C:\Users\Sumukh\Downloads\GAMEEMO Dataset\Database for Emotion Recognition System Based on EEG Signals and Various Computer Games - GAMEEMO\GAMEEMO\(S24)\Preprocessed EEG Data\.csv format\S24G2AllChannels.csv,35840,36096,False,False,False,0,False,True,227.505700,1778.601631
S24,G2,calm,C:\Users\Sumukh\Downloads\GAMEEMO Dataset\Database for Emotion Recognition System Based on EEG Signals and Various Computer Games - GAMEEMO\GAMEEMO\(S24)\Preprocessed EEG Data\.csv format\S24G2AllChannels.csv,36096,36352,False,False,False,0,False,True,234.747900,4269.176141
S24,G2,calm,C:\Users\Sumukh\Downloads\GAMEEMO Dataset\Database for Emotion Recognition System Based on EEG Signals and Various Computer Games - GAMEEMO\GAMEEMO\(S24)\Preprocessed EEG Data\.csv format\S24G2AllChannels.csv,36608,36864,False,False,False,0,False,True,206.528200,1575.344832
S24,G3,horror,C:\Users\Sumukh\Downloads\GAMEEMO Dataset\Database for Emotion Recognition System Based on EEG Signals and Various Computer Games - GAMEEMO\GAMEEMO\(S24)\Preprocessed EEG Data\.csv format\S24G3AllChannels.csv,0,256,False,False,False,0,False,True,273.613600,3532.368674
S24,G3,horror,C:\Users\Sumukh\Downloads\GAMEEMO Dataset\Database for Emotion Recognition System Based on EEG Signals and Various Computer Games - GAMEEMO\GAMEEMO\(S24)\Preprocessed EEG Data\.csv format\S24G3AllChannels.csv,4864,5120,False,False,False,0,False,True,232.423500,5051.732301
S24,G3,horror,C:\Users\Sumukh\Downloads\GAMEEMO Dataset\Database for Emotion Recognition System Based on EEG Signals and Various Computer Games - GAMEEMO\GAMEEMO\(S24)\Preprocessed EEG Data\.csv format\S24G3AllChannels.csv,5376,5632,False,False,False,0,False,True,231.451600,2026.784612
S24,G3,horror,C:\Users\Sumukh\Downloads\GAMEEMO Dataset\Database for Emotion Recognition System Based on EEG Signals and Various Computer Games - GAMEEMO\GAMEEMO\(S24)\Preprocessed EEG Data\.csv format\S24G3AllChannels.csv,5632,5888,False,False,False,0,False,True,234.834900,2600.275291
S24,G3,horror,C:\Users\Sumukh\Downloads\GAMEEMO Dataset\Database for Emotion Recognition System Based on EEG Signals and Various Computer Games - GAMEEMO\GAMEEMO\(S24)\Preprocessed EEG Data\.csv format\S24G3AllChannels.csv,17664,17920,False,False,False,0,False,True,232.267100,2800.808481
S24,G3,horror,C:\Users\Sumukh\Downloads\GAMEEMO Dataset\Database for Emotion Recognition System Based on EEG Signals and Various Computer Games - GAMEEMO\GAMEEMO\(S24)\Preprocessed EEG Data\.csv format\S24G3AllChannels.csv,17920,18176,False,False,False,0,False,True,234.250300,2791.302726
S24,G3,horror,C:\Users\Sumukh\Downloads\GAMEEMO Dataset\Database for Emotion Recognition System Based on EEG Signals and Various Computer Games - GAMEEMO\GAMEEMO\(S24)\Preprocessed EEG Data\.csv format\S24G3AllChannels.csv,19200,19456,False,False,False,0,False,True,232.689500,2707.079273
S24,G3,horror,C:\Users\Sumukh\Downloads\GAMEEMO Dataset\Database for Emotion Recognition System Based on EEG Signals and Various Computer Games - GAMEEMO\GAMEEMO\(S24)\Preprocessed EEG Data\.csv format\S24G3AllChannels.csv,19456,19712,False,False,False,0,False,True,234.908000,3160.432276
S24,G3,horror,C:\Users\Sumukh\Downloads\GAMEEMO Dataset\Database for Emotion Recognition System Based on EEG Signals and Various Computer Games - GAMEEMO\GAMEEMO\(S24)\Preprocessed EEG Data\.csv format\S24G3AllChannels.csv,19712,19968,False,False,False,0,False,True,230.575200,1510.360890
S24,G3,horror,C:\Users\Sumukh\Downloads\GAMEEMO Dataset\Database for Emotion Recognition System Based on EEG Signals and Various Computer Games - GAMEEMO\GAMEEMO\(S24)\Preprocessed EEG Data\.csv format\S24G3AllChannels.csv,20224,20480,False,False,False,0,False,True,228.885900,2299.220210
S24,G3,horror,C:\Users\Sumukh\Downloads\GAMEEMO Dataset\Database for Emotion Recognition System Based on EEG Signals and Various Computer Games - GAMEEMO\GAMEEMO\(S24)\Preprocessed EEG Data\.csv format\S24G3AllChannels.csv,22272,22528,False,False,False,0,False,True,217.537200,1538.112497
S24,G3,horror,C:\Users\Sumukh\Downloads\GAMEEMO Dataset\Database for Emotion Recognition System Based on EEG Signals and Various Computer Games - GAMEEMO\GAMEEMO\(S24)\Preprocessed EEG Data\.csv format\S24G3AllChannels.csv,28928,29184,False,False,False,0,False,True,232.729500,3951.686357
S24,G3,horror,C:\Users\Sumukh\Downloads\GAMEEMO Dataset\Database for Emotion Recognition System Based on EEG Signals and Various Computer Games - GAMEEMO\GAMEEMO\(S24)\Preprocessed EEG Data\.csv format\S24G3AllChannels.csv,29440,29696,False,False,False,0,False,True,208.003900,1575.821710
S24,G4,funny,C:\Users\Sumukh\Downloads\GAMEEMO Dataset\Database for Emotion Recognition System Based on EEG Signals and Various Computer Games - GAMEEMO\GAMEEMO\(S24)\Preprocessed EEG Data\.csv format\S24G4AllChannels.csv,0,256,False,False,False,0,False,True,229.912500,1558.858061
S24,G4,funny,C:\Users\Sumukh\Downloads\GAMEEMO Dataset\Database for Emotion Recognition System Based on EEG Signals and Various Computer Games - GAMEEMO\GAMEEMO\(S24)\Preprocessed EEG Data\.csv format\S24G4AllChannels.csv,256,512,False,False,False,0,False,True,234.703300,3481.908807
S24,G4,funny,C:\Users\Sumukh\Downloads\GAMEEMO Dataset\Database for Emotion Recognition System Based on EEG Signals and Various Computer Games - GAMEEMO\GAMEEMO\(S24)\Preprocessed EEG Data\.csv format\S24G4AllChannels.csv,4864,5120,False,False,False,0,False,True,227.407400,2257.138839
S24,G4,funny,C:\Users\Sumukh\Downloads\GAMEEMO Dataset\Database for Emotion Recognition System Based on EEG Signals and Various Computer Games - GAMEEMO\GAMEEMO\(S24)\Preprocessed EEG Data\.csv format\S24G4AllChannels.csv,5120,5376,False,False,False,0,False,True,234.757400,4837.449154
S24,G4,funny,C:\Users\Sumukh\Downloads\GAMEEMO Dataset\Database for Emotion Recognition System Based on EEG Signals and Various Computer Games - GAMEEMO\GAMEEMO\(S24)\Preprocessed EEG Data\.csv format\S24G4AllChannels.csv,5632,5888,False,False,False,0,False,True,217.666400,2066.057034
S24,G4,funny,C:\Users\Sumukh\Downloads\GAMEEMO Dataset\Database for Emotion Recognition System Based on EEG Signals and Various Computer Games - GAMEEMO\GAMEEMO\(S24)\Preprocessed EEG Data\.csv format\S24G4AllChannels.csv,20224,20480,False,False,False,0,False,True,234.937200,2062.264267
S24,G4,funny,C:\Users\Sumukh\Downloads\GAMEEMO Dataset\Database for Emotion Recognition System Based on EEG Signals and Various Computer Games - GAMEEMO\GAMEEMO\(S24)\Preprocessed EEG Data\.csv format\S24G4AllChannels.csv,20992,21248,False,False,False,0,False,True,206.685200,1598.938147
S24,G4,funny,C:\Users\Sumukh\Downloads\GAMEEMO Dataset\Database for Emotion Recognition System Based on EEG Signals and Various Computer Games - GAMEEMO\GAMEEMO\(S24)\Preprocessed EEG Data\.csv format\S24G4AllChannels.csv,31744,32000,False,False,False,0,False,True,225.307300,1306.011937
S25,G1,boring,C:\Users\Sumukh\Downloads\GAMEEMO Dataset\Database for Emotion Recognition System Based on EEG Signals and Various Computer Games - GAMEEMO\GAMEEMO\(S25)\Preprocessed EEG Data\.csv format\S25G1AllChannels.csv,22528,22784,False,False,False,0,False,True,231.903900,3815.990287
S25,G1,boring,C:\Users\Sumukh\Downloads\GAMEEMO Dataset\Database for Emotion Recognition System Based on EEG Signals and Various Computer Games - GAMEEMO\GAMEEMO\(S25)\Preprocessed EEG Data\.csv format\S25G1AllChannels.csv,22784,23040,False,False,False,0,False,True,185.451200,1362.755083
S25,G1,boring,C:\Users\Sumukh\Downloads\GAMEEMO Dataset\Database for Emotion Recognition System Based on EEG Signals and Various Computer Games - GAMEEMO\GAMEEMO\(S25)\Preprocessed EEG Data\.csv format\S25G1AllChannels.csv,23296,23552,False,False,False,0,False,True,223.655600,2472.833696
S25,G1,boring,C:\Users\Sumukh\Downloads\GAMEEMO Dataset\Database for Emotion Recognition System Based on EEG Signals and Various Computer Games - GAMEEMO\GAMEEMO\(S25)\Preprocessed EEG Data\.csv format\S25G1AllChannels.csv,24320,24576,False,False,False,0,False,True,168.509400,1376.950080
S25,G1,boring,C:\Users\Sumukh\Downloads\GAMEEMO Dataset\Database for Emotion Recognition System Based on EEG Signals and Various Computer Games - GAMEEMO\GAMEEMO\(S25)\Preprocessed EEG Data\.csv format\S25G1AllChannels.csv,28672,28928,False,False,False,0,False,True,232.780900,3366.662735
S25,G1,boring,C:\Users\Sumukh\Downloads\GAMEEMO Dataset\Database for Emotion Recognition System Based on EEG Signals and Various Computer Games - GAMEEMO\GAMEEMO\(S25)\Preprocessed EEG Data\.csv format\S25G1AllChannels.csv,36352,36608,False,False,False,0,False,True,234.311600,2272.737710
S25,G2,calm,C:\Users\Sumukh\Downloads\GAMEEMO Dataset\Database for Emotion Recognition System Based on EEG Signals and Various Computer Games - GAMEEMO\GAMEEMO\(S25)\Preprocessed EEG Data\.csv format\S25G2AllChannels.csv,6656,6912,False,False,False,0,False,True,159.968700,1440.547398
S25,G2,calm,C:\Users\Sumukh\Downloads\GAMEEMO Dataset\Database for Emotion Recognition System Based on EEG Signals and Various Computer Games - GAMEEMO\GAMEEMO\(S25)\Preprocessed EEG Data\.csv format\S25G2AllChannels.csv,6912,7168,False,False,False,0,False,True,200.288200,1414.711065
S25,G2,calm,C:\Users\Sumukh\Downloads\GAMEEMO Dataset\Database for Emotion Recognition System Based on EEG Signals and Various Computer Games - GAMEEMO\GAMEEMO\(S25)\Preprocessed EEG Data\.csv format\S25G2AllChannels.csv,7168,7424,False,False,False,0,False,True,163.850500,1284.449303
S25,G2,calm,C:\Users\Sumukh\Downloads\GAMEEMO Dataset\Database for Emotion Recognition System Based on EEG Signals and Various Computer Games - GAMEEMO\GAMEEMO\(S25)\Preprocessed EEG Data\.csv format\S25G2AllChannels.csv,15616,15872,False,False,False,0,False,True,223.799200,1295.440844
S25,G2,calm,C:\Users\Sumukh\Downloads\GAMEEMO Dataset\Database for Emotion Recognition System Based on EEG Signals and Various Computer Games - GAMEEMO\GAMEEMO\(S25)\Preprocessed EEG Data\.csv format\S25G2AllChannels.csv,19200,19456,False,False,False,0,False,True,234.985400,7079.282822
S25,G2,calm,C:\Users\Sumukh\Downloads\GAMEEMO Dataset\Database for Emotion Recognition System Based on EEG Signals and Various Computer Games - GAMEEMO\GAMEEMO\(S25)\Preprocessed EEG Data\.csv format\S25G2AllChannels.csv,19456,19712,False,False,False,0,False,True,235.000000,4459.305274
S25,G2,calm,C:\Users\Sumukh\Downloads\GAMEEMO Dataset\Database for Emotion Recognition System Based on EEG Signals and Various Computer Games - GAMEEMO\GAMEEMO\(S25)\Preprocessed EEG Data\.csv format\S25G2AllChannels.csv,19712,19968,False,False,False,0,False,True,235.000000,1680.935536
S25,G2,calm,C:\Users\Sumukh\Downloads\GAMEEMO Dataset\Database for Emotion Recognition System Based on EEG Signals and Various Computer Games - GAMEEMO\GAMEEMO\(S25)\Preprocessed EEG Data\.csv format\S25G2AllChannels.csv,22016,22272,False,False,False,0,False,True,222.625700,5038.696599
S25,G2,calm,C:\Users\Sumukh\Downloads\GAMEEMO Dataset\Database for Emotion Recognition System Based on EEG Signals and Various Computer Games - GAMEEMO\GAMEEMO\(S25)\Preprocessed EEG Data\.csv format\S25G2AllChannels.csv,26624,26880,False,False,False,0,False,True,230.627400,1509.192973
S25,G2,calm,C:\Users\Sumukh\Downloads\GAMEEMO Dataset\Database for Emotion Recognition System Based on EEG Signals and Various Computer Games - GAMEEMO\GAMEEMO\(S25)\Preprocessed EEG Data\.csv format\S25G2AllChannels.csv,28416,28672,False,False,False,0,False,True,178.321300,1430.933329
S25,G2,calm,C:\Users\Sumukh\Downloads\GAMEEMO Dataset\Database for Emotion Recognition System Based on EEG Signals and Various Computer Games - GAMEEMO\GAMEEMO\(S25)\Preprocessed EEG Data\.csv format\S25G2AllChannels.csv,28672,28928,False,False,False,0,False,True,209.470600,2853.425602
S25,G2,calm,C:\Users\Sumukh\Downloads\GAMEEMO Dataset\Database for Emotion Recognition System Based on EEG Signals and Various Computer Games - GAMEEMO\GAMEEMO\(S25)\Preprocessed EEG Data\.csv format\S25G2AllChannels.csv,34816,35072,False,False,False,0,False,True,229.443200,9369.864912
S25,G2,calm,C:\Users\Sumukh\Downloads\GAMEEMO Dataset\Database for Emotion Recognition System Based on EEG Signals and Various Computer Games - GAMEEMO\GAMEEMO\(S25)\Preprocessed EEG Data\.csv format\S25G2AllChannels.csv,35072,35328,False,False,False,0,False,True,212.778700,2017.977791
S25,G2,calm,C:\Users\Sumukh\Downloads\GAMEEMO Dataset\Database for Emotion Recognition System Based on EEG Signals and Various Computer Games - GAMEEMO\GAMEEMO\(S25)\Preprocessed EEG Data\.csv format\S25G2AllChannels.csv,37376,37632,False,False,False,0,False,True,218.397900,1435.459364
S25,G3,horror,C:\Users\Sumukh\Downloads\GAMEEMO Dataset\Database for Emotion Recognition System Based on EEG Signals and Various Computer Games - GAMEEMO\GAMEEMO\(S25)\Preprocessed EEG Data\.csv format\S25G3AllChannels.csv,0,256,False,False,False,0,False,True,201.348100,1600.956233
S25,G4,funny,C:\Users\Sumukh\Downloads\GAMEEMO Dataset\Database for Emotion Recognition System Based on EEG Signals and Various Computer Games - GAMEEMO\GAMEEMO\(S25)\Preprocessed EEG Data\.csv format\S25G4AllChannels.csv,0,256,False,False,False,0,True,True,549.111300,4140.779436
S25,G4,funny,C:\Users\Sumukh\Downloads\GAMEEMO Dataset\Database for Emotion Recognition System Based on EEG Signals and Various Computer Games - GAMEEMO\GAMEEMO\(S25)\Preprocessed EEG Data\.csv format\S25G4AllChannels.csv,2048,2304,False,False,False,0,False,True,175.357000,1928.530863
S25,G4,funny,C:\Users\Sumukh\Downloads\GAMEEMO Dataset\Database for Emotion Recognition System Based on EEG Signals and Various Computer Games - GAMEEMO\GAMEEMO\(S25)\Preprocessed EEG Data\.csv format\S25G4AllChannels.csv,2304,2560,False,False,False,0,False,True,228.380600,1919.158484
S25,G4,funny,C:\Users\Sumukh\Downloads\GAMEEMO Dataset\Database for Emotion Recognition System Based on EEG Signals and Various Computer Games - GAMEEMO\GAMEEMO\(S25)\Preprocessed EEG Data\.csv format\S25G4AllChannels.csv,6144,6400,False,False,False,0,False,True,231.634300,7511.271655
S25,G4,funny,C:\Users\Sumukh\Downloads\GAMEEMO Dataset\Database for Emotion Recognition System Based on EEG Signals and Various Computer Games - GAMEEMO\GAMEEMO\(S25)\Preprocessed EEG Data\.csv format\S25G4AllChannels.csv,7168,7424,False,False,False,0,False,True,234.702000,1740.358661
S25,G4,funny,C:\Users\Sumukh\Downloads\GAMEEMO Dataset\Database for Emotion Recognition System Based on EEG Signals and Various Computer Games - GAMEEMO\GAMEEMO\(S25)\Preprocessed EEG Data\.csv format\S25G4AllChannels.csv,7424,7680,False,False,False,0,False,True,234.996700,3290.801992
S25,G4,funny,C:\Users\Sumukh\Downloads\GAMEEMO Dataset\Database for Emotion Recognition System Based on EEG Signals and Various Computer Games - GAMEEMO\GAMEEMO\(S25)\Preprocessed EEG Data\.csv format\S25G4AllChannels.csv,12288,12544,False,False,False,0,False,True,212.957200,2141.623988
S25,G4,funny,C:\Users\Sumukh\Downloads\GAMEEMO Dataset\Database for Emotion Recognition System Based on EEG Signals and Various Computer Games - GAMEEMO\GAMEEMO\(S25)\Preprocessed EEG Data\.csv format\S25G4AllChannels.csv,12544,12800,False,False,False,0,False,True,231.875400,10711.249668
S25,G4,funny,C:\Users\Sumukh\Downloads\GAMEEMO Dataset\Database for Emotion Recognition System Based on EEG Signals and Various Computer Games - GAMEEMO\GAMEEMO\(S25)\Preprocessed EEG Data\.csv format\S25G4AllChannels.csv,13056,13312,False,False,False,0,False,True,154.176700,1265.644002
S25,G4,funny,C:\Users\Sumukh\Downloads\GAMEEMO Dataset\Database for Emotion Recognition System Based on EEG Signals and Various Computer Games - GAMEEMO\GAMEEMO\(S25)\Preprocessed EEG Data\.csv format\S25G4AllChannels.csv,13312,13568,False,False,False,0,False,True,190.259600,1734.299691
S25,G4,funny,C:\Users\Sumukh\Downloads\GAMEEMO Dataset\Database for Emotion Recognition System Based on EEG Signals and Various Computer Games - GAMEEMO\GAMEEMO\(S25)\Preprocessed EEG Data\.csv format\S25G4AllChannels.csv,14336,14592,False,False,False,0,False,True,187.526600,1563.185001
S25,G4,funny,C:\Users\Sumukh\Downloads\GAMEEMO Dataset\Database for Emotion Recognition System Based on EEG Signals and Various Computer Games - GAMEEMO\GAMEEMO\(S25)\Preprocessed EEG Data\.csv format\S25G4AllChannels.csv,19200,19456,False,False,False,0,False,True,229.983700,1680.668301
S25,G4,funny,C:\Users\Sumukh\Downloads\GAMEEMO Dataset\Database for Emotion Recognition System Based on EEG Signals and Various Computer Games - GAMEEMO\GAMEEMO\(S25)\Preprocessed EEG Data\.csv format\S25G4AllChannels.csv,32768,33024,False,False,False,0,False,True,210.660700,2189.569788
S25,G4,funny,C:\Users\Sumukh\Downloads\GAMEEMO Dataset\Database for Emotion Recognition System Based on EEG Signals and Various Computer Games - GAMEEMO\GAMEEMO\(S25)\Preprocessed EEG Data\.csv format\S25G4AllChannels.csv,33024,33280,False,False,False,0,False,True,234.988200,12625.459088
S25,G4,funny,C:\Users\Sumukh\Downloads\GAMEEMO Dataset\Database for Emotion Recognition System Based on EEG Signals and Various Computer Games - GAMEEMO\GAMEEMO\(S25)\Preprocessed EEG Data\.csv format\S25G4AllChannels.csv,33280,33536,False,False,False,0,False,True,234.995100,4297.397192
S25,G4,funny,C:\Users\Sumukh\Downloads\GAMEEMO Dataset\Database for Emotion Recognition System Based on EEG Signals and Various Computer Games - GAMEEMO\GAMEEMO\(S25)\Preprocessed EEG Data\.csv format\S25G4AllChannels.csv,33792,34048,False,False,False,0,False,True,232.818900,4326.631696
S25,G4,funny,C:\Users\Sumukh\Downloads\GAMEEMO Dataset\Database for Emotion Recognition System Based on EEG Signals and Various Computer Games - GAMEEMO\GAMEEMO\(S25)\Preprocessed EEG Data\.csv format\S25G4AllChannels.csv,34048,34304,False,False,False,0,False,True,234.981100,5411.248947
S25,G4,funny,C:\Users\Sumukh\Downloads\GAMEEMO Dataset\Database for Emotion Recognition System Based on EEG Signals and Various Computer Games - GAMEEMO\GAMEEMO\(S25)\Preprocessed EEG Data\.csv format\S25G4AllChannels.csv,34304,34560,False,False,False,0,False,True,234.999000,1554.807249
S25,G4,funny,C:\Users\Sumukh\Downloads\GAMEEMO Dataset\Database for Emotion Recognition System Based on EEG Signals and Various Computer Games - GAMEEMO\GAMEEMO\(S25)\Preprocessed EEG Data\.csv format\S25G4AllChannels.csv,37120,37376,False,False,False,0,False,True,228.261300,5415.956826
S25,G4,funny,C:\Users\Sumukh\Downloads\GAMEEMO Dataset\Database for Emotion Recognition System Based on EEG Signals and Various Computer Games - GAMEEMO\GAMEEMO\(S25)\Preprocessed EEG Data\.csv format\S25G4AllChannels.csv,37376,37632,False,False,False,0,False,True,219.883300,3594.747396
S25,G4,funny,C:\Users\Sumukh\Downloads\GAMEEMO Dataset\Database for Emotion Recognition System Based on EEG Signals and Various Computer Games - GAMEEMO\GAMEEMO\(S25)\Preprocessed EEG Data\.csv format\S25G4AllChannels.csv,37888,38144,False,False,False,0,False,True,186.730800,2751.802224
S26,G1,boring,C:\Users\Sumukh\Downloads\GAMEEMO Dataset\Database for Emotion Recognition System Based on EEG Signals and Various Computer Games - GAMEEMO\GAMEEMO\(S26)\Preprocessed EEG Data\.csv format\S26G1AllChannels.csv,768,1024,False,False,False,0,False,True,234.424600,4350.722819
S26,G1,boring,C:\Users\Sumukh\Downloads\GAMEEMO Dataset\Database for Emotion Recognition System Based on EEG Signals and Various Computer Games - GAMEEMO\GAMEEMO\(S26)\Preprocessed EEG Data\.csv format\S26G1AllChannels.csv,1024,1280,False,False,False,0,False,True,234.991300,2813.459929
S26,G1,boring,C:\Users\Sumukh\Downloads\GAMEEMO Dataset\Database for Emotion Recognition System Based on EEG Signals and Various Computer Games - GAMEEMO\GAMEEMO\(S26)\Preprocessed EEG Data\.csv format\S26G1AllChannels.csv,1536,1792,False,False,False,0,False,True,232.261000,9830.460202
S26,G1,boring,C:\Users\Sumukh\Downloads\GAMEEMO Dataset\Database for Emotion Recognition System Based on EEG Signals and Various Computer Games - GAMEEMO\GAMEEMO\(S26)\Preprocessed EEG Data\.csv format\S26G1AllChannels.csv,1792,2048,False,False,False,0,False,True,226.935500,7574.232693
S26,G1,boring,C:\Users\Sumukh\Downloads\GAMEEMO Dataset\Database for Emotion Recognition System Based on EEG Signals and Various Computer Games - GAMEEMO\GAMEEMO\(S26)\Preprocessed EEG Data\.csv format\S26G1AllChannels.csv,2048,2304,False,False,False,0,False,True,174.971300,1711.522985
S26,G1,boring,C:\Users\Sumukh\Downloads\GAMEEMO Dataset\Database for Emotion Recognition System Based on EEG Signals and Various Computer Games - GAMEEMO\GAMEEMO\(S26)\Preprocessed EEG Data\.csv format\S26G1AllChannels.csv,2304,2560,False,False,False,0,False,True,214.355700,1281.739166
S26,G1,boring,C:\Users\Sumukh\Downloads\GAMEEMO Dataset\Database for Emotion Recognition System Based on EEG Signals and Various Computer Games - GAMEEMO\GAMEEMO\(S26)\Preprocessed EEG Data\.csv format\S26G1AllChannels.csv,2560,2816,False,False,False,0,False,True,155.854900,1856.962431
S26,G1,boring,C:\Users\Sumukh\Downloads\GAMEEMO Dataset\Database for Emotion Recognition System Based on EEG Signals and Various Computer Games - GAMEEMO\GAMEEMO\(S26)\Preprocessed EEG Data\.csv format\S26G1AllChannels.csv,3072,3328,False,False,False,0,False,True,205.298500,1661.329441
S26,G1,boring,C:\Users\Sumukh\Downloads\GAMEEMO Dataset\Database for Emotion Recognition System Based on EEG Signals and Various Computer Games - GAMEEMO\GAMEEMO\(S26)\Preprocessed EEG Data\.csv format\S26G1AllChannels.csv,13056,13312,False,False,False,0,False,True,234.593200,2218.233200
S26,G1,boring,C:\Users\Sumukh\Downloads\GAMEEMO Dataset\Database for Emotion Recognition System Based on EEG Signals and Various Computer Games - GAMEEMO\GAMEEMO\(S26)\Preprocessed EEG Data\.csv format\S26G1AllChannels.csv,16896,17152,False,False,False,0,False,True,223.729700,1897.092725
S26,G1,boring,C:\Users\Sumukh\Downloads\GAMEEMO Dataset\Database for Emotion Recognition System Based on EEG Signals and Various Computer Games - GAMEEMO\GAMEEMO\(S26)\Preprocessed EEG Data\.csv format\S26G1AllChannels.csv,24576,24832,False,False,False,0,False,True,211.412400,1745.691512
S26,G1,boring,C:\Users\Sumukh\Downloads\GAMEEMO Dataset\Database for Emotion Recognition System Based on EEG Signals and Various Computer Games - GAMEEMO\GAMEEMO\(S26)\Preprocessed EEG Data\.csv format\S26G1AllChannels.csv,28928,29184,False,False,False,0,False,True,193.120900,1388.873963
S26,G1,boring,C:\Users\Sumukh\Downloads\GAMEEMO Dataset\Database for Emotion Recognition System Based on EEG Signals and Various Computer Games - GAMEEMO\GAMEEMO\(S26)\Preprocessed EEG Data\.csv format\S26G1AllChannels.csv,30464,30720,False,False,False,0,False,True,231.848900,3247.010907
S26,G1,boring,C:\Users\Sumukh\Downloads\GAMEEMO Dataset\Database for Emotion Recognition System Based on EEG Signals and Various Computer Games - GAMEEMO\GAMEEMO\(S26)\Preprocessed EEG Data\.csv format\S26G1AllChannels.csv,30720,30976,False,False,False,0,False,True,233.914300,1445.142748
S26,G1,boring,C:\Users\Sumukh\Downloads\GAMEEMO Dataset\Database for Emotion Recognition System Based on EEG Signals and Various Computer Games - GAMEEMO\GAMEEMO\(S26)\Preprocessed EEG Data\.csv format\S26G1AllChannels.csv,32000,32256,False,False,False,0,False,True,182.287100,1272.742854
S26,G1,boring,C:\Users\Sumukh\Downloads\GAMEEMO Dataset\Database for Emotion Recognition System Based on EEG Signals and Various Computer Games - GAMEEMO\GAMEEMO\(S26)\Preprocessed EEG Data\.csv format\S26G1AllChannels.csv,32768,33024,False,False,False,0,False,True,202.797600,2256.030924
S26,G1,boring,C:\Users\Sumukh\Downloads\GAMEEMO Dataset\Database for Emotion Recognition System Based on EEG Signals and Various Computer Games - GAMEEMO\GAMEEMO\(S26)\Preprocessed EEG Data\.csv format\S26G1AllChannels.csv,33024,33280,False,False,False,0,False,True,205.474800,1310.431409
S26,G1,boring,C:\Users\Sumukh\Downloads\GAMEEMO Dataset\Database for Emotion Recognition System Based on EEG Signals and Various Computer Games - GAMEEMO\GAMEEMO\(S26)\Preprocessed EEG Data\.csv format\S26G1AllChannels.csv,35072,35328,False,False,False,0,False,True,194.646500,1293.360771
S26,G2,calm,C:\Users\Sumukh\Downloads\GAMEEMO Dataset\Database for Emotion Recognition System Based on EEG Signals and Various Computer Games - GAMEEMO\GAMEEMO\(S26)\Preprocessed EEG Data\.csv format\S26G2AllChannels.csv,256,512,False,False,False,0,False,True,177.554000,1839.096206
S26,G2,calm,C:\Users\Sumukh\Downloads\GAMEEMO Dataset\Database for Emotion Recognition System Based on EEG Signals and Various Computer Games - GAMEEMO\GAMEEMO\(S26)\Preprocessed EEG Data\.csv format\S26G2AllChannels.csv,512,768,False,False,False,0,False,True,196.725700,2223.406714
S26,G2,calm,C:\Users\Sumukh\Downloads\GAMEEMO Dataset\Database for Emotion Recognition System Based on EEG Signals and Various Computer Games - GAMEEMO\GAMEEMO\(S26)\Preprocessed EEG Data\.csv format\S26G2AllChannels.csv,2048,2304,False,False,False,0,False,True,192.921200,1710.857309
S26,G2,calm,C:\Users\Sumukh\Downloads\GAMEEMO Dataset\Database for Emotion Recognition System Based on EEG Signals and Various Computer Games - GAMEEMO\GAMEEMO\(S26)\Preprocessed EEG Data\.csv format\S26G2AllChannels.csv,2304,2560,False,False,False,0,False,True,234.690600,6270.512758
S26,G2,calm,C:\Users\Sumukh\Downloads\GAMEEMO Dataset\Database for Emotion Recognition System Based on EEG Signals and Various Computer Games - GAMEEMO\GAMEEMO\(S26)\Preprocessed EEG Data\.csv format\S26G2AllChannels.csv,2560,2816,False,False,False,0,False,True,220.193500,6140.469074
S26,G2,calm,C:\Users\Sumukh\Downloads\GAMEEMO Dataset\Database for Emotion Recognition System Based on EEG Signals and Various Computer Games - GAMEEMO\GAMEEMO\(S26)\Preprocessed EEG Data\.csv format\S26G2AllChannels.csv,3584,3840,False,False,False,0,False,True,183.939000,2658.681326
S26,G2,calm,C:\Users\Sumukh\Downloads\GAMEEMO Dataset\Database for Emotion Recognition System Based on EEG Signals and Various Computer Games - GAMEEMO\GAMEEMO\(S26)\Preprocessed EEG Data\.csv format\S26G2AllChannels.csv,3840,4096,False,False,False,0,False,True,224.323600,1509.990908
S26,G2,calm,C:\Users\Sumukh\Downloads\GAMEEMO Dataset\Database for Emotion Recognition System Based on EEG Signals and Various Computer Games - GAMEEMO\GAMEEMO\(S26)\Preprocessed EEG Data\.csv format\S26G2AllChannels.csv,4608,4864,False,False,False,0,False,True,232.246800,15329.085629
S26,G2,calm,C:\Users\Sumukh\Downloads\GAMEEMO Dataset\Database for Emotion Recognition System Based on EEG Signals and Various Computer Games - GAMEEMO\GAMEEMO\(S26)\Preprocessed EEG Data\.csv format\S26G2AllChannels.csv,4864,5120,False,False,False,0,False,True,231.926500,3334.996784
S26,G2,calm,C:\Users\Sumukh\Downloads\GAMEEMO Dataset\Database for Emotion Recognition System Based on EEG Signals and Various Computer Games - GAMEEMO\GAMEEMO\(S26)\Preprocessed EEG Data\.csv format\S26G2AllChannels.csv,5376,5632,False,False,False,0,False,True,214.169400,2045.369191
S26,G2,calm,C:\Users\Sumukh\Downloads\GAMEEMO Dataset\Database for Emotion Recognition System Based on EEG Signals and Various Computer Games - GAMEEMO\GAMEEMO\(S26)\Preprocessed EEG Data\.csv format\S26G2AllChannels.csv,5632,5888,False,False,False,0,False,True,234.939500,6770.028557
S26,G2,calm,C:\Users\Sumukh\Downloads\GAMEEMO Dataset\Database for Emotion Recognition System Based on EEG Signals and Various Computer Games - GAMEEMO\GAMEEMO\(S26)\Preprocessed EEG Data\.csv format\S26G2AllChannels.csv,5888,6144,False,False,False,0,False,True,234.874200,3731.766538
S26,G2,calm,C:\Users\Sumukh\Downloads\GAMEEMO Dataset\Database for Emotion Recognition System Based on EEG Signals and Various Computer Games - GAMEEMO\GAMEEMO\(S26)\Preprocessed EEG Data\.csv format\S26G2AllChannels.csv,21760,22016,False,False,False,0,False,True,200.938000,1391.537032
S26,G2,calm,C:\Users\Sumukh\Downloads\GAMEEMO Dataset\Database for Emotion Recognition System Based on EEG Signals and Various Computer Games - GAMEEMO\GAMEEMO\(S26)\Preprocessed EEG Data\.csv format\S26G2AllChannels.csv,22528,22784,False,False,False,0,False,True,208.646500,1575.973533
S26,G2,calm,C:\Users\Sumukh\Downloads\GAMEEMO Dataset\Database for Emotion Recognition System Based on EEG Signals and Various Computer Games - GAMEEMO\GAMEEMO\(S26)\Preprocessed EEG Data\.csv format\S26G2AllChannels.csv,23552,23808,False,False,False,0,False,True,229.295800,6509.892635
S26,G2,calm,C:\Users\Sumukh\Downloads\GAMEEMO Dataset\Database for Emotion Recognition System Based on EEG Signals and Various Computer Games - GAMEEMO\GAMEEMO\(S26)\Preprocessed EEG Data\.csv format\S26G2AllChannels.csv,23808,24064,False,False,False,0,False,True,220.828700,3289.784936
S26,G2,calm,C:\Users\Sumukh\Downloads\GAMEEMO Dataset\Database for Emotion Recognition System Based on EEG Signals and Various Computer Games - GAMEEMO\GAMEEMO\(S26)\Preprocessed EEG Data\.csv format\S26G2AllChannels.csv,24576,24832,False,False,False,0,False,True,224.785500,1270.329333
S26,G2,calm,C:\Users\Sumukh\Downloads\GAMEEMO Dataset\Database for Emotion Recognition System Based on EEG Signals and Various Computer Games - GAMEEMO\GAMEEMO\(S26)\Preprocessed EEG Data\.csv format\S26G2AllChannels.csv,26368,26624,False,False,False,0,False,True,215.775600,2113.115693
S26,G2,calm,C:\Users\Sumukh\Downloads\GAMEEMO Dataset\Database for Emotion Recognition System Based on EEG Signals and Various Computer Games - GAMEEMO\GAMEEMO\(S26)\Preprocessed EEG Data\.csv format\S26G2AllChannels.csv,26624,26880,False,False,False,0,False,True,225.266700,2381.233345
S26,G2,calm,C:\Users\Sumukh\Downloads\GAMEEMO Dataset\Database for Emotion Recognition System Based on EEG Signals and Various Computer Games - GAMEEMO\GAMEEMO\(S26)\Preprocessed EEG Data\.csv format\S26G2AllChannels.csv,35840,36096,False,False,False,0,False,True,231.509100,3276.835438
S26,G2,calm,C:\Users\Sumukh\Downloads\GAMEEMO Dataset\Database for Emotion Recognition System Based on EEG Signals and Various Computer Games - GAMEEMO\GAMEEMO\(S26)\Preprocessed EEG Data\.csv format\S26G2AllChannels.csv,36096,36352,False,False,False,0,False,True,230.953100,1350.337606
S26,G3,horror,C:\Users\Sumukh\Downloads\GAMEEMO Dataset\Database for Emotion Recognition System Based on EEG Signals and Various Computer Games - GAMEEMO\GAMEEMO\(S26)\Preprocessed EEG Data\.csv format\S26G3AllChannels.csv,0,256,False,False,False,0,True,True,1016.283600,21511.333394
S26,G3,horror,C:\Users\Sumukh\Downloads\GAMEEMO Dataset\Database for Emotion Recognition System Based on EEG Signals and Various Computer Games - GAMEEMO\GAMEEMO\(S26)\Preprocessed EEG Data\.csv format\S26G3AllChannels.csv,256,512,False,False,False,0,False,True,232.088800,7147.234679
S26,G3,horror,C:\Users\Sumukh\Downloads\GAMEEMO Dataset\Database for Emotion Recognition System Based on EEG Signals and Various Computer Games - GAMEEMO\GAMEEMO\(S26)\Preprocessed EEG Data\.csv format\S26G3AllChannels.csv,512,768,False,False,False,0,False,True,198.938600,1410.228279
S26,G3,horror,C:\Users\Sumukh\Downloads\GAMEEMO Dataset\Database for Emotion Recognition System Based on EEG Signals and Various Computer Games - GAMEEMO\GAMEEMO\(S26)\Preprocessed EEG Data\.csv format\S26G3AllChannels.csv,2560,2816,False,False,False,0,False,True,219.245000,4215.027937
S26,G3,horror,C:\Users\Sumukh\Downloads\GAMEEMO Dataset\Database for Emotion Recognition System Based on EEG Signals and Various Computer Games - GAMEEMO\GAMEEMO\(S26)\Preprocessed EEG Data\.csv format\S26G3AllChannels.csv,4864,5120,False,False,False,0,False,True,184.119800,1377.177988
S26,G3,horror,C:\Users\Sumukh\Downloads\GAMEEMO Dataset\Database for Emotion Recognition System Based on EEG Signals and Various Computer Games - GAMEEMO\GAMEEMO\(S26)\Preprocessed EEG Data\.csv format\S26G3AllChannels.csv,5120,5376,False,False,False,0,False,True,210.456000,2009.089530
S26,G3,horror,C:\Users\Sumukh\Downloads\GAMEEMO Dataset\Database for Emotion Recognition System Based on EEG Signals and Various Computer Games - GAMEEMO\GAMEEMO\(S26)\Preprocessed EEG Data\.csv format\S26G3AllChannels.csv,5376,5632,False,False,False,0,False,True,221.795000,2055.237092
S26,G3,horror,C:\Users\Sumukh\Downloads\GAMEEMO Dataset\Database for Emotion Recognition System Based on EEG Signals and Various Computer Games - GAMEEMO\GAMEEMO\(S26)\Preprocessed EEG Data\.csv format\S26G3AllChannels.csv,5632,5888,False,False,False,0,False,True,201.235600,1963.843078
S26,G3,horror,C:\Users\Sumukh\Downloads\GAMEEMO Dataset\Database for Emotion Recognition System Based on EEG Signals and Various Computer Games - GAMEEMO\GAMEEMO\(S26)\Preprocessed EEG Data\.csv format\S26G3AllChannels.csv,5888,6144,False,False,False,0,False,True,218.524000,3041.310820
S26,G3,horror,C:\Users\Sumukh\Downloads\GAMEEMO Dataset\Database for Emotion Recognition System Based on EEG Signals and Various Computer Games - GAMEEMO\GAMEEMO\(S26)\Preprocessed EEG Data\.csv format\S26G3AllChannels.csv,6144,6400,False,False,False,0,False,True,204.000200,2433.485499
S26,G3,horror,C:\Users\Sumukh\Downloads\GAMEEMO Dataset\Database for Emotion Recognition System Based on EEG Signals and Various Computer Games - GAMEEMO\GAMEEMO\(S26)\Preprocessed EEG Data\.csv format\S26G3AllChannels.csv,14592,14848,False,False,False,0,False,True,218.852200,1425.635341
S26,G3,horror,C:\Users\Sumukh\Downloads\GAMEEMO Dataset\Database for Emotion Recognition System Based on EEG Signals and Various Computer Games - GAMEEMO\GAMEEMO\(S26)\Preprocessed EEG Data\.csv format\S26G3AllChannels.csv,23296,23552,False,False,False,0,False,True,185.295400,1663.888073
S26,G3,horror,C:\Users\Sumukh\Downloads\GAMEEMO Dataset\Database for Emotion Recognition System Based on EEG Signals and Various Computer Games - GAMEEMO\GAMEEMO\(S26)\Preprocessed EEG Data\.csv format\S26G3AllChannels.csv,23552,23808,False,False,False,0,False,True,216.312600,4278.921790
S26,G3,horror,C:\Users\Sumukh\Downloads\GAMEEMO Dataset\Database for Emotion Recognition System Based on EEG Signals and Various Computer Games - GAMEEMO\GAMEEMO\(S26)\Preprocessed EEG Data\.csv format\S26G3AllChannels.csv,29440,29696,False,False,False,0,False,True,218.377600,1429.438457
S26,G3,horror,C:\Users\Sumukh\Downloads\GAMEEMO Dataset\Database for Emotion Recognition System Based on EEG Signals and Various Computer Games - GAMEEMO\GAMEEMO\(S26)\Preprocessed EEG Data\.csv format\S26G3AllChannels.csv,29952,30208,False,False,False,0,False,True,233.001300,2037.443159
S26,G3,horror,C:\Users\Sumukh\Downloads\GAMEEMO Dataset\Database for Emotion Recognition System Based on EEG Signals and Various Computer Games - GAMEEMO\GAMEEMO\(S26)\Preprocessed EEG Data\.csv format\S26G3AllChannels.csv,33792,34048,False,False,False,0,False,True,234.994000,8695.806148
S26,G3,horror,C:\Users\Sumukh\Downloads\GAMEEMO Dataset\Database for Emotion Recognition System Based on EEG Signals and Various Computer Games - GAMEEMO\GAMEEMO\(S26)\Preprocessed EEG Data\.csv format\S26G3AllChannels.csv,34048,34304,False,False,False,0,False,True,234.999800,8951.768805
S26,G3,horror,C:\Users\Sumukh\Downloads\GAMEEMO Dataset\Database for Emotion Recognition System Based on EEG Signals and Various Computer Games - GAMEEMO\GAMEEMO\(S26)\Preprocessed EEG Data\.csv format\S26G3AllChannels.csv,34304,34560,False,False,False,0,False,True,235.000000,5582.784054
S26,G3,horror,C:\Users\Sumukh\Downloads\GAMEEMO Dataset\Database for Emotion Recognition System Based on EEG Signals and Various Computer Games - GAMEEMO\GAMEEMO\(S26)\Preprocessed EEG Data\.csv format\S26G3AllChannels.csv,34560,34816,False,False,False,0,False,True,142.434700,1415.310585
S26,G3,horror,C:\Users\Sumukh\Downloads\GAMEEMO Dataset\Database for Emotion Recognition System Based on EEG Signals and Various Computer Games - GAMEEMO\GAMEEMO\(S26)\Preprocessed EEG Data\.csv format\S26G3AllChannels.csv,35328,35584,False,False,False,0,False,True,222.184900,2332.109192
S26,G3,horror,C:\Users\Sumukh\Downloads\GAMEEMO Dataset\Database for Emotion Recognition System Based on EEG Signals and Various Computer Games - GAMEEMO\GAMEEMO\(S26)\Preprocessed EEG Data\.csv format\S26G3AllChannels.csv,35584,35840,False,False,False,0,False,True,234.169900,1816.367405
S26,G3,horror,C:\Users\Sumukh\Downloads\GAMEEMO Dataset\Database for Emotion Recognition System Based on EEG Signals and Various Computer Games - GAMEEMO\GAMEEMO\(S26)\Preprocessed EEG Data\.csv format\S26G3AllChannels.csv,37888,38144,False,False,False,0,False,True,234.808500,4758.009649
S26,G4,funny,C:\Users\Sumukh\Downloads\GAMEEMO Dataset\Database for Emotion Recognition System Based on EEG Signals and Various Computer Games - GAMEEMO\GAMEEMO\(S26)\Preprocessed EEG Data\.csv format\S26G4AllChannels.csv,0,256,False,False,False,0,True,True,1022.669200,4824.116742
S26,G4,funny,C:\Users\Sumukh\Downloads\GAMEEMO Dataset\Database for Emotion Recognition System Based on EEG Signals and Various Computer Games - GAMEEMO\GAMEEMO\(S26)\Preprocessed EEG Data\.csv format\S26G4AllChannels.csv,256,512,False,False,False,0,False,True,221.154400,2509.662943
S26,G4,funny,C:\Users\Sumukh\Downloads\GAMEEMO Dataset\Database for Emotion Recognition System Based on EEG Signals and Various Computer Games - GAMEEMO\GAMEEMO\(S26)\Preprocessed EEG Data\.csv format\S26G4AllChannels.csv,512,768,False,False,False,0,False,True,229.855300,1676.241473
S26,G4,funny,C:\Users\Sumukh\Downloads\GAMEEMO Dataset\Database for Emotion Recognition System Based on EEG Signals and Various Computer Games - GAMEEMO\GAMEEMO\(S26)\Preprocessed EEG Data\.csv format\S26G4AllChannels.csv,768,1024,False,False,False,0,False,True,232.850100,4207.739716
S26,G4,funny,C:\Users\Sumukh\Downloads\GAMEEMO Dataset\Database for Emotion Recognition System Based on EEG Signals and Various Computer Games - GAMEEMO\GAMEEMO\(S26)\Preprocessed EEG Data\.csv format\S26G4AllChannels.csv,1024,1280,False,False,False,0,False,True,234.995600,26419.604688
S26,G4,funny,C:\Users\Sumukh\Downloads\GAMEEMO Dataset\Database for Emotion Recognition System Based on EEG Signals and Various Computer Games - GAMEEMO\GAMEEMO\(S26)\Preprocessed EEG Data\.csv format\S26G4AllChannels.csv,1280,1536,False,False,False,0,False,True,235.000000,10342.183595
S26,G4,funny,C:\Users\Sumukh\Downloads\GAMEEMO Dataset\Database for Emotion Recognition System Based on EEG Signals and Various Computer Games - GAMEEMO\GAMEEMO\(S26)\Preprocessed EEG Data\.csv format\S26G4AllChannels.csv,1536,1792,False,False,False,0,False,True,190.629900,1558.234554
S26,G4,funny,C:\Users\Sumukh\Downloads\GAMEEMO Dataset\Database for Emotion Recognition System Based on EEG Signals and Various Computer Games - GAMEEMO\GAMEEMO\(S26)\Preprocessed EEG Data\.csv format\S26G4AllChannels.csv,2304,2560,False,False,False,0,False,True,203.080900,1433.376147
S26,G4,funny,C:\Users\Sumukh\Downloads\GAMEEMO Dataset\Database for Emotion Recognition System Based on EEG Signals and Various Computer Games - GAMEEMO\GAMEEMO\(S26)\Preprocessed EEG Data\.csv format\S26G4AllChannels.csv,5120,5376,False,False,False,0,False,True,228.808300,2702.318217
S26,G4,funny,C:\Users\Sumukh\Downloads\GAMEEMO Dataset\Database for Emotion Recognition System Based on EEG Signals and Various Computer Games - GAMEEMO\GAMEEMO\(S26)\Preprocessed EEG Data\.csv format\S26G4AllChannels.csv,5376,5632,False,False,False,0,False,True,169.061700,1384.591072
S26,G4,funny,C:\Users\Sumukh\Downloads\GAMEEMO Dataset\Database for Emotion Recognition System Based on EEG Signals and Various Computer Games - GAMEEMO\GAMEEMO\(S26)\Preprocessed EEG Data\.csv format\S26G4AllChannels.csv,5632,5888,False,False,False,0,False,True,177.857800,2298.698081
S26,G4,funny,C:\Users\Sumukh\Downloads\GAMEEMO Dataset\Database for Emotion Recognition System Based on EEG Signals and Various Computer Games - GAMEEMO\GAMEEMO\(S26)\Preprocessed EEG Data\.csv format\S26G4AllChannels.csv,7936,8192,False,False,False,0,False,True,226.076500,1474.763795
S26,G4,funny,C:\Users\Sumukh\Downloads\GAMEEMO Dataset\Database for Emotion Recognition System Based on EEG Signals and Various Computer Games - GAMEEMO\GAMEEMO\(S26)\Preprocessed EEG Data\.csv format\S26G4AllChannels.csv,9472,9728,False,False,False,0,False,True,217.774600,1376.456888
S26,G4,funny,C:\Users\Sumukh\Downloads\GAMEEMO Dataset\Database for Emotion Recognition System Based on EEG Signals and Various Computer Games - GAMEEMO\GAMEEMO\(S26)\Preprocessed EEG Data\.csv format\S26G4AllChannels.csv,11264,11520,False,False,False,0,False,True,233.462800,1634.492222
S26,G4,funny,C:\Users\Sumukh\Downloads\GAMEEMO Dataset\Database for Emotion Recognition System Based on EEG Signals and Various Computer Games - GAMEEMO\GAMEEMO\(S26)\Preprocessed EEG Data\.csv format\S26G4AllChannels.csv,15360,15616,False,False,False,0,False,True,230.455500,1709.232854
S26,G4,funny,C:\Users\Sumukh\Downloads\GAMEEMO Dataset\Database for Emotion Recognition System Based on EEG Signals and Various Computer Games - GAMEEMO\GAMEEMO\(S26)\Preprocessed EEG Data\.csv format\S26G4AllChannels.csv,15616,15872,False,False,False,0,False,True,234.090500,1336.802497
S26,G4,funny,C:\Users\Sumukh\Downloads\GAMEEMO Dataset\Database for Emotion Recognition System Based on EEG Signals and Various Computer Games - GAMEEMO\GAMEEMO\(S26)\Preprocessed EEG Data\.csv format\S26G4AllChannels.csv,15872,16128,False,False,False,0,False,True,234.993200,3570.980380
S26,G4,funny,C:\Users\Sumukh\Downloads\GAMEEMO Dataset\Database for Emotion Recognition System Based on EEG Signals and Various Computer Games - GAMEEMO\GAMEEMO\(S26)\Preprocessed EEG Data\.csv format\S26G4AllChannels.csv,16128,16384,False,False,False,0,False,True,210.621500,1364.811648
S26,G4,funny,C:\Users\Sumukh\Downloads\GAMEEMO Dataset\Database for Emotion Recognition System Based on EEG Signals and Various Computer Games - GAMEEMO\GAMEEMO\(S26)\Preprocessed EEG Data\.csv format\S26G4AllChannels.csv,27136,27392,False,False,False,0,False,True,205.015100,1313.272637
S26,G4,funny,C:\Users\Sumukh\Downloads\GAMEEMO Dataset\Database for Emotion Recognition System Based on EEG Signals and Various Computer Games - GAMEEMO\GAMEEMO\(S26)\Preprocessed EEG Data\.csv format\S26G4AllChannels.csv,37376,37632,False,False,False,0,False,True,234.970600,2319.834059
S26,G4,funny,C:\Users\Sumukh\Downloads\GAMEEMO Dataset\Database for Emotion Recognition System Based on EEG Signals and Various Computer Games - GAMEEMO\GAMEEMO\(S26)\Preprocessed EEG Data\.csv format\S26G4AllChannels.csv,37632,37888,False,False,False,0,False,True,234.999900,3586.346337
S26,G4,funny,C:\Users\Sumukh\Downloads\GAMEEMO Dataset\Database for Emotion Recognition System Based on EEG Signals and Various Computer Games - GAMEEMO\GAMEEMO\(S26)\Preprocessed EEG Data\.csv format\S26G4AllChannels.csv,37888,38144,False,False,False,0,False,True,235.000000,2695.324851
S27,G2,calm,C:\Users\Sumukh\Downloads\GAMEEMO Dataset\Database for Emotion Recognition System Based on EEG Signals and Various Computer Games - GAMEEMO\GAMEEMO\(S27)\Preprocessed EEG Data\.csv format\S27G2AllChannels.csv,23552,23808,False,False,False,0,False,True,227.678800,1681.260354
S27,G2,calm,C:\Users\Sumukh\Downloads\GAMEEMO Dataset\Database for Emotion Recognition System Based on EEG Signals and Various Computer Games - GAMEEMO\GAMEEMO\(S27)\Preprocessed EEG Data\.csv format\S27G2AllChannels.csv,34304,34560,False,False,False,0,False,True,189.222900,1810.505798
S27,G2,calm,C:\Users\Sumukh\Downloads\GAMEEMO Dataset\Database for Emotion Recognition System Based on EEG Signals and Various Computer Games - GAMEEMO\GAMEEMO\(S27)\Preprocessed EEG Data\.csv format\S27G2AllChannels.csv,34560,34816,False,False,False,0,False,True,218.446900,1884.108381
S27,G3,horror,C:\Users\Sumukh\Downloads\GAMEEMO Dataset\Database for Emotion Recognition System Based on EEG Signals and Various Computer Games - GAMEEMO\GAMEEMO\(S27)\Preprocessed EEG Data\.csv format\S27G3AllChannels.csv,5120,5376,False,False,False,0,False,True,222.554800,2663.684944
S27,G3,horror,C:\Users\Sumukh\Downloads\GAMEEMO Dataset\Database for Emotion Recognition System Based on EEG Signals and Various Computer Games - GAMEEMO\GAMEEMO\(S27)\Preprocessed EEG Data\.csv format\S27G3AllChannels.csv,7424,7680,False,False,False,0,False,True,234.982600,2363.220497
S27,G3,horror,C:\Users\Sumukh\Downloads\GAMEEMO Dataset\Database for Emotion Recognition System Based on EEG Signals and Various Computer Games - GAMEEMO\GAMEEMO\(S27)\Preprocessed EEG Data\.csv format\S27G3AllChannels.csv,31744,32000,False,False,False,0,False,True,224.129700,1516.220077
S28,G1,boring,C:\Users\Sumukh\Downloads\GAMEEMO Dataset\Database for Emotion Recognition System Based on EEG Signals and Various Computer Games - GAMEEMO\GAMEEMO\(S28)\Preprocessed EEG Data\.csv format\S28G1AllChannels.csv,1024,1280,False,False,False,0,False,True,234.548200,2331.521538
S28,G1,boring,C:\Users\Sumukh\Downloads\GAMEEMO Dataset\Database for Emotion Recognition System Based on EEG Signals and Various Computer Games - GAMEEMO\GAMEEMO\(S28)\Preprocessed EEG Data\.csv format\S28G1AllChannels.csv,1536,1792,False,False,False,0,False,True,227.498700,1553.079105
S28,G1,boring,C:\Users\Sumukh\Downloads\GAMEEMO Dataset\Database for Emotion Recognition System Based on EEG Signals and Various Computer Games - GAMEEMO\GAMEEMO\(S28)\Preprocessed EEG Data\.csv format\S28G1AllChannels.csv,1792,2048,False,False,False,0,False,True,219.452000,1299.178583
S28,G1,boring,C:\Users\Sumukh\Downloads\GAMEEMO Dataset\Database for Emotion Recognition System Based on EEG Signals and Various Computer Games - GAMEEMO\GAMEEMO\(S28)\Preprocessed EEG Data\.csv format\S28G1AllChannels.csv,8192,8448,False,False,False,0,False,True,222.174300,1369.180670
S28,G1,boring,C:\Users\Sumukh\Downloads\GAMEEMO Dataset\Database for Emotion Recognition System Based on EEG Signals and Various Computer Games - GAMEEMO\GAMEEMO\(S28)\Preprocessed EEG Data\.csv format\S28G1AllChannels.csv,8704,8960,False,False,False,0,False,True,223.575700,1525.881358
S28,G1,boring,C:\Users\Sumukh\Downloads\GAMEEMO Dataset\Database for Emotion Recognition System Based on EEG Signals and Various Computer Games - GAMEEMO\GAMEEMO\(S28)\Preprocessed EEG Data\.csv format\S28G1AllChannels.csv,28160,28416,False,False,False,0,False,True,233.584200,2178.823157
S28,G1,boring,C:\Users\Sumukh\Downloads\GAMEEMO Dataset\Database for Emotion Recognition System Based on EEG Signals and Various Computer Games - GAMEEMO\GAMEEMO\(S28)\Preprocessed EEG Data\.csv format\S28G1AllChannels.csv,28416,28672,False,False,False,0,False,True,234.840200,3320.772537
S28,G1,boring,C:\Users\Sumukh\Downloads\GAMEEMO Dataset\Database for Emotion Recognition System Based on EEG Signals and Various Computer Games - GAMEEMO\GAMEEMO\(S28)\Preprocessed EEG Data\.csv format\S28G1AllChannels.csv,28672,28928,False,False,False,0,False,True,224.671600,1294.353648
S28,G2,calm,C:\Users\Sumukh\Downloads\GAMEEMO Dataset\Database for Emotion Recognition System Based on EEG Signals and Various Computer Games - GAMEEMO\GAMEEMO\(S28)\Preprocessed EEG Data\.csv format\S28G2AllChannels.csv,5120,5376,False,False,False,0,False,True,218.839000,1784.694545
S28,G2,calm,C:\Users\Sumukh\Downloads\GAMEEMO Dataset\Database for Emotion Recognition System Based on EEG Signals and Various Computer Games - GAMEEMO\GAMEEMO\(S28)\Preprocessed EEG Data\.csv format\S28G2AllChannels.csv,5376,5632,False,False,False,0,False,True,234.191100,4057.907471
S28,G2,calm,C:\Users\Sumukh\Downloads\GAMEEMO Dataset\Database for Emotion Recognition System Based on EEG Signals and Various Computer Games - GAMEEMO\GAMEEMO\(S28)\Preprocessed EEG Data\.csv format\S28G2AllChannels.csv,5632,5888,False,False,False,0,False,True,234.998700,2742.049166
S28,G2,calm,C:\Users\Sumukh\Downloads\GAMEEMO Dataset\Database for Emotion Recognition System Based on EEG Signals and Various Computer Games - GAMEEMO\GAMEEMO\(S28)\Preprocessed EEG Data\.csv format\S28G2AllChannels.csv,6144,6400,False,False,False,0,False,True,220.665100,2069.158465
S28,G2,calm,C:\Users\Sumukh\Downloads\GAMEEMO Dataset\Database for Emotion Recognition System Based on EEG Signals and Various Computer Games - GAMEEMO\GAMEEMO\(S28)\Preprocessed EEG Data\.csv format\S28G2AllChannels.csv,7936,8192,False,False,False,0,False,True,234.441600,1980.667139
S28,G2,calm,C:\Users\Sumukh\Downloads\GAMEEMO Dataset\Database for Emotion Recognition System Based on EEG Signals and Various Computer Games - GAMEEMO\GAMEEMO\(S28)\Preprocessed EEG Data\.csv format\S28G2AllChannels.csv,8192,8448,False,False,False,0,False,True,234.594300,2682.086212
S28,G2,calm,C:\Users\Sumukh\Downloads\GAMEEMO Dataset\Database for Emotion Recognition System Based on EEG Signals and Various Computer Games - GAMEEMO\GAMEEMO\(S28)\Preprocessed EEG Data\.csv format\S28G2AllChannels.csv,9728,9984,False,False,False,0,False,True,224.225600,1358.887254
S28,G2,calm,C:\Users\Sumukh\Downloads\GAMEEMO Dataset\Database for Emotion Recognition System Based on EEG Signals and Various Computer Games - GAMEEMO\GAMEEMO\(S28)\Preprocessed EEG Data\.csv format\S28G2AllChannels.csv,11264,11520,False,False,False,0,False,True,223.138600,1749.817307
S28,G2,calm,C:\Users\Sumukh\Downloads\GAMEEMO Dataset\Database for Emotion Recognition System Based on EEG Signals and Various Computer Games - GAMEEMO\GAMEEMO\(S28)\Preprocessed EEG Data\.csv format\S28G2AllChannels.csv,12032,12288,False,False,False,0,False,True,234.391400,1923.968989
S28,G2,calm,C:\Users\Sumukh\Downloads\GAMEEMO Dataset\Database for Emotion Recognition System Based on EEG Signals and Various Computer Games - GAMEEMO\GAMEEMO\(S28)\Preprocessed EEG Data\.csv format\S28G2AllChannels.csv,12288,12544,False,False,False,0,False,True,234.639400,2181.970877
S28,G2,calm,C:\Users\Sumukh\Downloads\GAMEEMO Dataset\Database for Emotion Recognition System Based on EEG Signals and Various Computer Games - GAMEEMO\GAMEEMO\(S28)\Preprocessed EEG Data\.csv format\S28G2AllChannels.csv,12800,13056,False,False,False,0,False,True,224.747900,1373.941440
S28,G2,calm,C:\Users\Sumukh\Downloads\GAMEEMO Dataset\Database for Emotion Recognition System Based on EEG Signals and Various Computer Games - GAMEEMO\GAMEEMO\(S28)\Preprocessed EEG Data\.csv format\S28G2AllChannels.csv,14848,15104,False,False,False,0,False,True,233.438000,2494.886311
S28,G2,calm,C:\Users\Sumukh\Downloads\GAMEEMO Dataset\Database for Emotion Recognition System Based on EEG Signals and Various Computer Games - GAMEEMO\GAMEEMO\(S28)\Preprocessed EEG Data\.csv format\S28G2AllChannels.csv,15104,15360,False,False,False,0,False,True,234.997100,2538.837095
S28,G2,calm,C:\Users\Sumukh\Downloads\GAMEEMO Dataset\Database for Emotion Recognition System Based on EEG Signals and Various Computer Games - GAMEEMO\GAMEEMO\(S28)\Preprocessed EEG Data\.csv format\S28G2AllChannels.csv,15360,15616,False,False,False,0,False,True,224.318000,1602.162084
S28,G2,calm,C:\Users\Sumukh\Downloads\GAMEEMO Dataset\Database for Emotion Recognition System Based on EEG Signals and Various Computer Games - GAMEEMO\GAMEEMO\(S28)\Preprocessed EEG Data\.csv format\S28G2AllChannels.csv,17152,17408,False,False,False,0,False,True,225.707900,1740.328784
S28,G2,calm,C:\Users\Sumukh\Downloads\GAMEEMO Dataset\Database for Emotion Recognition System Based on EEG Signals and Various Computer Games - GAMEEMO\GAMEEMO\(S28)\Preprocessed EEG Data\.csv format\S28G2AllChannels.csv,17920,18176,False,False,False,0,False,True,223.861500,1631.363625
S28,G2,calm,C:\Users\Sumukh\Downloads\GAMEEMO Dataset\Database for Emotion Recognition System Based on EEG Signals and Various Computer Games - GAMEEMO\GAMEEMO\(S28)\Preprocessed EEG Data\.csv format\S28G2AllChannels.csv,27648,27904,False,False,False,0,False,True,231.120900,1728.702181
S28,G2,calm,C:\Users\Sumukh\Downloads\GAMEEMO Dataset\Database for Emotion Recognition System Based on EEG Signals and Various Computer Games - GAMEEMO\GAMEEMO\(S28)\Preprocessed EEG Data\.csv format\S28G2AllChannels.csv,30464,30720,False,False,False,0,False,True,234.985000,3029.459839
S28,G3,horror,C:\Users\Sumukh\Downloads\GAMEEMO Dataset\Database for Emotion Recognition System Based on EEG Signals and Various Computer Games - GAMEEMO\GAMEEMO\(S28)\Preprocessed EEG Data\.csv format\S28G3AllChannels.csv,13056,13312,False,False,False,0,False,True,225.308800,1459.261664
S28,G3,horror,C:\Users\Sumukh\Downloads\GAMEEMO Dataset\Database for Emotion Recognition System Based on EEG Signals and Various Computer Games - GAMEEMO\GAMEEMO\(S28)\Preprocessed EEG Data\.csv format\S28G3AllChannels.csv,21504,21760,False,False,False,0,False,True,231.377200,1760.556927
S28,G3,horror,C:\Users\Sumukh\Downloads\GAMEEMO Dataset\Database for Emotion Recognition System Based on EEG Signals and Various Computer Games - GAMEEMO\GAMEEMO\(S28)\Preprocessed EEG Data\.csv format\S28G3AllChannels.csv,27136,27392,False,False,False,0,False,True,233.892100,2139.512790
S28,G3,horror,C:\Users\Sumukh\Downloads\GAMEEMO Dataset\Database for Emotion Recognition System Based on EEG Signals and Various Computer Games - GAMEEMO\GAMEEMO\(S28)\Preprocessed EEG Data\.csv format\S28G3AllChannels.csv,28672,28928,False,False,False,0,False,True,234.930300,3114.018043
S28,G4,funny,C:\Users\Sumukh\Downloads\GAMEEMO Dataset\Database for Emotion Recognition System Based on EEG Signals and Various Computer Games - GAMEEMO\GAMEEMO\(S28)\Preprocessed EEG Data\.csv format\S28G4AllChannels.csv,0,256,False,False,False,0,True,True,2524.005400,16262.792816
S28,G4,funny,C:\Users\Sumukh\Downloads\GAMEEMO Dataset\Database for Emotion Recognition System Based on EEG Signals and Various Computer Games - GAMEEMO\GAMEEMO\(S28)\Preprocessed EEG Data\.csv format\S28G4AllChannels.csv,5376,5632,False,False,False,0,False,True,228.529900,1488.515145
S28,G4,funny,C:\Users\Sumukh\Downloads\GAMEEMO Dataset\Database for Emotion Recognition System Based on EEG Signals and Various Computer Games - GAMEEMO\GAMEEMO\(S28)\Preprocessed EEG Data\.csv format\S28G4AllChannels.csv,6400,6656,False,False,False,0,False,True,234.056800,2938.124194
S28,G4,funny,C:\Users\Sumukh\Downloads\GAMEEMO Dataset\Database for Emotion Recognition System Based on EEG Signals and Various Computer Games - GAMEEMO\GAMEEMO\(S28)\Preprocessed EEG Data\.csv format\S28G4AllChannels.csv,6656,6912,False,False,False,0,False,True,234.664600,2305.324321
S28,G4,funny,C:\Users\Sumukh\Downloads\GAMEEMO Dataset\Database for Emotion Recognition System Based on EEG Signals and Various Computer Games - GAMEEMO\GAMEEMO\(S28)\Preprocessed EEG Data\.csv format\S28G4AllChannels.csv,6912,7168,False,False,False,0,False,True,234.976000,3531.088868
S28,G4,funny,C:\Users\Sumukh\Downloads\GAMEEMO Dataset\Database for Emotion Recognition System Based on EEG Signals and Various Computer Games - GAMEEMO\GAMEEMO\(S28)\Preprocessed EEG Data\.csv format\S28G4AllChannels.csv,7936,8192,False,False,False,0,False,True,231.613100,1434.153868
S28,G4,funny,C:\Users\Sumukh\Downloads\GAMEEMO Dataset\Database for Emotion Recognition System Based on EEG Signals and Various Computer Games - GAMEEMO\GAMEEMO\(S28)\Preprocessed EEG Data\.csv format\S28G4AllChannels.csv,10496,10752,False,False,False,0,False,True,231.937300,1338.063443
S28,G4,funny,C:\Users\Sumukh\Downloads\GAMEEMO Dataset\Database for Emotion Recognition System Based on EEG Signals and Various Computer Games - GAMEEMO\GAMEEMO\(S28)\Preprocessed EEG Data\.csv format\S28G4AllChannels.csv,11264,11520,False,False,False,0,False,True,233.240000,2031.362986
S28,G4,funny,C:\Users\Sumukh\Downloads\GAMEEMO Dataset\Database for Emotion Recognition System Based on EEG Signals and Various Computer Games - GAMEEMO\GAMEEMO\(S28)\Preprocessed EEG Data\.csv format\S28G4AllChannels.csv,11776,12032,False,False,False,0,False,True,234.882100,2186.659216
S28,G4,funny,C:\Users\Sumukh\Downloads\GAMEEMO Dataset\Database for Emotion Recognition System Based on EEG Signals and Various Computer Games - GAMEEMO\GAMEEMO\(S28)\Preprocessed EEG Data\.csv format\S28G4AllChannels.csv,13568,13824,False,False,False,0,False,True,234.306200,2615.052579
S28,G4,funny,C:\Users\Sumukh\Downloads\GAMEEMO Dataset\Database for Emotion Recognition System Based on EEG Signals and Various Computer Games - GAMEEMO\GAMEEMO\(S28)\Preprocessed EEG Data\.csv format\S28G4AllChannels.csv,15616,15872,False,False,False,0,False,True,234.826800,2431.361164
S28,G4,funny,C:\Users\Sumukh\Downloads\GAMEEMO Dataset\Database for Emotion Recognition System Based on EEG Signals and Various Computer Games - GAMEEMO\GAMEEMO\(S28)\Preprocessed EEG Data\.csv format\S28G4AllChannels.csv,16896,17152,False,False,False,0,False,True,234.125400,1416.865764
S28,G4,funny,C:\Users\Sumukh\Downloads\GAMEEMO Dataset\Database for Emotion Recognition System Based on EEG Signals and Various Computer Games - GAMEEMO\GAMEEMO\(S28)\Preprocessed EEG Data\.csv format\S28G4AllChannels.csv,19456,19712,False,False,False,0,False,True,229.612800,2624.307207
S28,G4,funny,C:\Users\Sumukh\Downloads\GAMEEMO Dataset\Database for Emotion Recognition System Based on EEG Signals and Various Computer Games - GAMEEMO\GAMEEMO\(S28)\Preprocessed EEG Data\.csv format\S28G4AllChannels.csv,22016,22272,False,False,False,0,False,True,234.042700,2251.285317
S28,G4,funny,C:\Users\Sumukh\Downloads\GAMEEMO Dataset\Database for Emotion Recognition System Based on EEG Signals and Various Computer Games - GAMEEMO\GAMEEMO\(S28)\Preprocessed EEG Data\.csv format\S28G4AllChannels.csv,23040,23296,False,False,False,0,False,True,225.197100,1275.227865
S28,G4,funny,C:\Users\Sumukh\Downloads\GAMEEMO Dataset\Database for Emotion Recognition System Based on EEG Signals and Various Computer Games - GAMEEMO\GAMEEMO\(S28)\Preprocessed EEG Data\.csv format\S28G4AllChannels.csv,24320,24576,False,False,False,0,False,True,234.927100,2210.881882
S28,G4,funny,C:\Users\Sumukh\Downloads\GAMEEMO Dataset\Database for Emotion Recognition System Based on EEG Signals and Various Computer Games - GAMEEMO\GAMEEMO\(S28)\Preprocessed EEG Data\.csv format\S28G4AllChannels.csv,25088,25344,False,False,False,0,False,True,201.757200,1329.799747
S28,G4,funny,C:\Users\Sumukh\Downloads\GAMEEMO Dataset\Database for Emotion Recognition System Based on EEG Signals and Various Computer Games - GAMEEMO\GAMEEMO\(S28)\Preprocessed EEG Data\.csv format\S28G4AllChannels.csv,28160,28416,False,False,False,0,False,True,234.635500,3248.285421
S28,G4,funny,C:\Users\Sumukh\Downloads\GAMEEMO Dataset\Database for Emotion Recognition System Based on EEG Signals and Various Computer Games - GAMEEMO\GAMEEMO\(S28)\Preprocessed EEG Data\.csv format\S28G4AllChannels.csv,28672,28928,False,False,False,0,False,True,230.202200,1584.803042
S28,G4,funny,C:\Users\Sumukh\Downloads\GAMEEMO Dataset\Database for Emotion Recognition System Based on EEG Signals and Various Computer Games - GAMEEMO\GAMEEMO\(S28)\Preprocessed EEG Data\.csv format\S28G4AllChannels.csv,31232,31488,False,False,False,0,False,True,217.235600,1286.466494
S28,G4,funny,C:\Users\Sumukh\Downloads\GAMEEMO Dataset\Database for Emotion Recognition System Based on EEG Signals and Various Computer Games - GAMEEMO\GAMEEMO\(S28)\Preprocessed EEG Data\.csv format\S28G4AllChannels.csv,31488,31744,False,False,False,0,False,True,227.397500,1488.713958
S28,G4,funny,C:\Users\Sumukh\Downloads\GAMEEMO Dataset\Database for Emotion Recognition System Based on EEG Signals and Various Computer Games - GAMEEMO\GAMEEMO\(S28)\Preprocessed EEG Data\.csv format\S28G4AllChannels.csv,33536,33792,False,False,False,0,False,True,229.316300,1929.667819
S28,G4,funny,C:\Users\Sumukh\Downloads\GAMEEMO Dataset\Database for Emotion Recognition System Based on EEG Signals and Various Computer Games - GAMEEMO\GAMEEMO\(S28)\Preprocessed EEG Data\.csv format\S28G4AllChannels.csv,34560,34816,False,False,False,0,False,True,226.997600,1765.484675
S28,G4,funny,C:\Users\Sumukh\Downloads\GAMEEMO Dataset\Database for Emotion Recognition System Based on EEG Signals and Various Computer Games - GAMEEMO\GAMEEMO\(S28)\Preprocessed EEG Data\.csv format\S28G4AllChannels.csv,35328,35584,False,False,False,0,False,True,230.936300,1380.672424
S28,G4,funny,C:\Users\Sumukh\Downloads\GAMEEMO Dataset\Database for Emotion Recognition System Based on EEG Signals and Various Computer Games - GAMEEMO\GAMEEMO\(S28)\Preprocessed EEG Data\.csv format\S28G4AllChannels.csv,37120,37376,False,False,False,0,False,True,231.606300,1759.910218
