resample,loso_minus_original_sd_accuracy_gap,matched_budget_sd_minus_loso_accuracy_gap
0,0.02572938,0.00820434
1,0.03493219,-0.00517547
2,0.03640187,-0.01577187
3,0.02682913,0.00642931
4,0.03822514,-0.00347242
5,0.02543254,0.00700836
6,0.03370848,-0.00267156
7,0.03356144,-0.00303295
8,0.03017887,0.00583599
9,0.03301836,0.00634233
10,0.01985745,0.00932855
11,0.02619335,0.00857749
12,0.03193036,0.00343202
13,0.03034325,0.00238353
14,0.02227968,0.00339758
15,0.02703958,0.00034319
16,0.02709338,-0.00195095
17,0.04016514,-0.00095050
18,0.03717766,0.00224064
19,0.02818403,0.00247065
20,0.03400269,-0.00391492
21,0.02541927,0.00944520
22,0.02135329,0.01376821
23,0.02187155,0.00529934
24,0.00925987,0.01803353
25,0.04129283,-0.00256529
26,0.03513688,-0.00899098
27,0.02167216,0.00981761
28,0.02244123,0.00232599
29,0.04555601,-0.00563870
30,0.03440525,-0.00106306
31,0.02708230,-0.00071220
32,0.02988988,0.00376360
33,0.05061492,-0.01029602
34,0.02163068,0.00891588
35,0.02620414,0.01254788
36,0.04407487,-0.00632074
37,0.02091289,0.01092468
38,0.02720099,-0.00026731
39,0.03815991,-0.00844280
40,0.02220722,0.01514862
41,0.04093428,0.00964599
42,0.01614514,0.01413999
43,0.01892231,0.01148434
44,0.02507340,0.01013976
45,0.03643717,-0.00619174
46,0.03285527,-0.00339309
47,0.02029283,0.00600890
48,0.02844107,0.01026589
49,0.03072753,0.00056357
50,0.02084423,0.00430139
51,0.03774519,-0.00124784
52,0.04382697,-0.00073029
53,0.02823527,0.00323379
54,0.02416618,0.00602151
55,0.02104304,-0.00072374
56,0.02714343,-0.00087182
57,0.02524757,0.00123326
58,0.04302327,-0.00183448
59,0.03826210,0.00302910
60,0.03474325,-0.00265399
61,0.02048644,0.00743730
62,0.03062477,0.00796876
63,0.01725593,0.02133135
64,0.02996148,0.01027400
65,0.02395100,0.01229075
66,0.03380281,-0.00345949
67,0.03144720,0.00949262
68,0.03651005,-0.00633487
69,0.03087996,0.00061082
70,0.00958878,0.00751874
71,0.03058881,0.00486409
72,0.02925228,0.01014287
73,0.02454141,0.00613214
74,0.01866280,0.01675485
75,0.03463649,-0.00165192
76,0.03837433,-0.00085533
77,0.02919408,0.00159767
78,0.04505785,-0.00491346
79,0.02270365,0.01014380
80,0.03031094,-0.00026425
81,0.04063362,-0.01242348
82,0.03251363,0.00512493
83,0.02751440,0.00623152
84,0.03146623,0.00231220
85,0.02269687,0.00485640
86,0.03196521,0.00196432
87,0.02854106,0.00505548
88,0.02176139,0.01764068
89,0.03578457,0.00012055
90,0.01431004,0.01793047
91,0.01329697,0.02015894
92,0.02881394,0.00469020
93,0.02863447,0.00389433
94,0.03166986,0.00735779
95,0.03206248,0.00953906
96,0.01174216,0.01799185
97,0.03011512,0.00713889
98,0.02892745,0.00394668
99,0.02356169,0.00137193
100,0.03028645,0.01091445
101,0.02376231,0.00144993
102,0.02781136,0.00588860
103,0.02839062,0.00588309
104,0.02659363,0.00621501
105,0.02049202,0.01238705
106,0.03699920,-0.00554073
107,0.04022431,-0.01468292
108,0.01976736,0.00138636
109,0.03126819,-0.00136560
110,0.03856039,-0.00142216
111,0.03392560,0.00062352
112,0.04035747,-0.01066827
113,0.04241955,-0.00489939
114,0.03143535,-0.00904019
115,0.04454721,-0.00304834
116,0.02637278,0.01071338
117,0.03629159,-0.00379779
118,0.03629365,-0.00359471
119,0.04962599,-0.00946191
120,0.01455313,0.01192440
121,0.02381656,0.00856760
122,0.03147936,0.00749900
123,0.02993959,0.00940472
124,0.03661131,0.00476202
125,0.03543458,-0.00477551
126,0.02408230,0.00219441
127,0.01504233,0.00933950
128,0.02712124,0.00976715
129,0.02567200,0.00730671
130,0.03078139,0.00578699
131,0.02467056,0.01059211
132,0.01360529,0.01883680
133,0.02956565,0.00460110
134,0.02394880,0.00286835
135,0.04343168,-0.00914185
136,0.03229866,-0.00804759
137,0.03293055,-0.00610385
138,0.02395819,0.00871876
139,0.02889084,0.00557381
140,0.02959895,-0.00143420
141,0.02184048,0.00693662
142,0.02141355,0.00382105
143,0.04117290,-0.00017402
144,0.02962224,-0.00256152
145,0.02635498,0.00229163
146,0.04046610,-0.00093198
147,0.03514770,-0.00346216
148,0.04650513,-0.01357010
149,0.03474941,-0.00301444
150,0.02524187,0.01060334
151,0.04120333,-0.00274012
152,0.02236795,0.01510414
153,0.02589059,0.00396259
154,0.02321863,0.00904705
155,0.02882824,0.00075896
156,0.03005978,0.00242145
157,0.02444978,0.01157668
158,0.03137614,0.00052914
159,0.01906210,0.00792659
160,0.04181673,-0.00670442
161,0.02189682,0.01597542
162,0.03896944,-0.00382781
163,0.03358251,0.00179115
164,0.02022291,0.01287738
165,0.03201513,0.00220912
166,0.03331645,0.00247678
167,0.03296969,-0.00436884
168,0.02995073,-0.00002471
169,0.02684842,0.00620201
170,0.02904209,0.00838645
171,0.03128831,0.00381813
172,0.03231957,-0.00561324
173,0.01861337,0.01497394
174,0.01781945,0.01501520
175,0.03648707,-0.00655081
176,0.01597169,0.00782575
177,0.02570321,0.00020043
178,0.03189478,0.00399187
179,0.03803061,0.00237291
180,0.02262788,0.00792954
181,0.01714411,0.01563469
182,0.03544606,-0.00346178
183,0.04830021,-0.01868422
184,0.03633736,0.00605159
185,0.02863321,-0.00060401
186,0.03665997,-0.00380637
187,0.02819019,0.01523475
188,0.01608693,0.02111201
189,0.02246257,0.00942182
190,0.02441455,-0.00153336
191,0.03666883,-0.00601175
192,0.04061381,-0.01140667
193,0.03054276,0.00211175
194,0.03151736,-0.00093542
195,0.02621461,0.00677209
196,0.03520452,-0.00813387
197,0.03529107,-0.00104707
198,0.01707672,0.00881159
199,0.02207570,0.00798594
200,0.02540104,0.01011910
201,0.02634172,0.00335132
202,0.03936655,-0.00261291
203,0.03067941,-0.00239608
204,0.02475697,-0.00006368
205,0.03021680,0.01179121
206,0.02090018,0.01058431
207,0.02910427,0.00470974
208,0.03686795,-0.00082473
209,0.03795861,0.00527514
210,0.02406565,-0.00044124
211,0.02196017,0.00497180
212,0.01771667,0.01739497
213,0.03277389,0.00055496
214,0.03011184,0.00307240
215,0.01964929,0.01267176
216,0.03398505,0.00106209
217,0.04204887,-0.01062296
218,0.04200946,-0.01009341
219,0.04095389,0.00057651
220,0.03078756,0.00929204
221,0.05041908,-0.00638913
222,0.03841974,-0.01367167
223,0.03163741,-0.00217927
224,0.04622217,-0.01096202
225,0.02873627,0.00595692
226,0.04737073,-0.01322299
227,0.03243686,0.00826651
228,0.03136609,0.00946324
229,0.02586381,-0.00292266
230,0.03369111,0.00068521
231,0.02245557,0.01662229
232,0.02359754,0.01285345
233,0.03021208,0.00233044
234,0.02795813,0.00237430
235,0.01871433,0.01166767
236,0.03136568,-0.00503139
237,0.04410393,-0.00764361
238,0.03894319,0.00044151
239,0.02992627,0.01851280
240,0.01807366,0.00916597
241,0.02886153,0.00709885
242,0.02767016,0.00591953
243,0.02832938,0.01406689
244,0.04099018,-0.00894564
245,0.02405533,0.01107096
246,0.03171147,0.01245090
247,0.02768957,0.00510212
248,0.03632105,-0.00667184
249,0.03702152,-0.00785440
250,0.02780458,0.00227956
251,0.02675499,0.01160564
252,0.02288702,0.01257827
253,0.01731827,0.00617686
254,0.02349466,0.00338428
255,0.03699735,-0.00386047
256,0.03141780,-0.00044694
257,0.02914023,0.00015604
258,0.02045919,0.01082494
259,0.02246771,-0.00096289
260,0.03178806,-0.00197918
261,0.02148219,0.01659591
262,0.02103035,0.01012173
263,0.02282984,0.00547378
264,0.02079389,0.01072979
265,0.02934437,0.00798316
266,0.01507865,0.01629078
267,0.02968763,0.00630989
268,0.02990352,-0.00183482
269,0.02582703,0.01421945
270,0.03585746,-0.00343888
271,0.01816294,0.00880980
272,0.02068373,0.00728036
273,0.02577801,0.00885011
274,0.01366625,0.02043423
275,0.01973126,0.01287195
276,0.02730866,0.00636306
277,0.02936799,0.00620855
278,0.03420771,0.00692301
279,0.03349126,-0.00236061
280,0.03258305,-0.00243899
281,0.03536429,0.00272591
282,0.03219611,-0.00146696
283,0.02428234,0.00392042
284,0.03454184,-0.00344933
285,0.02186909,0.01729920
286,0.02722464,0.01309744
287,0.02317172,0.00311966
288,0.02516584,0.00252842
289,0.03956631,-0.00739943
290,0.03655621,-0.00313892
291,0.02302100,0.00547836
292,0.02852906,0.00454086
293,0.02694292,-0.00212224
294,0.02523700,0.00136301
295,0.01883816,0.00334122
296,0.01809306,0.01528431
297,0.03160583,0.00882383
298,0.03221916,0.00266965
299,0.03131909,0.00482003
300,0.02796736,0.00600807
301,0.04728237,-0.01802919
302,0.02303183,0.00864690
303,0.02814113,0.00728870
304,0.02848226,-0.00398688
305,0.04339216,-0.01070185
306,0.03541475,-0.00300525
307,0.02188978,0.00262920
308,0.02534830,0.01729954
309,0.01459865,0.01145379
310,0.02668475,0.00893316
311,0.02506358,0.00339927
312,0.02505860,0.00800949
313,0.02464349,0.01500187
314,0.02500654,0.00114506
315,0.03165656,0.00242879
316,0.04021653,-0.01462849
317,0.01547293,0.00403724
318,0.02805686,0.00946395
319,0.03618218,-0.00149101
320,0.03322937,-0.01157427
321,0.02588074,0.00128168
322,0.03122663,-0.00196508
323,0.03830996,0.00394990
324,0.01950841,0.00935478
325,0.04045254,-0.00319941
326,0.04254594,0.00593551
327,0.02529004,0.00884208
328,0.04540843,-0.00890825
329,0.01529146,0.01262479
330,0.03193366,0.00419512
331,0.03729732,0.00603853
332,0.04446984,-0.00474445
333,0.02234575,0.00760884
334,0.03384090,0.00498363
335,0.01971282,0.01349369
336,0.01840288,0.00878482
337,0.02841019,-0.00427370
338,0.03267428,0.00059197
339,0.02403531,0.00705965
340,0.02587450,0.00626066
341,0.01819179,0.00960545
342,0.02530029,0.01549876
343,0.02876696,0.00052824
344,0.03494833,-0.00037390
345,0.02805775,0.00670503
346,0.03204870,-0.00141272
347,0.03163721,0.00637243
348,0.02763997,0.00222647
349,0.01608871,0.02081283
350,0.03146967,-0.00012672
351,0.02714055,0.00583940
352,0.03650443,-0.00423588
353,0.02280489,0.00776113
354,0.03970283,-0.00985217
355,0.02885353,0.01064850
356,0.02300285,0.01257159
357,0.01913322,0.01193351
358,0.01798474,0.00893248
359,0.03798023,-0.00095592
360,0.02143311,0.00686023
361,0.02783225,0.00751166
362,0.02726880,0.00413794
363,0.01822724,0.00507493
364,0.03913493,-0.00860878
365,0.02237567,0.00522524
366,0.03218752,-0.00049211
367,0.02905222,0.00339224
368,0.02442791,0.00608031
369,0.03906048,-0.00453592
370,0.03551597,0.00601055
371,0.03671003,-0.00089128
372,0.02578149,0.00778324
373,0.02837683,0.00530232
374,0.02720015,0.00461433
375,0.03526626,-0.00185741
376,0.03856709,-0.00406922
377,0.01193472,0.01304488
378,0.02497707,0.01198940
379,0.03558264,0.00257948
380,0.01591286,0.01505114
381,0.02662642,-0.00586204
382,0.02879083,0.00432111
383,0.01864299,0.01182765
384,0.02742931,0.00893643
385,0.02856384,0.00396883
386,0.03203351,-0.00426300
387,0.02351838,0.00800603
388,0.04076172,-0.01233209
389,0.02511105,0.01302961
390,0.02764882,-0.00067585
391,0.03320725,-0.00264841
392,0.02740163,0.00977694
393,0.01146964,0.01818933
394,0.02347741,0.00644627
395,0.03413085,0.01481165
396,0.02949272,-0.00043746
397,0.02958281,0.00151262
398,0.01376261,0.00912917
399,0.01475587,0.01379662
400,0.03656686,-0.00517909
401,0.03218766,-0.00225344
402,0.02919606,0.00437462
403,0.02013526,0.00791244
404,0.02871401,0.00870038
405,0.03439153,0.00338709
406,0.02879436,0.01140085
407,0.02777743,0.01239703
408,0.02418109,-0.00029667
409,0.03694526,-0.00213728
410,0.03170875,-0.00239270
411,0.02513789,0.00775795
412,0.03499699,-0.00000285
413,0.02804878,0.00260050
414,0.02883097,0.01074276
415,0.03581545,-0.00443945
416,0.03976332,0.00238533
417,0.02429945,0.00558766
418,0.02187074,0.01103907
419,0.01955670,0.00965515
420,0.02484803,0.00640849
421,0.02174300,0.00214947
422,0.02043294,0.00714638
423,0.02663432,0.00802358
424,0.03263783,0.00163501
425,0.01558703,0.01924244
426,0.01757952,0.01230141
427,0.03455701,0.00111233
428,0.03160239,-0.00683042
429,0.03992499,-0.00567355
430,0.04214480,-0.00443685
431,0.02882878,0.01482611
432,0.02316755,0.00886115
433,0.03639102,-0.00674772
434,0.02882123,0.00796415
435,0.02925624,-0.00145977
436,0.03288461,-0.00887262
437,0.03023953,0.01340205
438,0.01925636,0.00014189
439,0.03245420,0.00297983
440,0.03317353,0.00709412
441,0.02762356,0.00322307
442,0.02734954,0.00003218
443,0.03075329,0.00781650
444,0.02980781,0.00799751
445,0.03677439,-0.00889018
446,0.02787393,0.00350125
447,0.02234445,0.00389226
448,0.03096048,0.00810187
449,0.03289245,0.00014237
450,0.01143052,0.01362540
451,0.03528351,-0.00573349
452,0.01708841,0.01535134
453,0.01710223,0.01429486
454,0.03110708,-0.00204350
455,0.03716859,-0.00103367
456,0.02245269,0.01865582
457,0.02690399,0.01468186
458,0.01891850,0.01403094
459,0.03009468,0.00015520
460,0.02563061,0.00850812
461,0.02155615,0.01343365
462,0.02620569,-0.00027886
463,0.01839468,0.00892745
464,0.03373715,-0.00545029
465,0.02723573,0.01037529
466,0.02342010,0.01616133
467,0.02883731,0.00560112
468,0.03602638,0.00197021
469,0.02762283,0.00571874
470,0.02959780,0.01305387
471,0.02711308,0.00532137
472,0.04005876,-0.01767028
473,0.01943037,0.01021979
474,0.03343594,0.00348362
475,0.01968196,0.01045084
476,0.01517108,0.00725210
477,0.04184711,-0.00867022
478,0.02667699,0.00452559
479,0.02677379,0.00005056
480,0.02638224,0.00221768
481,0.04627178,-0.00220245
482,0.02730717,0.01274234
483,0.03167994,-0.00011180
484,0.03180497,0.00243221
485,0.03163207,0.00047875
486,0.01804162,0.01445559
487,0.02026533,0.00720394
488,0.05096557,-0.01156126
489,0.02786197,0.00506716
490,0.01770378,0.01419954
491,0.03190914,0.00027772
492,0.02720223,0.00202634
493,0.02559448,0.01119374
494,0.01819865,0.01939189
495,0.03921468,0.00056538
496,0.03523007,-0.00036849
497,0.03897392,0.00196834
498,0.03433628,-0.00352394
499,0.03854830,-0.00305226
500,0.02861116,0.01330842
501,0.03948367,-0.00243867
502,0.03225115,0.01009288
503,0.03958495,0.00567353
504,0.03279799,0.01006192
505,0.03882299,-0.01130990
506,0.02455453,0.01336549
507,0.02256722,0.01154588
508,0.01970160,0.01363504
509,0.03098768,-0.00565043
510,0.00746984,0.01750645
511,0.02542748,-0.00295056
512,0.02682651,0.00174794
513,0.04584872,-0.01223700
514,0.03056064,-0.00205493
515,0.03788695,0.00406909
516,0.03401277,0.00829873
517,0.03404142,0.00611184
518,0.01878152,0.01963994
519,0.02321849,0.00863003
520,0.03546428,-0.00282844
521,0.02190316,0.00377779
522,0.03574517,0.00050358
523,0.01909211,0.01017751
524,0.03920919,0.00089695
525,0.02911530,0.00941164
526,0.03075741,-0.00111921
527,0.03799417,0.00094826
528,0.03461138,0.01105038
529,0.02194078,0.01065979
530,0.04265224,-0.00978068
531,0.02827302,0.00270068
532,0.02550444,0.01324528
533,0.03945546,0.00239399
534,0.02536827,0.00347234
535,0.01886958,0.00583970
536,0.03349026,0.00125157
537,0.04110033,0.00226240
538,0.03472001,0.00109871
539,0.01427732,0.02032884
540,0.02672353,0.01106837
541,0.01643331,0.00737194
542,0.02453785,-0.00011406
543,0.03163537,0.00331784
544,0.03454949,0.00331873
545,0.03006957,-0.00662529
546,0.01610654,0.00864364
547,0.02430322,0.01352891
548,0.03487497,0.00580711
549,0.04250048,-0.00362188
550,0.00848683,0.01853311
551,0.01936233,0.01584223
552,0.01492776,0.01646379
553,0.02210057,0.01196826
554,0.03489996,0.00861604
555,0.02997117,0.00982007
556,0.02505733,0.00272828
557,0.03364653,-0.00742340
558,0.03453063,0.00438337
559,0.02589404,-0.00243067
560,0.03154372,0.00025684
561,0.03386073,-0.00261287
562,0.04645737,-0.01003696
563,0.02129823,0.00097188
564,0.04030132,0.00347972
565,0.02503520,0.00804034
566,0.02919157,0.00327425
567,0.01669322,0.00966015
568,0.02795259,-0.00437565
569,0.02196280,0.00648082
570,0.03213287,0.00154708
571,0.02062022,0.01269666
572,0.02493154,0.01826063
573,0.03742013,0.00479799
574,0.03274447,0.01301895
575,0.03199164,-0.00215372
576,0.03300980,0.00230470
577,0.03909700,0.00804451
578,0.03634990,-0.00119658
579,0.02389923,-0.00081345
580,0.03824284,-0.00091562
581,0.02537636,0.00277031
582,0.05057189,-0.02070074
583,0.02710915,0.00576111
584,0.03239254,-0.00509185
585,0.02122315,0.00605736
586,0.03286471,-0.00323241
587,0.01124815,0.01344003
588,0.03187579,0.00501636
589,0.03134023,0.01151167
590,0.02908748,0.00768795
591,0.02281764,0.00830258
592,0.03418010,0.00307564
593,0.03243418,0.00826625
594,0.03013018,0.00906535
595,0.02904702,0.00622569
596,0.01417153,0.01567493
597,0.02946070,-0.00113100
598,0.04161362,-0.00561870
599,0.03877404,-0.00278650
600,0.02604719,0.00351954
601,0.02551293,0.00345426
602,0.03272693,0.00292493
603,0.02729435,-0.00206777
604,0.01458667,0.00816752
605,0.03616986,-0.00124498
606,0.03114682,0.00123399
607,0.02258701,0.01476664
608,0.03211371,-0.00108646
609,0.01811268,0.01237131
610,0.02521504,0.01585369
611,0.00948314,0.01765802
612,0.02560257,0.00108363
613,0.02682788,0.01316699
614,0.02443461,0.00408960
615,0.02766426,0.00765029
616,0.02493963,0.02038881
617,0.02193891,0.00410954
618,0.02897681,-0.00150476
619,0.03751218,-0.00470509
620,0.02136806,0.00531482
621,0.03831594,0.00275541
622,0.03350192,0.00336530
623,0.03051944,0.00454580
624,0.02905739,0.00316136
625,0.04751573,-0.01510045
626,0.04068176,-0.00282716
627,0.02871944,0.00555970
628,0.03270555,0.00451041
629,0.02400866,0.00587862
630,0.02725240,-0.00141713
631,0.02388009,0.00230559
632,0.02447156,0.01495567
633,0.04333758,-0.00117914
634,0.03951165,-0.01371723
635,0.03039067,-0.00910276
636,0.02983598,-0.00199330
637,0.03276588,0.00001138
638,0.04129856,-0.00938259
639,0.02966257,0.00140378
640,0.02983517,0.00989385
641,0.04608712,-0.00859122
642,0.03286872,0.00304893
643,0.03997154,-0.00916721
644,0.03997246,0.00123512
645,0.02870355,0.01075099
646,0.03613827,-0.00317668
647,0.03769116,-0.00018689
648,0.02236086,0.01178292
649,0.03483332,0.01085435
650,0.04031243,-0.00372930
651,0.03061555,0.00042745
652,0.02941549,0.00168131
653,0.03500008,-0.00397239
654,0.02180747,0.01053937
655,0.01974983,0.01588093
656,0.02757890,0.00598103
657,0.03040599,0.00382206
658,0.04265297,-0.00234767
659,0.02378204,0.00931109
660,0.03103524,-0.00264662
661,0.02563465,-0.00392443
662,0.03068483,0.00130882
663,0.03152863,0.00915810
664,0.02587582,0.00111269
665,0.04220989,-0.00385432
666,0.02357314,0.00243423
667,0.03624934,-0.00400448
668,0.03265355,0.00105153
669,0.02877550,0.00973119
670,0.04994101,-0.00704220
671,0.01766758,0.01125085
672,0.02676673,0.00475846
673,0.01382456,0.01692167
674,0.01472725,0.00812853
675,0.03127251,0.00471944
676,0.03041495,0.00096220
677,0.03355429,-0.00447292
678,0.03268087,-0.00276255
679,0.02783372,0.01013236
680,0.02909562,0.00292542
681,0.03304115,-0.00265364
682,0.02943462,0.00547212
683,0.03896541,0.00052526
684,0.03256524,-0.00267738
685,0.02820780,0.00887619
686,0.02729868,-0.00418538
687,0.03822658,-0.00196715
688,0.02766420,0.00782109
689,0.03171680,-0.00051432
690,0.02962746,-0.00033671
691,0.01886351,0.01378708
692,0.02845891,0.00501409
693,0.04604482,-0.00983168
694,0.03814822,0.00162751
695,0.04539485,-0.00491399
696,0.02160510,0.01122219
697,0.03731338,0.00049567
698,0.03943169,-0.00214179
699,0.02902113,0.01292307
700,0.02568261,0.01138283
701,0.03252820,0.00461708
702,0.04413279,-0.01239898
703,0.02891951,0.00819455
704,0.02048943,0.00659732
705,0.02816564,-0.00377940
706,0.02540382,0.01205828
707,0.02933055,-0.00350763
708,0.03614154,0.00496822
709,0.03605260,-0.00267738
710,0.04029657,-0.00055273
711,0.04107437,0.00324381
712,0.02279158,0.01496498
713,0.02080822,0.00943046
714,0.02921198,0.01517333
715,0.03302594,-0.00035604
716,0.02319169,0.00414705
717,0.02064167,0.00445948
718,0.02675041,0.01035780
719,0.02513523,0.00241627
720,0.02436765,0.00185058
721,0.03588633,-0.00177960
722,0.01707942,0.01524101
723,0.02644036,0.01214714
724,0.03216561,0.00034032
725,0.03581680,0.00175506
726,0.03144684,0.00989332
727,0.03310240,0.00036487
728,0.03922156,-0.00043678
729,0.02635656,0.00759892
730,0.03890511,-0.00794983
731,0.03226618,0.00268011
732,0.03407209,0.00031074
733,0.03394324,0.00468956
734,0.02049509,0.00742574
735,0.03480381,0.00846944
736,0.02972827,-0.01227500
737,0.02261488,0.00906979
738,0.03784868,0.00273195
739,0.02350191,0.02179204
740,0.02887438,0.00496371
741,0.02753041,0.01384413
742,0.03366943,0.00328111
743,0.03499707,0.00302736
744,0.04091273,-0.00495565
745,0.04539630,-0.01209650
746,0.00732177,0.01581177
747,0.02774005,0.00551913
748,0.04520163,-0.00622585
749,0.03105542,0.00178151
750,0.02557080,0.01914376
751,0.02540353,0.00445768
752,0.02870471,-0.00087717
753,0.03927573,-0.01171626
754,0.02894035,0.00773517
755,0.02183596,0.01304062
756,0.04233903,-0.00409539
757,0.01989925,0.01227011
758,0.02192012,0.01329813
759,0.02349546,0.00214982
760,0.01751507,0.01368532
761,0.02835951,0.00840257
762,0.02330892,0.00462624
763,0.01683045,0.01131134
764,0.01807113,0.01237028
765,0.03339614,0.00304449
766,0.02840134,0.00454342
767,0.02447195,0.00204294
768,0.04278052,0.00384566
769,0.03908840,-0.00914973
770,0.04252600,-0.00701090
771,0.03217309,0.01283626
772,0.02037342,0.00785965
773,0.03722343,-0.00592600
774,0.03701366,0.00409968
775,0.01154951,0.01637533
776,0.04485833,0.00432989
777,0.02661525,0.00819190
778,0.02926998,0.00035604
779,0.03527304,0.00193195
780,0.02902476,0.00601803
781,0.02912603,0.00479221
782,0.03603281,0.00046622
783,0.04338804,-0.00625934
784,0.02715611,0.00330753
785,0.03437600,0.00490688
786,0.03219639,0.00555893
787,0.01943505,0.00975315
788,0.01762556,0.00561434
789,0.03889195,-0.00099444
790,0.02925293,0.00628259
791,0.01462704,0.01294295
792,0.04112302,-0.00008366
793,0.02923498,0.00641483
794,0.03277242,0.00002201
795,0.02843211,0.00911986
796,0.02520444,0.01230838
797,0.01886196,0.00841680
798,0.03094985,0.00213618
799,0.03571964,0.00339345
800,0.01755453,0.01608573
801,0.03324388,0.00013141
802,0.01649973,0.00559436
803,0.02961451,0.00564847
804,0.02983513,0.00681387
805,0.02308323,0.00562199
806,0.02448955,0.02252730
807,0.03387876,-0.00802109
808,0.02527555,0.00680607
809,0.03113818,0.00026574
810,0.02976687,0.00624863
811,0.03026347,0.00637077
812,0.02756519,0.00990002
813,0.02735932,0.00457490
814,0.02932277,-0.00147370
815,0.04110368,-0.00935771
816,0.02569134,0.00978857
817,0.03993082,-0.00543322
818,0.02102646,0.00628815
819,0.03222139,0.00060322
820,0.02693359,0.01475092
821,0.02674793,0.01288136
822,0.03696020,-0.00165499
823,0.04314986,-0.00268819
824,0.02391677,0.01717694
825,0.04360736,-0.00530571
826,0.02485151,0.01197154
827,0.03278744,0.00462645
828,0.02719810,0.01123126
829,0.02147779,0.01159430
830,0.03880197,-0.00148812
831,0.02040816,0.01279555
832,0.01989653,0.00990176
833,0.01668614,0.01490769
834,0.03044539,0.00261955
835,0.02795220,0.00005456
836,0.01716903,0.00683378
837,0.02303988,0.00923957
838,0.03723599,-0.00244634
839,0.03438805,0.00315775
840,0.03580015,-0.00272661
841,0.03698834,0.00058948
842,0.02563707,0.00344423
843,0.02966470,0.00399210
844,0.02708073,0.00570020
845,0.03727016,0.00547418
846,0.02227392,0.00254047
847,0.04289251,-0.00535872
848,0.03358534,-0.00148284
849,0.03021067,0.01211255
850,0.02446511,0.00849165
851,0.02837170,0.00129560
852,0.02204558,0.00794497
853,0.02580391,0.01169808
854,0.01957894,0.01232981
855,0.03250014,-0.00112567
856,0.03452321,0.00541372
857,0.03024902,0.00972852
858,0.02397770,-0.00161833
859,0.05158661,-0.01711245
860,0.03723578,0.00668024
861,0.02881528,0.00351035
862,0.02885898,0.01012494
863,0.02914491,-0.00165303
864,0.03095416,0.00478884
865,0.01953826,0.01385098
866,0.04855277,-0.00552334
867,0.02810576,0.01168085
868,0.02727853,0.00258691
869,0.02198540,0.01194350
870,0.03447609,0.00686966
871,0.03410998,0.00015429
872,0.04053430,-0.00155761
873,0.03228393,0.00129395
874,0.03480916,0.00342076
875,0.03039938,0.00643805
876,0.03325613,-0.01064583
877,0.02730367,0.00957283
878,0.03045258,0.00817222
879,0.02396624,0.01239790
880,0.01422286,0.01528321
881,0.02981789,0.01230026
882,0.03405062,-0.00358486
883,0.02390852,0.00484778
884,0.02274787,0.00802763
885,0.02342499,0.01084917
886,0.03266667,0.00595384
887,0.02911282,0.00572093
888,0.04947908,-0.00993906
889,0.04400562,-0.00199694
890,0.03437415,-0.00161744
891,0.04454872,-0.00998986
892,0.01139738,0.00774820
893,0.02599509,0.01566464
894,0.03509636,0.00206332
895,0.02995301,0.00787596
896,0.02748239,0.01096832
897,0.03451726,-0.00482809
898,0.03100503,0.00310494
899,0.02151297,0.01427421
900,0.04027856,-0.00045886
901,0.02661625,-0.00020160
902,0.02725249,0.00575187
903,0.02853696,0.00868845
904,0.00787249,0.01560166
905,0.01847711,0.01247555
906,0.03051078,-0.00133113
907,0.03481067,-0.00149383
908,0.02924414,0.01789427
909,0.01586790,0.01388192
910,0.01606499,0.00006744
911,0.04242598,0.00226352
912,0.02896381,-0.00246058
913,0.02982786,0.01917244
914,0.03222617,-0.00305718
915,0.04014015,-0.00368253
916,0.02220563,0.01788284
917,0.04425944,-0.00841086
918,0.04204001,-0.00333971
919,0.02716559,0.00371823
920,0.02369557,0.00221363
921,0.03037907,0.00035765
922,0.02887230,0.00408002
923,0.02967639,0.00427850
924,0.01412319,0.01957510
925,0.03059084,0.00517798
926,0.02697853,-0.00439558
927,0.03315159,-0.00290353
928,0.03040369,0.01433672
929,0.02639735,0.01233821
930,0.02561251,0.00281674
931,0.03031075,0.00581217
932,0.04141001,-0.00878104
933,0.01433545,0.01777975
934,0.03421084,0.00171553
935,0.01349387,0.01409303
936,0.02456368,0.00981250
937,0.02690594,0.00093608
938,0.04691934,-0.01352473
939,0.03710692,-0.00506979
940,0.02742359,0.00218377
941,0.03740392,0.00327445
942,0.03944195,0.00246646
943,0.03007006,0.01095683
944,0.04216079,-0.00252132
945,0.03866737,-0.01067670
946,0.02424549,0.01963250
947,0.01873924,0.00917800
948,0.03718026,-0.00004811
949,0.04160113,0.00250743
950,0.03403835,0.00149768
951,0.02536680,0.00259999
952,0.02739226,0.00380082
953,0.03159498,-0.00209295
954,0.03541199,0.00361373
955,0.02670528,0.00319395
956,0.02244846,0.00265674
957,0.03505558,-0.00465365
958,0.02224020,0.00706311
959,0.03425207,0.00419113
960,0.02631667,0.00814979
961,0.02134473,0.00199064
962,0.02306328,0.00794444
963,0.02200175,0.01266276
964,0.04032754,0.00531197
965,0.03749930,0.00058708
966,0.03412700,-0.00195003
967,0.03764278,-0.00013330
968,0.02860853,-0.00399462
969,0.03097783,0.00053118
970,0.03469261,-0.00483248
971,0.03190603,0.00529124
972,0.02812504,0.00874833
973,0.02862889,-0.00029408
974,0.03588711,-0.00877008
975,0.02776118,0.00409372
976,0.03250233,0.00254663
977,0.04090164,0.00120253
978,0.02842325,0.00042450
979,0.02297459,-0.00057852
980,0.02376427,0.00363879
981,0.02688297,0.00096190
982,0.02728209,0.01294858
983,0.03966022,-0.00829819
984,0.03845194,-0.00614004
985,0.03906446,0.00178423
986,0.04175992,-0.01092499
987,0.03325026,0.00501091
988,0.02838775,0.00055796
989,0.02812325,0.00768270
990,0.02700770,0.01244241
991,0.03869654,-0.00087936
992,0.03711311,-0.00319357
993,0.02368508,0.00618490
994,0.02298802,0.01382406
995,0.04141246,0.00543037
996,0.03418967,0.00135478
997,0.02437425,0.00856338
998,0.02941631,0.00286871
999,0.04342540,-0.00301706
1000,0.03832949,-0.00940923
1001,0.03397983,-0.00813815
1002,0.02976047,0.01022891
1003,0.02289979,0.00214807
1004,0.02458036,0.01293967
1005,0.03144156,-0.00107827
1006,0.02890288,0.00984708
1007,0.03819008,0.01047070
1008,0.03420542,0.00556692
1009,0.03873500,-0.00754109
1010,0.02932112,-0.00228912
1011,0.03943384,0.00068232
1012,0.02483121,-0.00528071
1013,0.02727653,0.00882638
1014,0.03417078,0.00109492
1015,0.03899684,0.00111378
1016,0.03160924,0.00919546
1017,0.03083602,0.00728969
1018,0.03263658,-0.00100314
1019,0.02751755,0.01331894
1020,0.02729085,0.00357695
1021,0.02554635,0.00865039
1022,0.02407784,0.00722423
1023,0.02255922,0.00883778
1024,0.03359467,0.00131697
1025,0.03655306,0.00350519
1026,0.04116305,-0.00982695
1027,0.03247524,0.00176800
1028,0.03152962,0.00599577
1029,0.02949583,-0.00497081
1030,0.03253794,-0.00219363
1031,0.02208269,0.00170345
1032,0.02672062,0.00876284
1033,0.01999376,0.01007223
1034,0.01638415,0.02143098
1035,0.03567733,-0.00019794
1036,0.02583062,0.00569790
1037,0.03574117,-0.00584841
1038,0.02054012,0.00901096
1039,0.02705668,0.00780126
1040,0.04158254,0.00386442
1041,0.03267786,0.00049530
1042,0.02705768,0.00487501
1043,0.01782571,0.01907557
1044,0.02972856,0.00377683
1045,0.02829613,0.00642066
1046,0.02293134,0.01854655
1047,0.03761275,-0.00907588
1048,0.03325660,-0.00313603
1049,0.03132385,0.00141407
1050,0.04754280,0.00210261
1051,0.02848318,0.00832128
1052,0.02559982,0.00836108
1053,0.01337362,0.01545874
1054,0.03254807,0.00934332
1055,0.03365042,-0.00112524
1056,0.03351037,0.00363683
1057,0.01889807,0.01040744
1058,0.03729262,-0.00646771
1059,0.01961592,0.00179349
1060,0.03565338,0.00330630
1061,0.04382263,-0.00361839
1062,0.03384554,-0.00155819
1063,0.03813679,-0.00404765
1064,0.02937841,0.00231172
1065,0.04089377,0.00768957
1066,0.01750308,0.00449020
1067,0.02758991,0.00695366
1068,0.03590541,0.00130444
1069,0.04273736,-0.00440984
1070,0.03719573,-0.00093277
1071,0.02996598,0.00320472
1072,0.04547023,-0.00483975
1073,0.02659694,0.01482209
1074,0.04052493,-0.01498757
1075,0.03789128,0.00113898
1076,0.03772680,0.00484310
1077,0.02669308,0.00544145
1078,0.03327009,0.00389437
1079,0.03597238,-0.00485057
1080,0.03088574,0.00686336
1081,0.04118025,0.00008055
1082,0.03909064,-0.00965470
1083,0.02704105,0.00949489
1084,0.03802774,-0.00626964
1085,0.03233413,-0.00491085
1086,0.01717425,0.01869018
1087,0.02645482,0.00929551
1088,0.02565224,0.00390669
1089,0.02115029,0.00984408
1090,0.03539919,-0.00280460
1091,0.02994779,0.00461518
1092,0.04581820,-0.01064070
1093,0.02732887,0.01253247
1094,0.02763622,-0.00377357
1095,0.02555794,0.00321314
1096,0.03066885,-0.00242177
1097,0.02353555,0.00761577
1098,0.01599730,0.01278029
1099,0.03517759,0.00088356
1100,0.03383140,-0.00028101
1101,0.04522749,-0.00918496
1102,0.03353975,0.00446136
1103,0.02952208,0.00364098
1104,0.02575769,0.00974400
1105,0.04533683,-0.00216324
1106,0.04152585,-0.00464452
1107,0.01955799,0.01216147
1108,0.02368982,-0.00112160
1109,0.02646847,0.00215903
1110,0.03829942,-0.00036060
1111,0.01316224,0.01430422
1112,0.02841325,0.00427746
1113,0.02846450,-0.00031824
1114,0.03830089,0.00282910
1115,0.02659299,-0.00111555
1116,0.04426013,-0.00239312
1117,0.02978877,0.00795968
1118,0.03508402,0.01166544
1119,0.02055364,0.00467130
1120,0.02728314,0.00540816
1121,0.02436165,0.01521135
1122,0.02990467,-0.00100650
1123,0.03478164,0.00830669
1124,0.01984622,0.00755089
1125,0.02256677,0.00345192
1126,0.02779297,0.01129640
1127,0.02192363,0.00822898
1128,0.03096640,0.00466729
1129,0.03932499,-0.00335152
1130,0.03986889,0.00432373
1131,0.00762352,0.02915484
1132,0.02255765,-0.00097534
1133,0.03807543,-0.01194925
1134,0.03082481,-0.00040401
1135,0.02970251,0.00162020
1136,0.02785829,0.00356710
1137,0.03414260,0.00701736
1138,0.02255964,0.00544388
1139,0.02509129,0.01424420
1140,0.03998955,0.00185142
1141,0.03815053,-0.01405963
1142,0.02359062,-0.00001753
1143,0.02385539,0.00545897
1144,0.04198530,-0.00702048
1145,0.02329980,0.01311881
1146,0.01609845,0.01484353
1147,0.03180544,-0.00187552
1148,0.02397849,0.00755489
1149,0.02351867,0.00649745
1150,0.02348813,0.00875154
1151,0.03028772,0.00528093
1152,0.02476037,0.00044569
1153,0.03108577,-0.00303560
1154,0.03915383,0.00196175
1155,0.02097392,0.00515457
1156,0.02880129,0.00630484
1157,0.03060776,0.00042206
1158,0.02921325,0.00490718
1159,0.01875951,0.01398149
1160,0.02763486,0.00285270
1161,0.02355490,0.00331808
1162,0.02037993,0.00425031
1163,0.02733641,0.00148114
1164,0.00555121,0.02759096
1165,0.03022640,0.00164592
1166,0.04032703,0.00121650
1167,0.03174798,-0.00198015
1168,0.03456115,0.00311491
1169,0.02930076,0.00214913
1170,0.02692392,0.00658622
1171,0.02721186,0.00410268
1172,0.02416227,0.00829958
1173,0.03599137,0.00261777
1174,0.02729010,0.00380884
1175,0.01416740,0.01540116
1176,0.05093317,-0.00806644
1177,0.02488959,0.00444580
1178,0.02214917,0.01195223
1179,0.02460885,0.00830618
1180,0.03128257,-0.00323364
1181,0.01780447,0.01264409
1182,0.01658212,0.00696911
1183,0.04657911,-0.00104942
1184,0.02333467,0.00993741
1185,0.02345530,0.00899264
1186,0.03874907,-0.00471835
1187,0.02428840,0.00860334
1188,0.03503612,0.00875651
1189,0.02238082,0.00422282
1190,0.03049320,0.00871171
1191,0.04364442,0.00111869
1192,0.03662000,0.00088746
1193,0.02856792,0.00315024
1194,0.04223855,0.00419194
1195,0.03375674,0.00375008
1196,0.02752732,0.00666175
1197,0.03544331,0.00643339
1198,0.03194105,0.00279429
1199,0.03451286,0.00373722
1200,0.02847436,0.00832002
1201,0.03287129,-0.00006381
1202,0.02149758,0.01253091
1203,0.02373686,0.01168839
1204,0.01351467,0.00786744
1205,0.01889502,0.01473421
1206,0.02607466,0.00228802
1207,0.04596535,-0.01566110
1208,0.02722761,-0.00211352
1209,0.00869016,0.01604141
1210,0.03355497,-0.00349873
1211,0.03127578,0.00259553
1212,0.03832058,0.00234053
1213,0.02730614,-0.00131465
1214,0.01893647,0.00576423
1215,0.03709000,-0.00690646
1216,0.03334342,-0.00243678
1217,0.04619791,-0.00350266
1218,0.03029344,0.00734886
1219,0.02388680,0.00793948
1220,0.03722909,-0.00683056
1221,0.03715167,0.00295118
1222,0.03625489,0.00289198
1223,0.03100121,0.00536091
1224,0.02832260,0.00709390
1225,0.03171862,-0.00673417
1226,0.02175293,0.01063825
1227,0.03526145,-0.01035572
1228,0.03998786,-0.00243821
1229,0.02926892,0.00952665
1230,0.04187079,-0.00738872
1231,0.03324907,0.00211025
1232,0.03002345,0.00133140
1233,0.04525213,-0.00092018
1234,0.03960653,-0.01024283
1235,0.02152330,0.01036380
1236,0.03480329,-0.00621170
1237,0.02443747,0.00864372
1238,0.02078249,0.00635572
1239,0.02609682,0.00926556
1240,0.03806401,-0.00418533
1241,0.02194449,0.00808901
1242,0.01723792,0.01001657
1243,0.02646428,0.00305110
1244,0.00902064,0.01256126
1245,0.01314557,0.02884599
1246,0.03793038,0.00145431
1247,0.02054377,-0.00042423
1248,0.03823980,-0.00112527
1249,0.02387403,0.00428633
1250,0.03386732,0.00022192
1251,0.02525754,0.01291980
1252,0.02753966,0.00938892
1253,0.03030737,-0.00295833
1254,0.02074176,-0.00244595
1255,0.02702389,0.00522835
1256,0.03522012,-0.00106876
1257,0.02956236,-0.00050262
1258,0.03449199,-0.00529774
1259,0.03220348,0.00451919
1260,0.01674313,0.00885646
1261,0.04549183,-0.01258392
1262,0.04737177,-0.00682469
1263,0.03492379,0.00144775
1264,0.02977315,-0.00003033
1265,0.02957315,-0.00205181
1266,0.05040070,-0.01033348
1267,0.03514239,-0.00779657
1268,0.03147440,0.01144001
1269,0.03271207,-0.00199423
1270,0.03791218,-0.00842975
1271,0.02901029,0.00189546
1272,0.03406804,-0.00118014
1273,0.03411244,-0.00407721
1274,0.01905419,0.00752013
1275,0.02633194,0.00696485
1276,0.03780765,0.00042320
1277,0.03556537,-0.00451307
1278,0.02473839,0.00344804
1279,0.02544419,0.00400879
1280,0.02611967,0.00265469
1281,0.01316301,0.01900525
1282,0.02372249,0.00421846
1283,0.03248218,-0.00353959
1284,0.03403370,0.00116080
1285,0.02521275,-0.00354498
1286,0.03792853,0.00606293
1287,0.01669982,0.00497346
1288,0.03446661,0.00413695
1289,0.01242293,0.01964331
1290,0.02964970,-0.00052166
1291,0.02469464,0.00699755
1292,0.03846213,-0.00774543
1293,0.01996945,0.00830510
1294,0.02295990,0.00816398
1295,0.02353055,0.00752266
1296,0.03017146,0.00216129
1297,0.02458078,0.00745298
1298,0.01528037,0.01767435
1299,0.03419846,-0.00011434
1300,0.01684815,0.01730803
1301,0.03500068,-0.00091684
1302,0.03675680,-0.00177471
1303,0.02768731,-0.00518763
1304,0.02646920,0.01298045
1305,0.02546715,0.00556718
1306,0.02586910,0.00710061
1307,0.02683211,0.00627719
1308,0.03904228,0.00057676
1309,0.03882330,-0.00672745
1310,0.02801867,0.00614262
1311,0.03579723,-0.00532123
1312,0.03209989,-0.00401385
1313,0.02440027,0.01004656
1314,0.03004757,0.00128416
1315,0.02854853,0.00372051
1316,0.02939380,-0.00106015
1317,0.02410556,0.00357419
1318,0.02943895,0.00193843
1319,0.02525482,0.01273442
1320,0.02583594,0.00862211
1321,0.03056626,0.00230351
1322,0.01621590,0.01142766
1323,0.03081450,0.00812526
1324,0.02551504,0.00976444
1325,0.03542476,0.00287663
1326,0.03768050,0.00159728
1327,0.03087771,0.00503069
1328,0.02096598,0.00646346
1329,0.01753546,0.01098243
1330,0.02054388,0.00638233
1331,0.02997100,0.00557491
1332,0.02923648,0.00132062
1333,0.04469932,-0.00063318
1334,0.03381072,-0.01089143
1335,0.02824179,0.00672320
1336,0.03736519,0.00340826
1337,0.02116118,0.01448227
1338,0.03431117,0.00685226
1339,0.01930084,0.01134275
1340,0.04193827,-0.00110496
1341,0.03467911,-0.00656936
1342,0.02260091,0.01238952
1343,0.02229302,0.00873289
1344,0.02569829,0.00533031
1345,0.02980850,-0.00847794
1346,0.03263955,0.00398453
1347,0.01934925,0.00358345
1348,0.03266420,0.00223226
1349,0.03520791,0.00162483
1350,0.03243167,0.00120768
1351,0.02682155,0.01335968
1352,0.03564499,-0.00003278
1353,0.03487692,-0.00545772
1354,0.03890237,-0.00490234
1355,0.03795543,-0.00017616
1356,0.02447218,0.00967234
1357,0.01249271,0.02042872
1358,0.02543842,0.00946916
1359,0.03555750,-0.00513239
1360,0.03217859,-0.00029232
1361,0.02337064,0.01516437
1362,0.03039881,0.00158137
1363,0.03308362,-0.00128914
1364,0.02120743,0.00913272
1365,0.01748484,0.01366002
1366,0.02604044,0.01277844
1367,0.02519408,0.01661603
1368,0.01877128,0.00960623
1369,0.02927530,0.00607514
1370,0.01841287,0.01370761
1371,0.02642376,0.00772048
1372,0.03114043,0.00954302
1373,0.03013204,-0.00174147
1374,0.03775433,0.00601260
1375,0.02889680,0.00550298
1376,0.03257140,-0.01093012
1377,0.02581054,0.00417106
1378,0.01645320,0.00955187
1379,0.03215026,-0.00314880
1380,0.02165175,0.00111579
1381,0.02542394,0.01100918
1382,0.03510683,-0.00027139
1383,0.02745354,0.00561040
1384,0.03670472,-0.00727033
1385,0.03363921,-0.00148838
1386,0.02482147,0.00731163
1387,0.01766781,0.01145930
1388,0.04660696,-0.00412490
1389,0.03817951,-0.00303908
1390,0.02727842,0.01339708
1391,0.04056507,-0.01082385
1392,0.01835901,0.01577486
1393,0.02336071,0.01604270
1394,0.02284817,0.00699154
1395,0.02781671,0.01447266
1396,0.03170405,-0.00377005
1397,0.03234868,-0.00441198
1398,0.02599626,0.00626965
1399,0.02237498,0.01347474
1400,0.04119296,0.00439450
1401,0.04450780,-0.00589792
1402,0.02219227,0.01118249
1403,0.02858369,-0.00290729
1404,0.03051526,0.00633185
1405,0.01831915,0.01243055
1406,0.03354948,-0.00210098
1407,0.04270628,-0.00969166
1408,0.02341145,0.00929034
1409,0.02556276,0.00499696
1410,0.04509408,-0.00569177
1411,0.02951895,0.00727099
1412,0.03911554,-0.00734628
1413,0.03159735,0.00404224
1414,0.02175852,0.00674136
1415,0.03474860,0.00064307
1416,0.02936460,0.00359206
1417,0.02741611,-0.00199795
1418,0.03052825,-0.00077147
1419,0.03245306,-0.00602467
1420,0.03508414,-0.00221133
1421,0.01328567,0.01358807
1422,0.04458086,-0.00582755
1423,0.02398992,0.00461048
1424,0.02146792,0.01982678
1425,0.03632820,0.00475899
1426,0.02265914,-0.00115210
1427,0.04277875,-0.00319599
1428,0.02859196,0.00832093
1429,0.03678099,-0.00309903
1430,0.02726958,0.01180145
1431,0.02373989,0.01155534
1432,0.04050849,0.00121779
1433,0.02448720,0.00583221
1434,0.03586863,0.00201979
1435,0.02615689,0.00870083
1436,0.02469519,0.00707961
1437,0.02446317,0.00207694
1438,0.03980077,0.00440845
1439,0.03534078,0.00012085
1440,0.04657108,0.00317025
1441,0.02446294,0.00728261
1442,0.01446404,0.00861605
1443,0.03371133,0.00462850
1444,0.03025356,0.00028114
1445,0.02219659,0.00625114
1446,0.03847657,0.00118033
1447,0.02797089,0.00350990
1448,0.03117634,-0.00210081
1449,0.02846156,0.00212762
1450,0.02187945,0.01336743
1451,0.02553623,0.00928025
1452,0.03653329,-0.00972138
1453,0.03719471,-0.00273736
1454,0.02915307,0.00219036
1455,0.02441233,0.01359436
1456,0.03616341,-0.00126249
1457,0.03832031,-0.00248912
1458,0.02497912,0.00811618
1459,0.02402736,0.00101562
1460,0.02462644,0.00537460
1461,0.03694647,-0.00289562
1462,0.02299687,0.00625393
1463,0.02556446,0.00972296
1464,0.02112754,0.00977539
1465,0.01763045,0.00888398
1466,0.02789258,0.01113159
1467,0.02922589,0.00101303
1468,0.03888426,0.00763816
1469,0.03361702,0.00971660
1470,0.01897238,0.01260472
1471,0.03201268,-0.00121839
1472,0.03790741,-0.00188032
1473,0.03474813,0.01530703
1474,0.02683844,0.00493878
1475,0.02157611,0.01666576
1476,0.01932242,0.00313816
1477,0.03527437,-0.00384971
1478,0.01247145,0.01673909
1479,0.03374480,0.00880387
1480,0.02963717,0.01669054
1481,0.03928192,0.00031214
1482,0.05130946,-0.01949904
1483,0.02318732,0.00232170
1484,0.03144032,0.00311163
1485,0.03899872,-0.00756709
1486,0.03987891,-0.01394225
1487,0.02437122,0.00057243
1488,0.03798039,-0.00785289
1489,0.01889222,0.01472784
1490,0.02863351,0.00621740
1491,0.02722247,0.00206426
1492,0.02468408,0.01369641
1493,0.03167615,0.01128077
1494,0.02359262,0.00529463
1495,0.02820878,0.00645637
1496,0.02611287,0.00216678
1497,0.02845059,0.00510160
1498,0.02894122,0.00215607
1499,0.02333558,0.00985016
1500,0.02402794,0.00608986
1501,0.03012224,0.00301751
1502,0.02677884,0.00415193
1503,0.02864653,0.00150425
1504,0.02291066,0.00799081
1505,0.03237704,0.00086208
1506,0.02893886,-0.00382188
1507,0.02162453,0.00720206
1508,0.02531775,-0.00162462
1509,0.02678732,-0.00129563
1510,0.03246548,0.00413456
1511,0.03485395,0.00007897
1512,0.04764097,-0.00450608
1513,0.03675286,-0.00336439
1514,0.03138099,0.00289237
1515,0.02443372,0.01168275
1516,0.03728791,-0.00629005
1517,0.03057221,0.00356100
1518,0.02047093,0.01238149
1519,0.02328221,0.01147291
1520,0.02398621,0.01102441
1521,0.02473301,0.00768082
1522,0.02706344,0.01265929
1523,0.03851742,-0.00529328
1524,0.03480011,0.00281146
1525,0.02863162,-0.00076189
1526,0.02809823,0.00014852
1527,0.04004440,-0.01372826
1528,0.03733444,0.00048649
1529,0.02961678,-0.00264755
1530,0.02866210,0.00815961
1531,0.02448199,0.00730519
1532,0.03271300,0.00402346
1533,0.03334565,-0.00151611
1534,0.03772733,-0.01473849
1535,0.03598213,-0.00912074
1536,0.03509372,-0.00510168
1537,0.03388763,0.00291147
1538,0.02536934,0.00619589
1539,0.01818242,0.01121489
1540,0.02881205,0.00694169
1541,0.04101814,0.00325176
1542,0.03322628,-0.00175558
1543,0.03657761,-0.00988828
1544,0.03447871,-0.00870986
1545,0.03466175,0.00577722
1546,0.03641911,0.00291061
1547,0.02243183,0.00809655
1548,0.02570801,0.00841992
1549,0.03158893,0.00521172
1550,0.04015542,-0.00258754
1551,0.03354949,-0.00561152
1552,0.03329055,0.00517267
1553,0.02458143,0.00169911
1554,0.02892781,0.00460288
1555,0.02221240,0.00553447
1556,0.02913089,0.00585544
1557,0.01637712,0.01556328
1558,0.02413654,0.00767866
1559,0.03098685,-0.00150062
1560,0.03605273,0.00162923
1561,0.03685904,0.00270220
1562,0.04836305,0.00374979
1563,0.02873678,0.00657372
1564,0.02219293,0.00976140
1565,0.02669384,0.00368132
1566,0.02640667,0.00444386
1567,0.03216165,-0.00449143
1568,0.04028820,-0.00159094
1569,0.03248203,0.01125973
1570,0.02133686,0.00952703
1571,0.01245359,0.00462964
1572,0.02852868,0.00665442
1573,0.03544102,-0.00605030
1574,0.01865051,0.01224263
1575,0.03466105,-0.00047442
1576,0.03684032,0.00406756
1577,0.04490392,-0.00044023
1578,0.02970889,-0.00478883
1579,0.01851809,0.00795567
1580,0.03562403,0.00576868
1581,0.03500164,0.00265043
1582,0.03311610,0.00660971
1583,0.04469399,-0.00384058
1584,0.03452970,0.00460534
1585,0.03811935,0.00270650
1586,0.04326689,0.00024476
1587,0.03986659,-0.00321343
1588,0.01867123,0.01932340
1589,0.03503493,-0.00284545
1590,0.02927001,0.00154753
1591,0.02487997,0.01187713
1592,0.03550056,0.00253802
1593,0.03568015,0.00083323
1594,0.03873626,-0.00283801
1595,0.03654378,-0.00589122
1596,0.03086155,0.00829585
1597,0.02991027,0.00484234
1598,0.02704780,0.00634902
1599,0.02459440,0.00916409
1600,0.02494154,0.01053857
1601,0.03191469,-0.00070772
1602,0.02805071,0.00957037
1603,0.02265431,0.01546005
1604,0.04029094,-0.00084977
1605,0.04363009,-0.00163496
1606,0.02587811,0.00534438
1607,0.03281116,0.00461684
1608,0.03328212,0.00266759
1609,0.02286042,0.00872891
1610,0.03457424,-0.00233010
1611,0.02185202,0.00884560
1612,0.02268189,0.00598668
1613,0.02595964,0.00519361
1614,0.02062519,0.00587490
1615,0.02512463,0.01320789
1616,0.02561419,0.00376223
1617,0.03024296,-0.00585645
1618,0.02658123,0.01459783
1619,0.04727786,-0.00879297
1620,0.03588934,-0.00019408
1621,0.02472627,0.00481935
1622,0.04304089,-0.00899599
1623,0.02421554,0.00954578
1624,0.02035444,0.01115521
1625,0.02813461,0.00729191
1626,0.01465127,0.01704030
1627,0.02833176,0.00727249
1628,0.02963352,0.00281196
1629,0.04487895,-0.00898051
1630,0.03914473,-0.00405574
1631,0.02075883,0.00883704
1632,0.03047519,0.00043109
1633,0.02454176,-0.00105225
1634,0.02965190,0.00427931
1635,0.03601312,-0.00251287
1636,0.01139376,0.01218737
1637,0.03058498,0.00320759
1638,0.01633574,0.01090625
1639,0.01655497,0.01586408
1640,0.03380977,0.00048729
1641,0.03464813,0.00287234
1642,0.03392963,-0.00218232
1643,0.02725919,0.00315938
1644,0.02842510,-0.00430883
1645,0.03770903,0.00342492
1646,0.03040548,-0.00271763
1647,0.03127301,0.01142743
1648,0.02742829,0.01317884
1649,0.02564363,0.00441836
1650,0.01732818,0.00800927
1651,0.03881803,-0.00132406
1652,0.02383644,0.01621599
1653,0.03259709,0.00352114
1654,0.03655534,-0.00612416
1655,0.02019374,0.01478218
1656,0.04491812,-0.00653536
1657,0.03576257,0.00247319
1658,0.03092519,0.00118324
1659,0.04569176,-0.00830019
1660,0.02982544,0.00162467
1661,0.03195408,-0.00996157
1662,0.03984067,-0.00430823
1663,0.02055606,0.00602808
1664,0.02729939,-0.00167983
1665,0.03875541,-0.00844548
1666,0.02886558,-0.00130246
1667,0.03032918,0.00070337
1668,0.04321146,-0.00818795
1669,0.01955761,0.00460036
1670,0.02773246,0.00040495
1671,0.01560962,0.01427951
1672,0.01027989,0.01091777
1673,0.03659439,0.00356664
1674,0.02803912,0.00474757
1675,0.02512399,0.00997817
1676,0.03836853,-0.00136325
1677,0.03044519,0.00439319
1678,0.02784050,0.00448212
1679,0.02953935,0.00397144
1680,0.04491386,-0.00632521
1681,0.04446178,-0.00280515
1682,0.02574769,0.00148481
1683,0.01083139,0.01737276
1684,0.03251483,0.00838031
1685,0.01945054,0.01352162
1686,0.01238864,0.02115733
1687,0.02930489,0.00537529
1688,0.02689262,0.00387299
1689,0.03183599,-0.00267524
1690,0.03862236,-0.00923371
1691,0.01952506,0.00558118
1692,0.03730770,-0.00290450
1693,0.03594024,0.00874846
1694,0.03187243,0.00781440
1695,0.01703319,0.02142133
1696,0.04914312,-0.00907577
1697,0.03007898,-0.00074242
1698,0.02027478,0.01155152
1699,0.02836355,0.00609963
1700,0.03309885,-0.00073227
1701,0.02629252,0.00667000
1702,0.02232495,0.00450874
1703,0.02905758,0.00463090
1704,0.02011817,0.00290038
1705,0.02146952,0.01171400
1706,0.02706411,0.00600206
1707,0.03337776,0.00405947
1708,0.02310188,0.01214316
1709,0.03463908,0.00646652
1710,0.04296066,0.00122375
1711,0.02282068,0.01079651
1712,0.02185533,0.00680457
1713,0.02926899,-0.00209392
1714,0.04365648,-0.00835313
1715,0.03015671,0.00298986
1716,0.03643539,0.00300383
1717,0.03350758,-0.00399823
1718,0.03458447,0.00171333
1719,0.02091651,0.00923537
1720,0.03237791,-0.00030212
1721,0.03715065,-0.00500969
1722,0.02968835,0.00605713
1723,0.01956268,0.01490323
1724,0.03281632,-0.00225952
1725,0.02229759,0.00775177
1726,0.03073218,0.00350539
1727,0.02120718,0.00324399
1728,0.02582314,0.00260007
1729,0.02430373,0.01492706
1730,0.02946541,0.00592016
1731,0.03571855,0.00072602
1732,0.02462544,0.00463521
1733,0.03252327,0.00147560
1734,0.01703423,0.01985883
1735,0.02814026,0.00530562
1736,0.02789481,0.01457730
1737,0.02251348,0.00232993
1738,0.02797814,0.00200947
1739,0.03099284,0.00470615
1740,0.03290028,-0.00670946
1741,0.05092069,-0.01423786
1742,0.02367375,0.01567284
1743,0.03851023,-0.00064117
1744,0.03504941,-0.00172942
1745,0.04821832,-0.00843364
1746,0.02402482,0.00150049
1747,0.02979573,0.00165687
1748,0.03599448,0.00344761
1749,0.02691069,0.00751609
1750,0.03045445,0.00152326
1751,0.03732670,0.00471765
1752,0.03035031,0.00171299
1753,0.02808536,0.00487979
1754,0.03756097,0.00130099
1755,0.03293147,0.00380620
1756,0.00882092,0.02554495
1757,0.03179825,0.00066582
1758,0.03969078,-0.00827868
1759,0.03560022,-0.00886843
1760,0.02599486,0.00747074
1761,0.03016895,-0.00003818
1762,0.03808978,0.00007492
1763,0.03559128,0.00365382
1764,0.04761285,-0.00267783
1765,0.03289022,-0.00358090
1766,0.02334064,0.01516003
1767,0.04191333,-0.00345036
1768,0.02665607,0.00837943
1769,0.03890027,0.00134035
1770,0.02512828,0.00000227
1771,0.03395390,0.00332513
1772,0.03324350,0.00017348
1773,0.02099779,0.01000786
1774,0.02122458,0.01349795
1775,0.02977827,0.00345429
1776,0.02904681,0.00184571
1777,0.04877389,-0.01606695
1778,0.03888245,-0.00553563
1779,0.02132802,0.00613273
1780,0.04071199,-0.00394421
1781,0.03752232,-0.00839174
1782,0.02726935,0.01265201
1783,0.03320981,0.00753055
1784,0.02803407,0.00621346
1785,0.02085660,0.01004345
1786,0.02195210,0.00602918
1787,0.02625578,0.00574002
1788,0.03970715,-0.00738908
1789,0.03069152,0.00049546
1790,0.03505841,0.00442617
1791,0.03007424,-0.00849937
1792,0.02816153,-0.00089821
1793,0.01679590,0.01122112
1794,0.02729198,0.00783030
1795,0.01941201,0.00550622
1796,0.03031160,0.00628934
1797,0.03395845,-0.00372298
1798,0.03443894,-0.00524455
1799,0.02723917,0.00793302
1800,0.02141261,0.00337145
1801,0.02712790,0.01063663
1802,0.03770223,-0.00866557
1803,0.04494583,-0.01203410
1804,0.01252597,0.01493321
1805,0.02484412,-0.00204354
1806,0.03149967,0.00750292
1807,0.02673018,0.00138551
1808,0.02451834,0.00722728
1809,0.01894862,0.00121391
1810,0.02957316,0.00792533
1811,0.04141348,-0.00133171
1812,0.03431694,-0.00045994
1813,0.03368812,-0.00007038
1814,0.02370271,0.00651430
1815,0.02244052,0.00844035
1816,0.03896898,0.00601015
1817,0.03162606,-0.01123251
1818,0.02680574,-0.00043212
1819,0.04667064,-0.00856080
1820,0.02394619,0.00588543
1821,0.02989019,0.00169841
1822,0.03441121,0.00294013
1823,0.02988202,0.00519667
1824,0.03801123,0.00386303
1825,0.03226991,0.00351586
1826,0.02238119,0.01428767
1827,0.02461961,0.00729363
1828,0.03972639,-0.00446897
1829,0.05097233,-0.00771733
1830,0.02733034,0.01124672
1831,0.02692937,0.00956462
1832,0.03016609,0.00612797
1833,0.03645795,-0.00373778
1834,0.02611862,0.00489576
1835,0.05159017,-0.02262194
1836,0.03212150,0.00464500
1837,0.02769151,0.00383654
1838,0.03109577,0.01331689
1839,0.04503122,-0.00734668
1840,0.04719034,-0.01253343
1841,0.02261199,0.01038464
1842,0.02599094,0.00095895
1843,0.03025649,0.00724632
1844,0.04057420,-0.00048985
1845,0.03360602,0.00122189
1846,0.02699005,0.01452751
1847,0.02286491,0.00900570
1848,0.03472482,0.00975197
1849,0.03287232,-0.00052991
1850,0.02658677,0.00246654
1851,0.02832374,0.00567263
1852,0.03991883,-0.00786998
1853,0.02752193,0.00895075
1854,0.02799823,0.01007450
1855,0.03047064,-0.00325702
1856,0.02739901,0.00176276
1857,0.03565725,0.00790032
1858,0.03222257,0.00457103
1859,0.02729884,0.01003824
1860,0.03371693,0.00122480
1861,0.04058038,-0.01060256
1862,0.02443336,0.00541325
1863,0.02793700,0.00810755
1864,0.03750537,0.00220184
1865,0.02251484,0.00763003
1866,0.04255831,-0.00170866
1867,0.03685152,-0.00137860
1868,0.02206735,0.01127328
1869,0.03206881,0.00975205
1870,0.02051004,0.01253783
1871,0.03267839,-0.00265747
1872,0.02816313,0.00564379
1873,0.01514687,0.00727087
1874,0.03612927,0.00028824
1875,0.02558038,0.00953352
1876,0.02423959,0.00380693
1877,0.02907243,0.00827263
1878,0.02126932,0.00685253
1879,0.02759496,0.01238290
1880,0.03268097,0.01014153
1881,0.02834547,0.01132170
1882,0.03718655,-0.00498719
1883,0.03366669,0.00730215
1884,0.03239795,0.00623805
1885,0.02520244,0.00682949
1886,0.03382101,0.00327387
1887,0.02842300,0.01190196
1888,0.03613663,0.00253425
1889,0.03237470,-0.00233922
1890,0.02845309,0.00843883
1891,0.04537699,-0.00706018
1892,0.02264903,0.01836176
1893,0.01685590,0.01448803
1894,0.03268651,-0.00321272
1895,0.03071027,0.00439334
1896,0.01762931,0.01580659
1897,0.03625727,-0.00475408
1898,0.02636727,0.00961018
1899,0.03481981,-0.00214319
1900,0.02151331,-0.00062564
1901,0.03508038,-0.00524715
1902,0.01928464,0.00994959
1903,0.03396499,0.00532028
1904,0.03597445,-0.00023326
1905,0.03304563,-0.00295221
1906,0.02575674,0.00531662
1907,0.03788190,0.00002073
1908,0.01970799,0.00972919
1909,0.03545099,0.00139190
1910,0.02639919,0.00606548
1911,0.01082976,0.01982160
1912,0.02513404,0.00437129
1913,0.02097117,0.01691390
1914,0.03105753,0.00628982
1915,0.03892658,-0.01066789
1916,0.01063445,0.02716807
1917,0.03133919,0.00103962
1918,0.04178378,-0.00868223
1919,0.04072172,-0.01171134
1920,0.03152905,0.00929986
1921,0.02596522,0.00036722
1922,0.03890227,-0.00188205
1923,0.02267137,0.01356260
1924,0.03418463,-0.00057463
1925,0.02904670,-0.00378291
1926,0.03495308,-0.00650627
1927,0.04990337,-0.00777149
1928,0.01942320,0.00826388
1929,0.03938193,0.00453873
1930,0.04256145,-0.00119963
1931,0.03073307,0.00334971
1932,0.00578553,0.02173912
1933,0.02902591,0.00932829
1934,0.02828683,-0.00184767
1935,0.02973474,0.00055737
1936,0.04385550,-0.00759998
1937,0.03897089,-0.00942695
1938,0.03645574,-0.00730312
1939,0.03547401,-0.00200204
1940,0.02339135,0.01785598
1941,0.03823906,-0.00721490
1942,0.02289642,0.00900121
1943,0.03122220,-0.00219843
1944,0.01974806,0.01464284
1945,0.02210633,0.00694635
1946,0.03166716,0.00046277
1947,0.03009296,0.00426853
1948,0.04052033,-0.00019549
1949,0.01935643,0.00600715
1950,0.04663220,-0.00684078
1951,0.01398551,0.01640056
1952,0.02789603,0.00205911
1953,0.01686886,0.01899982
1954,0.04602992,-0.00737983
1955,0.03677978,0.00189655
1956,0.02536305,0.00981849
1957,0.03374254,-0.00540230
1958,0.01705828,0.00812666
1959,0.02725548,0.00372181
1960,0.02242921,0.00963395
1961,0.02350999,0.01076833
1962,0.02556876,0.00603807
1963,0.03318196,0.00577926
1964,0.03625224,-0.00942655
1965,0.03898144,-0.00685319
1966,0.02894306,-0.00159617
1967,0.03451649,0.00041459
1968,0.02787503,0.00400629
1969,0.02698368,0.00608877
1970,0.03234363,0.00231325
1971,0.02308496,0.01537510
1972,0.01339818,0.01096810
1973,0.02014322,0.00621526
1974,0.03288482,0.00168975
1975,0.02295044,0.00802732
1976,0.04215974,-0.00909716
1977,0.02286602,0.01131434
1978,0.03001303,-0.00239602
1979,0.03641916,-0.00454874
1980,0.02828932,0.00334639
1981,0.02969000,0.00234916
1982,0.01880919,0.00847296
1983,0.02782027,0.00701133
1984,0.02876715,0.00389139
1985,0.02382072,0.00582013
1986,0.03386765,0.00050878
1987,0.02862357,0.00697241
1988,0.02664263,0.00686281
1989,0.01622603,0.01464641
1990,0.02862103,-0.00449271
1991,0.03132782,0.00890008
1992,0.04625921,-0.00945742
1993,0.03134942,0.00689929
1994,0.03068304,0.00541636
1995,0.03905713,-0.01160122
1996,0.02020290,0.00665278
1997,0.02873483,0.00391840
1998,0.02242942,0.00016466
1999,0.03102710,0.00688070
2000,0.04164198,-0.00709362
2001,0.03219414,0.00447053
2002,0.02341121,0.00817800
2003,0.03146296,0.00538580
2004,0.02208626,0.00129798
2005,0.02728413,0.00603064
2006,0.02435134,0.00562616
2007,0.02711611,0.00051516
2008,0.03184441,0.00755138
2009,0.02631274,0.00380325
2010,0.02292725,0.00286953
2011,0.02073714,0.00724405
2012,0.03505278,0.00405169
2013,0.03191176,0.00403429
2014,0.02494601,0.01544041
2015,0.01930364,0.00490883
2016,0.03719418,0.00028971
2017,0.02775072,-0.00033061
2018,0.02914055,-0.00157244
2019,0.03572023,-0.00034232
2020,0.02682409,-0.00226985
2021,0.02502790,0.00525440
2022,0.04053983,-0.00466946
2023,0.02627749,0.00655186
2024,0.02374897,0.00863093
2025,0.04003578,-0.00267384
2026,0.02992076,0.00391055
2027,0.02221751,0.00034521
2028,0.02772312,-0.00063119
2029,0.04111370,-0.00088409
2030,0.02290866,0.01339729
2031,0.01358661,0.01031038
2032,0.02484039,0.01038857
2033,0.03944370,-0.00504219
2034,0.03243683,-0.00231633
2035,0.02691059,0.00222883
2036,0.03892280,0.00195466
2037,0.02508279,0.00110885
2038,0.02508904,0.00065441
2039,0.03689669,-0.00482633
2040,0.02674676,0.00336698
2041,0.04433447,-0.01426858
2042,0.03585751,0.00080588
2043,0.03649792,-0.00201693
2044,0.03302772,0.00281360
2045,0.02941995,0.01666190
2046,0.02234237,0.01235361
2047,0.03501242,-0.00194926
2048,0.03145096,0.01306865
2049,0.02519606,-0.00072791
2050,0.03646564,-0.00636068
2051,0.02899429,0.00240309
2052,0.03008609,0.00042409
2053,0.03195928,0.00163096
2054,0.04071812,-0.00212748
2055,0.02675896,0.01076284
2056,0.03339598,-0.00543820
2057,0.02809447,0.00261007
2058,0.04610368,-0.00281801
2059,0.02110424,0.01140280
2060,0.02767291,0.00037061
2061,0.02117484,0.00850842
2062,0.02960458,0.00037477
2063,0.01301350,0.01312380
2064,0.02065733,0.00829560
2065,0.03767094,-0.00307983
2066,0.03349202,0.00562824
2067,0.03735236,-0.00339824
2068,0.03239248,-0.00171072
2069,0.02250358,0.01423021
2070,0.02124631,0.00664572
2071,0.01858031,0.01069913
2072,0.02175626,0.00674847
2073,0.03162809,0.00006908
2074,0.02671047,0.00947565
2075,0.03015358,-0.00336752
2076,0.01958637,0.00530816
2077,0.00548790,0.02147146
2078,0.02370623,0.01139461
2079,0.04555720,-0.00509929
2080,0.01841627,0.01242921
2081,0.04425855,-0.00406574
2082,0.03249445,-0.00246530
2083,0.01969105,0.01518351
2084,0.04112282,-0.01117843
2085,0.02127471,0.00266170
2086,0.01539138,0.00937938
2087,0.02513470,0.00754924
2088,0.02092936,0.01122325
2089,0.01820918,0.01403159
2090,0.03191732,0.00957512
2091,0.02858528,0.00160429
2092,0.01812841,0.01202365
2093,0.03244918,0.00301986
2094,0.03343530,0.00624039
2095,0.02851648,-0.00111136
2096,0.02725500,-0.00641061
2097,0.03076270,0.00073819
2098,0.03360512,0.00547048
2099,0.03412531,-0.00480217
2100,0.04551290,-0.00444345
2101,0.03872018,-0.00382018
2102,0.03480546,0.00190936
2103,0.02893171,-0.00541944
2104,0.02458067,0.01185319
2105,0.03238857,-0.00134115
2106,0.02533641,0.00956966
2107,0.02981211,0.00275285
2108,0.03240804,-0.00273034
2109,0.02233493,0.00652686
2110,0.03628454,-0.00392467
2111,0.02002807,0.00770663
2112,0.02985300,-0.00185601
2113,0.03072510,-0.00385407
2114,0.03147244,0.00212043
2115,0.03745125,0.00172788
2116,0.02489649,0.00357400
2117,0.01139793,0.01885981
2118,0.02757844,0.00509421
2119,0.03512788,0.00089688
2120,0.03303596,0.00282443
2121,0.03493499,-0.00554996
2122,0.03014232,0.00084235
2123,0.03140059,0.00659997
2124,0.03141885,0.00534898
2125,0.01847384,0.00757503
2126,0.01407095,0.01329178
2127,0.02409640,0.00213680
2128,0.03640292,-0.00158577
2129,0.03265584,0.00883832
2130,0.01219801,0.01401039
2131,0.02114234,0.01222134
2132,0.04120166,-0.00784590
2133,0.02409501,0.00969979
2134,0.02975884,0.00336223
2135,0.03346228,0.00133901
2136,0.02708326,0.01600993
2137,0.03522031,-0.00492673
2138,0.04310654,-0.01090724
2139,0.02483914,0.01268496
2140,0.02997289,0.00681955
2141,0.04324690,-0.00700501
2142,0.02531514,0.01395774
2143,0.02831243,0.00571938
2144,0.02956785,0.00610604
2145,0.03354785,-0.00819606
2146,0.03721934,0.00906592
2147,0.03184560,-0.01041437
2148,0.03320675,0.00350731
2149,0.03942196,-0.00957436
2150,0.02437981,0.00256004
2151,0.04583253,-0.00633609
2152,0.03478229,-0.00347759
2153,0.02108325,0.01005741
2154,0.01617753,0.01701009
2155,0.02427497,0.01699035
2156,0.04334735,-0.00834263
2157,0.02282247,0.00131620
2158,0.03058658,0.00266898
2159,0.02992669,-0.00180668
2160,0.03288799,-0.00067441
2161,0.02043709,0.00188304
2162,0.02933249,0.00037882
2163,0.02462326,0.00586979
2164,0.02530401,0.00395137
2165,0.02924768,-0.00033740
2166,0.03024994,-0.00370150
2167,0.03539737,-0.00825452
2168,0.02432418,0.00374801
2169,0.03116572,-0.00188508
2170,0.04092022,-0.00766261
2171,0.02714315,0.01200847
2172,0.03026528,0.00535408
2173,0.03050126,-0.00448513
2174,0.04024246,-0.00081579
2175,0.02648037,0.00419329
2176,0.03204212,-0.00294276
2177,0.01823974,0.01065380
2178,0.02389664,0.00793885
2179,0.02398863,0.00595692
2180,0.03531725,-0.00610001
2181,0.03022725,0.00531769
2182,0.03200286,0.00689406
2183,0.02657261,0.00734362
2184,0.03854259,-0.00364120
2185,0.01383902,0.00984894
2186,0.03817061,-0.01288220
2187,0.02523037,0.00534468
2188,0.02872403,0.01007272
2189,0.03359946,0.00404200
2190,0.02408647,0.01187730
2191,0.03046861,0.00231749
2192,0.02999505,0.00435945
2193,0.02968739,-0.00226078
2194,0.04682528,-0.00663377
2195,0.03035208,0.00832214
2196,0.03055957,-0.00093868
2197,0.03108319,-0.00032410
2198,0.01822885,0.00190787
2199,0.03654650,-0.00475804
2200,0.03016007,-0.00134598
2201,0.03064599,0.00128905
2202,0.01770442,0.01782585
2203,0.03407067,0.00586513
2204,0.03054368,-0.00220450
2205,0.04191140,-0.00342397
2206,0.03530620,-0.00517470
2207,0.03959551,-0.00215455
2208,0.02529838,0.00383352
2209,0.01899888,0.01347363
2210,0.03156238,0.00521884
2211,0.03992215,0.00298221
2212,0.02944272,-0.00567655
2213,0.02764777,0.00111728
2214,0.02366163,0.01403267
2215,0.02439978,0.00881250
2216,0.03146763,0.00494362
2217,0.02652013,0.00920880
2218,0.02696246,0.01029635
2219,0.04446519,-0.01015447
2220,0.01687874,0.00893265
2221,0.02245087,0.00895810
2222,0.01724729,0.00864289
2223,0.03226679,0.00582128
2224,0.02169740,0.01826640
2225,0.03628955,-0.00667037
2226,0.03284374,0.00178286
2227,0.03167885,-0.00626941
2228,0.02886763,-0.00069932
2229,0.02738273,0.00669042
2230,0.03689689,-0.00471145
2231,0.03412105,-0.00289577
2232,0.02577248,0.00945725
2233,0.02766699,0.00175348
2234,0.02954936,-0.00099309
2235,0.03585214,-0.00369583
2236,0.03712307,-0.00597276
2237,0.02420891,0.00677337
2238,0.03339771,0.00523291
2239,0.04602570,-0.00401822
2240,0.03178167,0.00035327
2241,0.03539658,-0.00475574
2242,0.03747925,0.00230197
2243,0.01750435,0.01258046
2244,0.02436297,0.01211195
2245,0.04687886,-0.00732081
2246,0.02335165,0.00110990
2247,0.00843052,0.02496593
2248,0.01402238,0.01140538
2249,0.02041409,0.01138791
2250,0.02420351,0.00050809
2251,0.04443558,0.00815837
2252,0.02549751,0.01379120
2253,0.02745143,0.00926565
2254,0.02867774,0.00322620
2255,0.02858914,0.00925512
2256,0.01584967,0.01243121
2257,0.02961160,0.00583571
2258,0.03870380,-0.00153573
2259,0.01569527,0.01517083
2260,0.01979938,0.00477709
2261,0.04175385,-0.00441284
2262,0.02441949,0.00240556
2263,0.01922211,0.01834859
2264,0.01007739,0.00955010
2265,0.03654315,-0.00393686
2266,0.02295266,-0.00399692
2267,0.04777679,-0.01267882
2268,0.02420104,0.01522239
2269,0.03236165,-0.00904839
2270,0.04276887,-0.00288176
2271,0.01578817,0.01379697
2272,0.03660082,0.00110693
2273,0.03612189,-0.00585610
2274,0.02575376,0.00756255
2275,0.02980442,0.00158978
2276,0.02711101,0.01480910
2277,0.02808523,0.00378491
2278,0.02162017,0.01160346
2279,0.02726409,0.00860972
2280,0.04618359,-0.00457240
2281,0.03122810,0.00341280
2282,0.01771853,0.02023577
2283,0.03089289,0.00442628
2284,0.02603213,0.00515229
2285,0.02700199,0.01002221
2286,0.03153304,-0.00197585
2287,0.02905408,0.01014789
2288,0.02996143,-0.00160708
2289,0.03772642,-0.00538281
2290,0.03317668,0.00621140
2291,0.03504073,0.00243018
2292,0.03557339,0.00035269
2293,0.03698225,-0.00243457
2294,0.03147295,0.00861599
2295,0.03192359,0.01129138
2296,0.01583762,0.01374251
2297,0.02256801,0.01816645
2298,0.02788798,0.00465075
2299,0.02141636,-0.00166796
2300,0.02554832,0.01030251
2301,0.02718682,0.00931280
2302,0.02263289,0.01428949
2303,0.03682852,0.00365894
2304,0.03677198,-0.00743052
2305,0.03869994,0.00164062
2306,0.02204044,0.01052510
2307,0.04475851,-0.00078261
2308,0.02979245,0.01088307
2309,0.03518299,-0.00301876
2310,0.03361947,-0.00608670
2311,0.02889675,0.00234336
2312,0.04071765,-0.00442132
2313,0.03441037,-0.00073032
2314,0.03356902,0.00178141
2315,0.02108579,0.00981752
2316,0.03287833,-0.00168834
2317,0.02425373,0.00895802
2318,0.02349653,0.01635070
2319,0.03672872,-0.00193074
2320,0.03814842,-0.00698407
2321,0.03894363,-0.00383074
2322,0.02370951,0.00626118
2323,0.03306193,0.00579953
2324,0.04419702,-0.01326012
2325,0.03333780,0.00799524
2326,0.02832374,0.00734460
2327,0.02474145,0.01692744
2328,0.03264269,-0.00182683
2329,0.02951080,0.00213912
2330,0.04540669,-0.00718052
2331,0.01714597,0.00733962
2332,0.02389998,0.00462404
2333,0.02767764,0.00038181
2334,0.02886991,0.00684742
2335,0.03148981,0.00259892
2336,0.02676160,0.00499060
2337,0.02413570,-0.00395271
2338,0.03025649,-0.00135150
2339,0.03219205,0.00435827
2340,0.02539466,0.01351773
2341,0.03826729,-0.00014844
2342,0.02330644,0.00964928
2343,0.01850302,0.01948366
2344,0.02689438,0.00811189
2345,0.02840407,0.00639987
2346,0.03355636,-0.00407708
2347,0.03513888,0.00561848
2348,0.02981014,0.00504739
2349,0.03530479,-0.00108452
2350,0.02801858,0.01428508
2351,0.03470678,-0.00336024
2352,0.03060862,0.01044448
2353,0.03391885,0.00016832
2354,0.03196869,-0.00415396
2355,0.01692959,0.00550318
2356,0.04052069,-0.00266408
2357,0.03762518,0.00183255
2358,0.03134893,0.00247455
2359,0.03570996,-0.00353311
2360,0.03315777,-0.00035969
2361,0.03928790,0.00340663
2362,0.04693060,-0.00627319
2363,0.01243663,0.00989511
2364,0.02105715,0.00926367
2365,0.01408530,0.01775776
2366,0.02474058,-0.00006542
2367,0.03345187,0.00254514
2368,0.02748319,0.00935278
2369,0.04417840,-0.00887147
2370,0.02993172,-0.00078826
2371,0.02525887,0.00282891
2372,0.03913360,0.00418500
2373,0.03046710,0.01232496
2374,0.03116634,-0.00456381
2375,0.02076311,0.00705833
2376,0.02157058,0.01397728
2377,0.04083839,-0.00287039
2378,0.03869982,-0.00890166
2379,0.01718745,0.01105634
2380,0.02840220,0.00179206
2381,0.02237444,0.01375328
2382,0.04339192,0.00277086
2383,0.02370129,0.01317272
2384,0.03237269,0.00776369
2385,0.03467833,0.00756765
2386,0.03862067,0.00557653
2387,0.03676349,-0.00051931
2388,0.04324149,-0.01204118
2389,0.03754890,-0.00282789
2390,0.02830868,0.00002932
2391,0.02902587,0.00630263
2392,0.02531716,0.00810960
2393,0.04267272,-0.00117125
2394,0.02979060,0.00399017
2395,0.02622569,0.00199764
2396,0.02429574,0.00983296
2397,0.04337968,-0.00823039
2398,0.03341602,-0.00784519
2399,0.03395885,-0.00122944
2400,0.02897134,0.00323849
2401,0.02330353,0.00159606
2402,0.02853236,0.01297412
2403,0.02619991,0.00421707
2404,0.02577510,0.00419191
2405,0.03624991,-0.00842824
2406,0.03978093,-0.00749303
2407,0.03867610,0.00180154
2408,0.02396620,0.00096490
2409,0.01935305,0.00749338
2410,0.02986117,-0.00047381
2411,0.03348198,-0.00970605
2412,0.03419641,-0.00394074
2413,0.02737337,0.00537319
2414,0.03322995,0.00189850
2415,0.02727616,0.00266206
2416,0.02086213,0.01328479
2417,0.02925202,0.00290546
2418,0.02781389,0.00491964
2419,0.04235046,-0.00273437
2420,0.04133576,-0.01104553
2421,0.03193347,0.00095064
2422,0.03841826,-0.00469041
2423,0.03563202,-0.00060303
2424,0.03168810,0.00728864
2425,0.02497960,0.01077820
2426,0.02368908,0.01021612
2427,0.02274961,0.00835195
2428,0.03065888,0.00854295
2429,0.03545977,0.00537556
2430,0.03324828,-0.00225383
2431,0.01561778,0.01155318
2432,0.02980547,0.00516361
2433,0.03240781,0.00670083
2434,0.02892305,0.00646334
2435,0.03316525,0.00881417
2436,0.03352805,-0.00031053
2437,0.02832089,0.00852644
2438,0.03189101,-0.00708533
2439,0.02854387,0.01231849
2440,0.02595845,0.00954737
2441,0.02568200,-0.00135474
2442,0.02838963,0.00077624
2443,0.02064892,0.01290560
2444,0.03808363,-0.01243344
2445,0.03389209,0.00179079
2446,0.02639577,0.01135804
2447,0.02121852,0.01012169
2448,0.02940734,0.01085844
2449,0.03580312,0.00578868
2450,0.04001515,-0.00452367
2451,0.03138334,0.00416824
2452,0.03633805,-0.00368006
2453,0.02438553,0.00893670
2454,0.01876441,0.00285910
2455,0.03137085,-0.00249107
2456,0.02823343,0.00429170
2457,0.03395609,0.00022466
2458,0.02644030,0.01104603
2459,0.03047144,0.00003554
2460,0.03129378,-0.00212992
2461,0.03833034,-0.00623161
2462,0.03710821,-0.00133116
2463,0.03271699,0.00620783
2464,0.04859519,-0.01595838
2465,0.03860828,-0.00617366
2466,0.02428384,0.01062407
2467,0.02020975,0.01037445
2468,0.02157440,0.00989716
2469,0.03201129,0.00502052
2470,0.03756845,0.00600402
2471,0.03356973,-0.00059509
2472,0.03126880,0.00595896
2473,0.01892960,0.01522030
2474,0.02894085,0.00821323
2475,0.01800437,0.00461295
2476,0.03067374,0.01138084
2477,0.00533113,0.02205333
2478,0.02517969,0.01512771
2479,0.02198691,0.02389136
2480,0.03313549,0.00953414
2481,0.01074998,0.02293928
2482,0.02257354,0.00857975
2483,0.02099684,0.01156370
2484,0.02241213,0.00916781
2485,0.01566679,0.01551554
2486,0.04010757,-0.00440659
2487,0.03646575,-0.00607083
2488,0.03030571,-0.00505566
2489,0.02572209,0.01202984
2490,0.02738050,0.01009874
2491,0.02065009,0.01530398
2492,0.04424184,-0.01626690
2493,0.02616887,0.00521492
2494,0.02768247,0.00910734
2495,0.03067984,0.00277149
2496,0.03369286,-0.00198573
2497,0.02589456,0.00278840
2498,0.02401309,0.00641423
2499,0.02332399,0.00947779
2500,0.03506487,-0.00228253
2501,0.02846638,0.00738645
2502,0.02747128,0.00663757
2503,0.02602012,0.00829020
2504,0.02504309,0.01067595
2505,0.01517096,0.01509665
2506,0.04078508,-0.01636884
2507,0.04719891,-0.01402628
2508,0.04159994,0.00187204
2509,0.03802142,-0.00815620
2510,0.02263688,0.00756203
2511,0.02736289,0.00563910
2512,0.02823571,0.00077617
2513,0.02772937,0.00239996
2514,0.02474666,0.01055879
2515,0.03318218,-0.00088538
2516,0.03065517,0.00207105
2517,0.02142063,0.01330939
2518,0.01881494,0.01569350
2519,0.02799750,0.00584452
2520,0.04080244,-0.00356198
2521,0.02925217,0.01064350
2522,0.03788075,0.00353017
2523,0.02255735,0.01339042
2524,0.04439846,-0.00031697
2525,0.02871156,0.00447633
2526,0.03491944,-0.00276826
2527,0.03458876,0.00493080
2528,0.02079864,0.01350748
2529,0.01582331,0.01442331
2530,0.03466282,-0.00205944
2531,0.02861058,0.00933484
2532,0.02578516,0.01400884
2533,0.02662306,0.00600044
2534,0.02648981,0.01537370
2535,0.04226401,-0.00896547
2536,0.03402493,0.01118687
2537,0.03522104,0.00012861
2538,0.03890425,-0.00621801
2539,0.03018750,0.00345296
2540,0.01254142,0.01698849
2541,0.04190528,0.00232307
2542,0.02836581,0.01073892
2543,0.03852380,0.00871902
2544,0.01272730,0.01281307
2545,0.02612616,0.00948576
2546,0.01485049,0.00782645
2547,0.04263624,0.00424002
2548,0.03524449,-0.01146667
2549,0.03700687,-0.00425998
2550,0.02991499,0.00055166
2551,0.03068256,-0.00590957
2552,0.03034716,0.00156582
2553,0.01644189,0.01136570
2554,0.02056746,0.01028208
2555,0.03392205,0.01065116
2556,0.03178982,0.00428521
2557,0.03491291,-0.00399653
2558,0.02092568,0.01410070
2559,0.02396838,-0.00169063
2560,0.03006652,0.00860254
2561,0.03232024,-0.00416644
2562,0.04215528,-0.00255425
2563,0.02866378,0.00528762
2564,0.00960263,0.03008215
2565,0.03325771,0.00403708
2566,0.03170388,0.00139714
2567,0.03584500,0.01060357
2568,0.03133419,0.00823577
2569,0.02897315,0.00741425
2570,0.03062526,-0.00024480
2571,0.03241724,0.00778719
2572,0.03188473,0.00713734
2573,0.03274380,-0.00241501
2574,0.02527861,0.01056616
2575,0.01446517,0.01382860
2576,0.03101987,0.00378571
2577,0.02233229,0.00847260
2578,0.02015828,0.02183411
2579,0.03281178,0.00734391
2580,0.01646231,0.01483862
2581,0.01850018,0.00486594
2582,0.03213320,0.00743733
2583,0.03766521,0.00611116
2584,0.02139793,0.01003507
2585,0.03609169,0.00481283
2586,0.02177563,0.00949844
2587,0.03033630,-0.00726058
2588,0.02569966,0.00000403
2589,0.02728355,0.01654565
2590,0.05203886,-0.00573753
2591,0.02740055,0.00550520
2592,0.04009501,-0.00589410
2593,0.02125008,0.00585595
2594,0.03564310,0.00313602
2595,0.03003313,0.00081389
2596,0.03660467,0.01039493
2597,0.03145737,0.00830422
2598,0.02456434,0.00173264
2599,0.03012406,0.00493871
2600,0.02692060,0.00918380
2601,0.02866785,0.00319689
2602,0.03778228,-0.01026069
2603,0.03840165,-0.01069576
2604,0.02747036,0.01757345
2605,0.03079654,0.00628681
2606,0.02213218,0.00273953
2607,0.02920528,-0.00029891
2608,0.02691685,0.01431829
2609,0.03105602,0.00397272
2610,0.03257026,0.00399998
2611,0.00986466,0.02212948
2612,0.03229823,-0.00643973
2613,0.03902655,-0.00572270
2614,0.03129243,-0.00262338
2615,0.02015007,0.01784913
2616,0.03414327,0.00882877
2617,0.02602856,0.00840521
2618,0.02709338,0.00893450
2619,0.02165623,0.00906654
2620,0.04146979,0.00023312
2621,0.03650489,0.00369076
2622,0.02732198,0.00920770
2623,0.02704053,0.01185563
2624,0.02407873,0.00883200
2625,0.03954585,0.00104373
2626,0.02999188,-0.00395006
2627,0.03772495,0.00077527
2628,0.04891854,-0.00417283
2629,0.03807816,-0.00674004
2630,0.01818618,0.01335340
2631,0.02733483,0.00600556
2632,0.02817524,0.00230947
2633,0.02930883,-0.00173763
2634,0.02870451,-0.00366503
2635,0.03934270,-0.00070477
2636,0.02839694,0.01114174
2637,0.03013149,-0.00158842
2638,0.03628374,-0.00747421
2639,0.01558637,0.01567443
2640,0.02514757,0.00137612
2641,0.01639431,0.01453313
2642,0.01982189,0.01561153
2643,0.03505400,-0.00680465
2644,0.03471816,0.00341253
2645,0.03284756,-0.01198384
2646,0.04193814,-0.00770496
2647,0.02014910,0.01185766
2648,0.01355372,0.01231094
2649,0.02563454,0.01065309
2650,0.03237861,0.00388967
2651,0.03062543,0.00917890
2652,0.03318064,0.01333311
2653,0.02800547,0.00276097
2654,0.02981329,-0.00145712
2655,0.03473198,-0.00240341
2656,0.02828259,0.00208993
2657,0.04174996,0.00751571
2658,0.02918100,-0.00502209
2659,0.04215628,0.00237875
2660,0.03479561,-0.00375841
2661,0.02156765,0.01179878
2662,0.02599832,0.00616885
2663,0.01515271,0.01379322
2664,0.04046982,-0.00426925
2665,0.02390258,0.00706406
2666,0.02227009,0.01297086
2667,0.03672453,-0.00841025
2668,0.02965638,0.00355124
2669,0.03687228,-0.00899914
2670,0.02218295,0.01076591
2671,0.03447620,-0.00671248
2672,0.03328525,0.00833681
2673,0.01703972,0.01220241
2674,0.02423479,0.00398332
2675,0.01977638,0.02202623
2676,0.02260855,0.01212498
2677,0.02654092,0.00192893
2678,0.02807173,-0.00013751
2679,0.02254725,0.00730469
2680,0.02562065,0.00951933
2681,0.02639705,0.00333204
2682,0.02248908,0.00528744
2683,0.03126759,0.00591899
2684,0.03744207,-0.00549901
2685,0.02172740,0.00880909
2686,0.03459646,-0.00052444
2687,0.03880096,0.00413420
2688,0.03399861,0.00359710
2689,0.02388133,0.00869101
2690,0.02645916,0.01289162
2691,0.03815669,-0.00126186
2692,0.02814848,0.00672219
2693,0.03060699,0.00760090
2694,0.02070399,0.00135501
2695,0.02357865,0.01041582
2696,0.01657395,0.01608842
2697,0.03285331,0.00093753
2698,0.03542621,0.00532334
2699,0.01385431,0.01125615
2700,0.02509966,0.00825760
2701,0.03284522,0.00102998
2702,0.03068165,-0.00347612
2703,0.02096637,0.00666642
2704,0.03177651,-0.01504530
2705,0.02650120,0.00032357
2706,0.03300148,-0.00200460
2707,0.03155740,0.00509020
2708,0.02597042,0.00120571
2709,0.03189897,0.00406363
2710,0.02566210,0.00771705
2711,0.03826177,0.00266906
2712,0.02513341,0.00490233
2713,0.03121680,0.00089700
2714,0.02179425,0.00401974
2715,0.02554247,0.00628713
2716,0.01708620,0.00944592
2717,0.03684048,-0.00363968
2718,0.03687123,0.00167120
2719,0.03311323,0.00052921
2720,0.03495077,-0.00276841
2721,0.02913696,-0.00522798
2722,0.02491722,0.00430622
2723,0.02804009,0.00072935
2724,0.03629113,0.00450872
2725,0.02050118,0.01614070
2726,0.03445356,0.00401914
2727,0.01731571,0.01355486
2728,0.03565942,0.00158948
2729,0.04109819,-0.01144511
2730,0.03461118,-0.00576573
2731,0.02571765,0.00482454
2732,0.03292762,0.00248512
2733,0.01569825,0.00890559
2734,0.01900477,0.01557164
2735,0.01834316,0.00570254
2736,0.03592434,-0.00284359
2737,0.01573987,0.01524853
2738,0.04253788,-0.00884176
2739,0.02066448,0.00583588
2740,0.02644123,-0.00448501
2741,0.03704357,-0.00059720
2742,0.03471256,-0.00674633
2743,0.02597753,0.00376666
2744,0.02023706,0.01442238
2745,0.02111259,0.01365279
2746,0.03540715,0.00135323
2747,0.02934755,0.00034480
2748,0.04294796,-0.00125474
2749,0.03031714,0.00628212
2750,0.03195581,0.00213160
2751,0.03829842,0.00096183
2752,0.03154127,-0.00560130
2753,0.03725340,-0.00457613
2754,0.04583722,-0.01142401
2755,0.02394810,0.00689388
2756,0.02423567,0.01226078
2757,0.01788740,0.01386631
2758,0.02995355,-0.00483437
2759,0.03987938,0.00112901
2760,0.02646145,0.00455795
2761,0.04280615,-0.00661073
2762,0.01213497,0.00776435
2763,0.02326649,0.00350822
2764,0.03029296,-0.00787678
2765,0.02792162,0.00538185
2766,0.02773628,0.00505378
2767,0.02741362,0.00776857
2768,0.04445519,-0.00795922
2769,0.02225631,0.00625509
2770,0.03130177,0.00955632
2771,0.02871003,0.00635044
2772,0.03327074,-0.01394453
2773,0.03813339,-0.00352610
2774,0.03183391,0.00805781
2775,0.02510692,0.00654103
2776,0.01998758,0.00534630
2777,0.02741275,0.00778021
2778,0.02406558,0.00648307
2779,0.02532700,0.02091065
2780,0.04121022,-0.00271774
2781,0.03298713,0.00268247
2782,0.02268991,0.00869758
2783,0.03710188,0.00282756
2784,0.02874248,-0.00020633
2785,0.04004354,-0.00042802
2786,0.02795340,0.00561238
2787,0.02304479,0.01034452
2788,0.02312687,0.01753638
2789,0.02131435,0.00148081
2790,0.02534095,0.01253774
2791,0.03614478,-0.00361389
2792,0.02691101,0.00757548
2793,0.02465485,0.00684531
2794,0.03322830,0.00158112
2795,0.02780470,0.00593083
2796,0.03766136,-0.00042321
2797,0.02684424,-0.00084791
2798,0.02966269,0.00913507
2799,0.03663131,-0.00527347
2800,0.03027784,0.00740793
2801,0.02522018,-0.00286516
2802,0.03199433,0.00585920
2803,0.02038345,0.01748663
2804,0.03656299,-0.00018162
2805,0.02527113,-0.00314237
2806,0.03537267,-0.00059691
2807,0.01857203,0.01284986
2808,0.03055888,0.00129038
2809,0.01029042,0.02102492
2810,0.03215742,0.00502629
2811,0.01840821,0.01932330
2812,0.02497666,0.00591386
2813,0.03205598,0.01005146
2814,0.03878617,-0.00829524
2815,0.02904365,0.00174265
2816,0.02418046,0.00907124
2817,0.02901469,0.00729587
2818,0.03007415,0.00397061
2819,0.02722833,-0.00308172
2820,0.03839361,0.00321983
2821,0.04078547,-0.00266756
2822,0.03433187,-0.00104995
2823,0.02275872,0.00620242
2824,0.01603190,0.01187435
2825,0.02128082,0.00720626
2826,0.02656130,0.00594177
2827,0.03058185,0.00663433
2828,0.02057972,0.00642819
2829,0.03869587,-0.01158863
2830,0.02908751,0.00364752
2831,0.03196987,-0.00196558
2832,0.02894369,0.00062482
2833,0.02889205,0.00592123
2834,0.02632762,0.00434185
2835,0.03861964,0.00241259
2836,0.02904094,0.00134124
2837,0.04643982,-0.01118031
2838,0.04098727,-0.00550388
2839,0.03338845,0.00162020
2840,0.03309511,0.00622325
2841,0.02810252,-0.00159449
2842,0.02369959,0.00570423
2843,0.03133698,0.00563320
2844,0.02281810,0.02142719
2845,0.03461149,-0.00987341
2846,0.01495595,0.00305082
2847,0.01541672,0.01084739
2848,0.04195492,-0.00382224
2849,0.04448147,-0.01345746
2850,0.03028227,0.00619719
2851,0.01877372,0.01245998
2852,0.04162970,-0.00423948
2853,0.02396116,0.01450683
2854,0.02479777,0.00264958
2855,0.01327917,0.00929073
2856,0.02318762,0.00604073
2857,0.02438013,0.00991124
2858,0.02698950,0.00335349
2859,0.03964911,-0.00859614
2860,0.01149034,0.01244177
2861,0.03315161,0.00168541
2862,0.02767167,0.00713761
2863,0.03375540,0.00384063
2864,0.03544202,0.00472679
2865,0.02919768,0.00140111
2866,0.03529179,-0.00370598
2867,0.03236169,-0.00310894
2868,0.02360235,0.00569340
2869,0.02503284,0.00941431
2870,0.02476209,0.00842463
2871,0.03670116,-0.00062758
2872,0.03662206,-0.00324589
2873,0.02415124,0.00410045
2874,0.03132058,0.00023912
2875,0.03156095,0.00841114
2876,0.02688329,0.01194211
2877,0.03842820,0.00089957
2878,0.01422414,0.01723837
2879,0.02653405,0.00602197
2880,0.01789312,0.02255649
2881,0.03343986,0.00761574
2882,0.02386019,0.01396681
2883,0.03897598,-0.00117775
2884,0.02394345,0.00483119
2885,0.02055637,0.01077576
2886,0.03308133,0.00614066
2887,0.03825904,-0.00331742
2888,0.02327194,0.01121665
2889,0.03065573,0.00277116
2890,0.02505752,0.01472365
2891,0.04551115,-0.00423666
2892,0.03937299,-0.00204163
2893,0.01872151,0.01358465
2894,0.04678654,0.00228565
2895,0.01693799,0.01803749
2896,0.02680273,0.00780143
2897,0.02667795,0.00647055
2898,0.04141459,-0.00291205
2899,0.01789234,0.01569448
2900,0.03491860,-0.00261688
2901,0.02429989,0.00681189
2902,0.01774977,0.01388709
2903,0.02045037,0.01912964
2904,0.02252857,0.01748173
2905,0.03638714,0.00970492
2906,0.02357738,0.00970229
2907,0.03176603,0.00043486
2908,0.03354972,0.00347324
2909,0.02516402,0.00126384
2910,0.03541792,0.00196213
2911,0.04028547,-0.00731696
2912,0.03462524,-0.00136973
2913,0.02409217,0.00324758
2914,0.04615953,-0.00974450
2915,0.03522445,0.00117258
2916,0.02993904,0.00356376
2917,0.02586622,0.00156062
2918,0.03555933,-0.00107475
2919,0.02235952,0.01012689
2920,0.02534177,0.00403877
2921,0.03961181,-0.00762758
2922,0.03229224,0.00611588
2923,0.01736301,0.01652041
2924,0.03472861,-0.00337686
2925,0.02228253,0.01870028
2926,0.03463398,-0.00600582
2927,0.03309296,-0.00950378
2928,0.02340260,0.01288231
2929,0.02265843,0.01011654
2930,0.03125480,0.00000400
2931,0.03858034,-0.00299161
2932,0.04702975,-0.01236203
2933,0.02912642,0.00763319
2934,0.01784015,0.00992791
2935,0.03727012,-0.00056583
2936,0.02264720,0.00000585
2937,0.03413875,0.00474200
2938,0.04002764,0.00309808
2939,0.02182740,0.00698841
2940,0.03685291,-0.00584549
2941,0.04557499,-0.00241724
2942,0.02201054,0.01160662
2943,0.03953342,-0.00911235
2944,0.02732089,0.00752140
2945,0.03463576,0.00170246
2946,0.02608632,0.00781132
2947,0.02468919,0.00614105
2948,0.03922444,-0.00175129
2949,0.02746843,-0.00139853
2950,0.04179348,-0.00544978
2951,0.03403120,-0.00217571
2952,0.03850164,0.00416700
2953,0.03199801,0.00440089
2954,0.04288058,-0.00841673
2955,0.02457328,0.00834051
2956,0.02416580,0.00794328
2957,0.02014152,0.02133824
2958,0.03220742,0.00692362
2959,0.02687721,0.01255497
2960,0.02859818,0.00590783
2961,0.01945152,0.01384765
2962,0.02228283,0.00674822
2963,0.03332382,-0.00015585
2964,0.01815645,0.02257892
2965,0.03978888,0.00028540
2966,0.02974616,0.00721022
2967,0.02194911,0.01076710
2968,0.02774338,-0.00222156
2969,0.03679213,-0.00708332
2970,0.03084613,0.00896272
2971,0.02225427,0.01454543
2972,0.03828736,0.00644154
2973,0.02811116,0.00270850
2974,0.02082430,0.01149194
2975,0.03091133,0.01398957
2976,0.02572986,0.01040651
2977,0.02621667,0.01024965
2978,0.03257395,0.00588812
2979,0.02254218,0.00312354
2980,0.03218240,0.00068529
2981,0.02671063,0.00118395
2982,0.03983996,-0.00435971
2983,0.03656855,0.00084644
2984,0.03629949,-0.00775650
2985,0.02482448,0.01384245
2986,0.03918008,-0.00654852
2987,0.03776004,-0.00417225
2988,0.03270680,-0.00058127
2989,0.02984564,0.00418289
2990,0.04119302,-0.00363063
2991,0.03134890,0.00479912
2992,0.03444748,0.00151897
2993,0.03802024,-0.00996132
2994,0.03466384,-0.00290506
2995,0.02235617,0.00769038
2996,0.03645725,-0.00104536
2997,0.02218937,0.00868940
2998,0.02509813,0.00728272
2999,0.04472049,0.00877795
3000,0.02780256,0.00254315
3001,0.02582786,0.00523231
3002,0.02931776,0.00623589
3003,0.01833141,0.00968805
3004,0.03167074,0.00098965
3005,0.02461709,0.00147214
3006,0.02645649,0.00195103
3007,0.02943280,-0.00080208
3008,0.02099303,0.00899182
3009,0.01855296,0.00802468
3010,0.02893930,0.00328512
3011,0.02649326,0.01181773
3012,0.03192016,0.00638972
3013,0.02616770,0.01390277
3014,0.04316698,-0.00511867
3015,0.02535347,-0.00004109
3016,0.02378004,0.00373358
3017,0.02276999,0.01380877
3018,0.03337781,0.00378031
3019,0.02012802,0.00751909
3020,0.03737140,-0.00342768
3021,0.02609043,0.00713074
3022,0.00996404,0.01234324
3023,0.02879941,0.00166894
3024,0.02318963,0.00782763
3025,0.03376908,0.00210175
3026,0.03608103,-0.00040855
3027,0.02579848,0.00134111
3028,0.02609269,0.01068827
3029,0.02510466,0.00658523
3030,0.03368977,0.00241953
3031,0.02504045,0.00357742
3032,0.04548821,-0.00439326
3033,0.02802005,0.00928523
3034,0.03090269,0.00067386
3035,0.02779739,0.01138765
3036,0.04283268,-0.00628677
3037,0.04357209,-0.00311905
3038,0.02823031,0.00947560
3039,0.02966121,0.00890787
3040,0.02893429,-0.00501672
3041,0.02143782,0.00756383
3042,0.02300175,0.01083196
3043,0.02489151,0.00710851
3044,0.03083817,-0.00580771
3045,0.03334900,0.00292273
3046,0.02119652,0.01233927
3047,0.03002658,0.00601689
3048,0.02348255,0.00581014
3049,0.02115508,0.02072895
3050,0.01028431,0.01415676
3051,0.02257114,0.00883967
3052,0.03504761,-0.00150197
3053,0.03795741,-0.00922030
3054,0.03324528,-0.00525147
3055,0.02654246,0.00542145
3056,0.03774308,-0.00356805
3057,0.04153501,-0.00337095
3058,0.02624940,0.01898430
3059,0.02431346,0.00880878
3060,0.02150864,0.00573067
3061,0.03518934,-0.00403778
3062,0.01728173,0.01358596
3063,0.03058823,0.00204777
3064,0.04111080,0.00214682
3065,0.03665462,0.00183680
3066,0.02203446,0.00129550
3067,0.02488387,0.00012152
3068,0.03598998,0.00489961
3069,0.04102325,-0.00564844
3070,0.02264883,0.00876737
3071,0.04457321,-0.00428965
3072,0.02649299,0.01153323
3073,0.03381813,0.00401463
3074,0.01839262,0.01488974
3075,0.02320165,0.00823348
3076,0.03977990,-0.00804227
3077,0.02726948,-0.00124854
3078,0.04284505,-0.00612575
3079,0.01279888,0.00477537
3080,0.03119463,0.00806281
3081,0.02899787,0.00184080
3082,0.02242874,0.00101490
3083,0.02374450,0.00900093
3084,0.02789450,-0.00333441
3085,0.02710499,0.00125078
3086,0.02897922,-0.00634132
3087,0.03031397,0.00830409
3088,0.02789820,0.00894852
3089,0.02537530,0.01306340
3090,0.02859890,0.01353578
3091,0.03261395,0.00564385
3092,0.04079194,-0.01074711
3093,0.03027131,-0.00047316
3094,0.02500533,0.00854885
3095,0.03251754,0.00373166
3096,0.02850307,0.00244691
3097,0.02534251,0.00381124
3098,0.03192426,-0.00163761
3099,0.02770602,0.00544301
3100,0.02170060,0.00369963
3101,0.02853490,0.00386625
3102,0.02672327,0.00222375
3103,0.02083920,0.01072675
3104,0.03526949,-0.00413739
3105,0.02764872,-0.00264806
3106,0.03283132,0.00373870
3107,0.02187941,0.01352244
3108,0.02667635,0.00110870
3109,0.02913594,0.00098706
3110,0.02678776,0.01059671
3111,0.03056005,0.00341159
3112,0.02067835,0.00800834
3113,0.02705980,0.00659256
3114,0.03053655,0.00482355
3115,0.02723287,0.00590936
3116,0.03042136,-0.00178411
3117,0.03019192,0.00578475
3118,0.01135137,0.02083541
3119,0.02172630,0.01322227
3120,0.03354374,0.00248336
3121,0.02108687,0.00843989
3122,0.04413255,-0.00947378
3123,0.03708495,0.00212570
3124,0.01949403,0.01472816
3125,0.03594754,-0.00148488
3126,0.02741829,0.00471120
3127,0.03220774,-0.00524205
3128,0.02713940,0.00167378
3129,0.02283466,0.00399186
3130,0.01585569,0.01822500
3131,0.02489537,0.01012651
3132,0.02452863,0.01172288
3133,0.02660461,0.00035821
3134,0.02100705,0.01323331
3135,0.03415424,-0.00130027
3136,0.02713815,0.00307087
3137,0.02942236,0.00248256
3138,0.03663345,-0.00492139
3139,0.02210974,0.01592592
3140,0.04543749,-0.00410355
3141,0.02359170,0.00480959
3142,0.02011190,0.01390734
3143,0.04113934,-0.00465868
3144,0.02740447,0.01363422
3145,0.02278370,0.00360138
3146,0.02397633,0.00854544
3147,0.03581095,-0.00016635
3148,0.02227372,0.01206292
3149,0.02712393,-0.00151900
3150,0.02983242,0.01248521
3151,0.03443278,0.01025284
3152,0.03358067,-0.00406825
3153,0.02052307,0.00623402
3154,0.03382283,-0.00235095
3155,0.03509125,0.00256480
3156,0.02789787,0.00997958
3157,0.03062098,0.00556083
3158,0.01777395,0.01057635
3159,0.03269043,0.00866456
3160,0.02961263,0.00294801
3161,0.03527853,0.00428136
3162,0.02912782,0.00470659
3163,0.02385727,0.01146290
3164,0.03296345,0.00299867
3165,0.03762847,-0.00091043
3166,0.03365512,-0.00047175
3167,0.03128023,0.00276308
3168,0.03313041,-0.00063569
3169,0.01716584,0.00687048
3170,0.03484921,-0.00189926
3171,0.02477513,0.00838209
3172,0.04264931,-0.01671195
3173,0.02529793,0.00978911
3174,0.03330610,0.00428402
3175,0.02820264,0.01438371
3176,0.02354577,0.01385109
3177,0.02176317,0.00694038
3178,0.04189904,-0.00617763
3179,0.03023072,-0.00033953
3180,0.02950570,0.00104550
3181,0.03791289,0.00305337
3182,0.01592721,0.01471161
3183,0.03431581,0.00860344
3184,0.03468199,-0.00079509
3185,0.02896264,-0.00000761
3186,0.01417049,0.01506058
3187,0.03733574,-0.00647094
3188,0.02105596,0.01979575
3189,0.03097520,-0.00153940
3190,0.02014896,0.01359893
3191,0.02685321,-0.00058287
3192,0.02911723,0.00016357
3193,0.03402417,0.00731883
3194,0.02057686,0.01005232
3195,0.03120577,0.00076711
3196,0.02613291,0.00191904
3197,0.02528123,0.00480809
3198,0.02497369,0.00180313
3199,0.03433722,0.00196411
3200,0.01177372,0.02249694
3201,0.02920357,0.00361888
3202,0.03287809,-0.00147551
3203,0.03149837,0.01210732
3204,0.02934535,-0.00304828
3205,0.01943320,0.00784795
3206,0.02187388,0.00945711
3207,0.02339287,0.00786547
3208,0.02926639,-0.00172605
3209,0.03928992,0.00205770
3210,0.02864149,0.00267742
3211,0.02333403,0.01265673
3212,0.02138125,0.00194028
3213,0.02221584,0.00308974
3214,0.02746381,0.01559610
3215,0.01808504,0.01464282
3216,0.02577978,0.01330162
3217,0.02899797,0.00379423
3218,0.03171247,0.00670007
3219,0.02251255,0.00782802
3220,0.03156914,-0.00359412
3221,0.02815232,0.00452797
3222,0.03804463,0.00876216
3223,0.02470852,0.00874127
3224,0.04219510,-0.01027789
3225,0.01839608,0.00343066
3226,0.01996805,0.00763021
3227,0.01442570,0.02253709
3228,0.02146246,0.00710413
3229,0.03144374,-0.00494720
3230,0.02144891,0.01386414
3231,0.03472052,-0.00800247
3232,0.01777952,0.01283762
3233,0.02891742,0.00510809
3234,0.03417144,0.00086275
3235,0.04083175,-0.00627834
3236,0.02977826,0.00576324
3237,0.04244863,-0.00946456
3238,0.03918162,-0.00519605
3239,0.02806655,0.01150194
3240,0.03068389,-0.00063996
3241,0.01161121,0.01593336
3242,0.03018304,0.00208979
3243,0.02770713,0.00425375
3244,0.03047056,0.00576825
3245,0.03198145,0.00328544
3246,0.03184466,0.00375828
3247,0.03400415,0.00077568
3248,0.03250799,-0.00102293
3249,0.03190705,0.00121374
3250,0.03263666,0.01120056
3251,0.03222152,0.00699068
3252,0.02502441,0.00689515
3253,0.01945197,0.00228519
3254,0.02814398,0.00151882
3255,0.03568640,-0.00006021
3256,0.02356999,0.00447994
3257,0.02022060,0.01181879
3258,0.04030297,-0.00344018
3259,0.03171473,0.00316433
3260,0.02110056,0.00365645
3261,0.02866928,0.00576459
3262,0.03857191,-0.00638361
3263,0.02139801,0.01202704
3264,0.03455272,0.00814060
3265,0.01972345,0.01981433
3266,0.03532872,-0.00255412
3267,0.04087496,-0.01233726
3268,0.02980123,0.00422817
3269,0.01971845,0.00461495
3270,0.04414494,-0.01538271
3271,0.03787294,-0.00674911
3272,0.02758193,0.00666008
3273,0.03278961,0.00046602
3274,0.01835902,0.00733570
3275,0.04093840,-0.01327149
3276,0.02240711,0.00779883
3277,0.02514431,0.00420850
3278,0.03969407,-0.00062555
3279,0.02953215,0.00692111
3280,0.02990197,0.00261130
3281,0.03163197,-0.00255113
3282,0.03279300,0.00711788
3283,0.02634073,0.00373055
3284,0.02114282,0.00271074
3285,0.02976396,0.00477602
3286,0.02294586,0.01089804
3287,0.02227550,0.00635489
3288,0.04156112,0.00064623
3289,0.03740058,0.00061073
3290,0.02511234,-0.00089590
3291,0.04116188,-0.00949956
3292,0.03285278,0.00312520
3293,0.03130811,0.00343163
3294,0.04763213,-0.00739592
3295,0.02716145,0.01429790
3296,0.04093282,-0.00730419
3297,0.03674915,0.00550604
3298,0.01665980,0.02441129
3299,0.01859374,-0.00022027
3300,0.02815766,0.00225421
3301,0.03198804,0.00230495
3302,0.03441514,-0.00689886
3303,0.03196172,-0.00865406
3304,0.03276837,0.00920348
3305,0.02404033,0.01318706
3306,0.02743337,0.00311095
3307,0.02929150,-0.00160674
3308,0.04074322,-0.00123038
3309,0.02170490,0.00836879
3310,0.03114835,0.00419042
3311,0.04192582,-0.00671490
3312,0.02178726,0.00842397
3313,0.03381500,0.00647324
3314,0.03519988,0.00024587
3315,0.03573399,-0.00322544
3316,0.02877342,0.00048838
3317,0.02366544,0.01527553
3318,0.02522987,0.00631642
3319,0.00428386,0.01138820
3320,0.03392280,0.00052716
3321,0.03218261,0.00460088
3322,0.02832936,-0.00112535
3323,0.03498696,-0.00531442
3324,0.03285375,0.01552901
3325,0.03799354,-0.00469715
3326,0.03109099,-0.00307205
3327,0.02552677,0.00804564
3328,0.03703808,-0.00026999
3329,0.03554048,-0.00226874
3330,0.03933137,-0.00001194
3331,0.02258823,0.01256729
3332,0.03688758,0.00020738
3333,0.04080339,-0.01193142
3334,0.02426105,0.00989193
3335,0.02921892,0.00178638
3336,0.02579217,0.00520042
3337,0.04152461,0.00279960
3338,0.02746306,0.00419327
3339,0.02334868,0.00156552
3340,0.04230981,-0.00956406
3341,0.04500925,-0.00698269
3342,0.03269461,-0.00366812
3343,0.03338249,-0.00712702
3344,0.03374986,-0.00454621
3345,0.04005771,0.00082166
3346,0.02157739,0.00601704
3347,0.01768777,0.01903906
3348,0.01860172,0.00850448
3349,0.04702973,-0.00409220
3350,0.02413635,0.00875926
3351,0.03167283,0.00583556
3352,0.03363191,0.00083569
3353,0.03317667,0.00207149
3354,0.03830343,0.00152377
3355,0.03013109,-0.00600332
3356,0.02783702,0.01044369
3357,0.01719026,0.02112142
3358,0.02192395,0.00866780
3359,0.04104785,-0.01152962
3360,0.03509036,-0.00152189
3361,0.04055732,-0.01337706
3362,0.04384903,-0.00159751
3363,0.03015978,0.00006210
3364,0.03873091,-0.00841592
3365,0.01714278,0.01684239
3366,0.02244545,0.00568367
3367,0.01870501,0.02227032
3368,0.04414548,-0.00495201
3369,0.03047122,0.00996593
3370,0.02722000,0.01304140
3371,0.04768278,-0.01230458
3372,0.03819854,-0.00627310
3373,0.02455829,0.00776016
3374,0.02680795,0.00891524
3375,0.02340171,0.00660163
3376,0.03567388,-0.00919005
3377,0.03465741,0.00202696
3378,0.03173119,0.00290295
3379,0.02987636,-0.00032860
3380,0.03698347,-0.01066866
3381,0.03607076,-0.00376381
3382,0.03407793,0.00083427
3383,0.02567136,0.00841888
3384,0.04624630,-0.00022550
3385,0.03029095,0.01000919
3386,0.02244558,0.00552937
3387,0.03567163,0.00302324
3388,0.03050558,-0.00644730
3389,0.02255214,0.00989674
3390,0.04068063,0.00714245
3391,0.02457605,0.00771643
3392,0.04085634,-0.00916793
3393,0.01550955,0.01719136
3394,0.02650084,0.00325321
3395,0.03210238,0.00243351
3396,0.02844758,-0.00038188
3397,0.04506718,-0.00278381
3398,0.02341349,0.00590523
3399,0.02028413,0.00252306
3400,0.01992708,0.00930038
3401,0.01966310,0.01364370
3402,0.02331138,0.01025192
3403,0.02928854,0.01114946
3404,0.02927942,0.00466264
3405,0.02702208,0.00075830
3406,0.03686161,-0.00752564
3407,0.02664241,0.00960267
3408,0.03555533,-0.00974021
3409,0.02773982,0.00825331
3410,0.03318459,0.00219278
3411,0.02601140,-0.00396266
3412,0.03036746,0.00111118
3413,0.01938320,0.00730326
3414,0.03631047,-0.00674309
3415,0.02833679,0.00189298
3416,0.02941363,0.01578199
3417,0.03672744,0.00546180
3418,0.03528763,-0.00116735
3419,0.01966036,0.00534616
3420,0.03718952,-0.00422369
3421,0.03312329,0.00151021
3422,0.03016931,0.00135103
3423,0.04084160,-0.00451007
3424,0.01868594,0.01851196
3425,0.03418517,0.00306503
3426,0.03143725,-0.00176132
3427,0.02876756,0.00457924
3428,0.03764313,-0.00362568
3429,0.02113079,0.00859177
3430,0.03569440,-0.00132298
3431,0.02519861,0.00514229
3432,0.02398660,0.00487634
3433,0.02596789,0.00561477
3434,0.03287369,-0.00541355
3435,0.02485302,0.01014350
3436,0.03754579,-0.00250057
3437,0.02735875,0.00118880
3438,0.02965332,0.00451191
3439,0.03570608,0.00455826
3440,0.03710296,0.00737334
3441,0.02090321,0.00542023
3442,0.02894529,0.00906881
3443,0.03169512,-0.00324689
3444,0.02582222,0.00362525
3445,0.01660101,0.00662093
3446,0.02460136,0.00626648
3447,0.03112520,-0.00179270
3448,0.02566258,0.00205186
3449,0.02947283,0.00557512
3450,0.02221361,0.00503000
3451,0.02510571,0.00397945
3452,0.02462130,0.01571289
3453,0.02631778,0.01150496
3454,0.03139445,-0.00249993
3455,0.04058911,-0.00335697
3456,0.02323119,0.01532587
3457,0.02990093,0.00648381
3458,0.03272277,0.00352183
3459,0.03268367,0.00482458
3460,0.02906024,0.01370525
3461,0.02769653,0.00378711
3462,0.03791218,-0.00164608
3463,0.03505778,-0.00458255
3464,0.01635075,0.01195092
3465,0.02167995,0.00503655
3466,0.01383609,0.01829571
3467,0.04322525,-0.00646735
3468,0.01696580,0.01093317
3469,0.03170195,0.00661127
3470,0.02595281,0.00670184
3471,0.01815553,0.00876139
3472,0.03953023,-0.00879863
3473,0.02212682,0.00413487
3474,0.02996533,0.00121462
3475,0.02593931,0.01119590
3476,0.03702687,-0.00055979
3477,0.01662308,0.01172741
3478,0.03402756,0.01338825
3479,0.03652821,-0.00589987
3480,0.02946942,0.00057046
3481,0.03630360,0.00095576
3482,0.03956869,-0.00027692
3483,0.03441548,-0.00160602
3484,0.02564096,0.00078779
3485,0.04284842,-0.00233770
3486,0.02070856,0.01565561
3487,0.04251418,-0.00806342
3488,0.02721682,0.00689663
3489,0.03536751,-0.00918902
3490,0.03679898,0.00777548
3491,0.03931163,-0.00752320
3492,0.03307165,-0.00264042
3493,0.02346363,0.01700587
3494,0.02486907,0.00185387
3495,0.03833240,-0.00271073
3496,0.02605299,0.01776846
3497,0.02700354,0.01510623
3498,0.02539160,0.01097230
3499,0.03011205,-0.00268005
3500,0.03537065,0.00641826
3501,0.02707636,0.00670844
3502,0.03326998,0.00893089
3503,0.01941817,0.01500929
3504,0.02473460,0.00583509
3505,0.02182065,0.00918633
3506,0.03294258,0.00229038
3507,0.02571494,0.01187782
3508,0.02261177,0.01380790
3509,0.03644233,-0.00050249
3510,0.01402586,0.01528389
3511,0.02370617,0.00927164
3512,0.03716184,0.00001591
3513,0.02351115,0.01048798
3514,0.01960604,0.01851543
3515,0.03257467,-0.00141303
3516,0.03892013,-0.00945272
3517,0.03222854,0.00195861
3518,0.02536736,0.00132094
3519,0.03236525,0.00247947
3520,0.03755432,0.00012234
3521,0.02993230,-0.00546292
3522,0.02564634,0.01219253
3523,0.01865586,0.00680081
3524,0.02187513,0.01039728
3525,0.03184696,0.00950948
3526,0.03959295,-0.00687698
3527,0.03827643,0.00023625
3528,0.02692140,0.00509547
3529,0.03330695,0.00833000
3530,0.02559320,0.00624020
3531,0.01802773,0.01304656
3532,0.03806308,-0.00750596
3533,0.02031211,0.00908297
3534,0.05141108,-0.01170732
3535,0.03273840,0.00740710
3536,0.03372938,0.00023204
3537,0.02472334,0.00765899
3538,0.03821210,-0.00299663
3539,0.03841812,0.00465437
3540,0.03151550,-0.00456705
3541,0.04133302,-0.00059987
3542,0.03169569,0.00015942
3543,0.03643221,-0.00108744
3544,0.04342228,-0.00821504
3545,0.03040792,0.00266110
3546,0.04489728,-0.01422278
3547,0.03520956,-0.01110490
3548,0.01791347,0.00498394
3549,0.03244080,-0.00157741
3550,0.04707124,-0.01314688
3551,0.03206123,0.00230514
3552,0.03611327,-0.00040895
3553,0.03255417,0.00076675
3554,0.02672600,0.01452590
3555,0.01844757,0.01187485
3556,0.05009749,-0.01137153
3557,0.02551088,0.00571233
3558,0.04245812,-0.00019698
3559,0.02617929,0.00839039
3560,0.02809165,0.00562775
3561,0.02053158,0.00692677
3562,0.01932528,0.00254331
3563,0.03210628,0.00813483
3564,0.01116116,0.01060941
3565,0.03479202,0.00278710
3566,0.02691211,0.01110002
3567,0.02880989,0.00804675
3568,0.03796984,-0.00275846
3569,0.02880105,-0.00234091
3570,0.04439159,-0.01106322
3571,0.02322771,0.00182436
3572,0.03582394,-0.00137720
3573,0.04102611,-0.00473799
3574,0.02603968,0.00208335
3575,0.03452129,0.00098572
3576,0.01702664,0.00281366
3577,0.04068657,-0.00594263
3578,0.03743961,0.00003448
3579,0.02521544,0.00451642
3580,0.02817829,0.00208938
3581,0.03154754,-0.00187466
3582,0.02438207,0.01033652
3583,0.02854887,0.00207204
3584,0.03180728,0.00096216
3585,0.03203278,0.01595245
3586,0.03393503,-0.00010897
3587,0.02854336,-0.00106401
3588,0.02898378,0.00472537
3589,0.03063638,-0.00075478
3590,0.03676632,-0.00507295
3591,0.03348465,-0.00370312
3592,0.04113852,0.00306986
3593,0.03594313,-0.00444323
3594,0.01523255,0.01002242
3595,0.03867692,-0.00396883
3596,0.04253231,-0.00887633
3597,0.02143160,0.00557837
3598,0.02078612,0.00686987
3599,0.02569391,-0.00124163
3600,0.02358215,0.00807256
3601,0.02549606,-0.00192166
3602,0.01993508,0.01350921
3603,0.01581469,0.01530023
3604,0.03471580,-0.00152831
3605,0.02619110,0.01000090
3606,0.01865004,0.01017654
3607,0.02488845,0.00180700
3608,0.02891225,0.00170686
3609,0.03879073,-0.00058953
3610,0.03175148,-0.00058940
3611,0.02200760,0.00870879
3612,0.03988200,0.00805236
3613,0.04532758,-0.01470472
3614,0.02888349,0.00622805
3615,0.03175619,-0.00349786
3616,0.02000478,0.00723076
3617,0.03196717,-0.00392193
3618,0.02652490,0.01430009
3619,0.04043539,-0.00097465
3620,0.03556273,0.00020107
3621,0.03691623,-0.00513490
3622,0.01422936,0.02175997
3623,0.02573780,0.01059844
3624,0.01853209,0.01088632
3625,0.03722309,0.00379037
3626,0.02505313,0.00652044
3627,0.01674777,0.00792976
3628,0.03205348,-0.00178595
3629,0.04110900,-0.01418113
3630,0.03781111,-0.00139064
3631,0.04666235,0.00388371
3632,0.02070275,0.01235086
3633,0.02544345,0.01513304
3634,0.03061019,0.00315313
3635,0.01598218,0.01541804
3636,0.02655419,0.00420408
3637,0.03844246,-0.00043309
3638,0.04184435,-0.00584887
3639,0.02192397,0.01250725
3640,0.02975747,0.00091501
3641,0.03653348,-0.01009605
3642,0.03751598,0.00049035
3643,0.02204043,0.01619788
3644,0.03239826,0.00297708
3645,0.04302836,-0.00292192
3646,0.04039824,-0.00670153
3647,0.03383895,0.00930925
3648,0.02280859,0.00379390
3649,0.03932068,-0.00670100
3650,0.03582882,0.00251101
3651,0.03076203,0.00287579
3652,0.02953694,0.00733227
3653,0.01656296,0.00741776
3654,0.03181289,0.00648352
3655,0.03014730,-0.00106026
3656,0.02792094,0.00008953
3657,0.02783262,0.00560259
3658,0.02495838,0.01465722
3659,0.03240459,0.00316327
3660,0.02278179,0.00965489
3661,0.02430050,0.00113540
3662,0.02048862,0.00785240
3663,0.03351749,0.00622488
3664,0.01894070,0.00485696
3665,0.02914457,0.00587882
3666,0.03051435,0.00316159
3667,0.03796003,-0.00472960
3668,0.01060131,0.01746214
3669,0.02586862,-0.00173467
3670,0.02807547,0.00336712
3671,0.02781004,0.01006242
3672,0.04310758,-0.00475225
3673,0.04211981,-0.00907144
3674,0.03062157,0.01145634
3675,0.01071587,0.01169016
3676,0.04179812,-0.00525483
3677,0.03061494,0.00274545
3678,0.03791060,-0.00479456
3679,0.03311094,0.00844623
3680,0.03043524,0.01127336
3681,0.03655726,0.00294506
3682,0.03513687,-0.00446744
3683,0.02977664,-0.00397758
3684,0.03399736,-0.00157345
3685,0.03492759,0.00563940
3686,0.02926200,0.00850616
3687,0.02998674,0.00017558
3688,0.03354128,0.00547017
3689,0.01576638,0.01343975
3690,0.01614794,0.01071672
3691,0.01609507,0.01720047
3692,0.03043732,0.00429392
3693,0.01724628,0.01588097
3694,0.03487567,0.00251845
3695,0.02983386,0.00340794
3696,0.02040094,0.01156696
3697,0.02129615,0.00602240
3698,0.03000050,-0.00213646
3699,0.02151730,0.00871816
3700,0.02825846,-0.00407400
3701,0.03620742,-0.00185073
3702,0.03132019,0.01012410
3703,0.03639393,-0.00340541
3704,0.04320441,-0.01209223
3705,0.02325813,0.00961338
3706,0.03724112,0.00157880
3707,0.03094697,0.01067483
3708,0.03076493,0.00183455
3709,0.03922598,-0.00403876
3710,0.03676405,0.00703476
3711,0.02162126,0.00581247
3712,0.03100877,-0.00141757
3713,0.02032956,0.00867433
3714,0.04940705,-0.01299424
3715,0.02651755,0.00781571
3716,0.03479268,-0.00245166
3717,0.03777747,0.00216683
3718,0.03107916,0.00750220
3719,0.03840472,-0.00111321
3720,0.01848360,0.00495259
3721,0.02551272,0.00558282
3722,0.04140915,-0.00200572
3723,0.03061661,0.00330688
3724,0.03117298,0.00425701
3725,0.03717517,-0.00360587
3726,0.02053896,0.01471251
3727,0.03737014,0.00275492
3728,0.03006647,0.00184654
3729,0.03939835,-0.00848389
3730,0.03914767,-0.00129009
3731,0.02506519,0.00620534
3732,0.03887623,0.00004894
3733,0.03932223,-0.00324345
3734,0.02630515,0.00666425
3735,0.03743338,-0.00380122
3736,0.01914322,0.01140542
3737,0.02735861,0.00488173
3738,0.02914972,0.00172458
3739,0.04161142,-0.00333941
3740,0.03066614,0.00298069
3741,0.02794755,0.01238230
3742,0.03845997,0.00048214
3743,0.03755108,0.00154327
3744,0.01595086,0.01053483
3745,0.03483158,-0.00392201
3746,0.03415145,-0.00637808
3747,0.02698949,0.00441974
3748,0.03845814,-0.00189456
3749,0.02289474,0.01362170
3750,0.03435167,-0.00104661
3751,0.02374761,0.00589869
3752,0.04325813,-0.01711173
3753,0.03343807,-0.00123792
3754,0.02568447,0.01340776
3755,0.01029653,0.01524647
3756,0.03055760,-0.00165599
3757,0.03638801,0.00328492
3758,0.02605584,0.01403643
3759,0.03853078,-0.00939524
3760,0.03873084,-0.00360463
3761,0.02602553,0.00294947
3762,0.01890525,0.01901359
3763,0.02452560,0.00139675
3764,0.02205805,0.00630484
3765,0.03624350,0.00098926
3766,0.02519755,0.00347320
3767,0.02048142,0.00684786
3768,0.01067886,0.01901267
3769,0.02229993,0.01473494
3770,0.01519376,0.01654556
3771,0.03017827,0.00414398
3772,0.02680842,0.00843889
3773,0.02198979,0.01292442
3774,0.03735975,-0.00040039
3775,0.02799464,0.01792525
3776,0.03772687,-0.00472232
3777,0.01722208,0.01351086
3778,0.03722537,-0.00624765
3779,0.03426743,0.00379438
3780,0.02430462,0.00241342
3781,0.03216551,-0.00038930
3782,0.04051442,-0.00650820
3783,0.03252644,-0.00670445
3784,0.02687446,0.00484936
3785,0.02688643,0.00831228
3786,0.03628639,-0.00118251
3787,0.03199455,0.00160810
3788,0.03324331,0.00586101
3789,0.02906411,-0.00594182
3790,0.03084681,0.00415703
3791,0.03033359,0.00670299
3792,0.00831496,0.02312975
3793,0.04539608,-0.00831604
3794,0.02617805,0.00707164
3795,0.03958527,0.00380428
3796,0.02551606,0.01279649
3797,0.03817310,-0.00769554
3798,0.02362871,0.01377013
3799,0.02792194,0.00398680
3800,0.03110366,0.01123374
3801,0.02226466,0.01128691
3802,0.02757892,0.01388006
3803,0.01269561,0.00066664
3804,0.02787333,0.00959692
3805,0.02940098,0.01179972
3806,0.03191350,0.00160219
3807,0.02670837,0.00337506
3808,0.04055289,-0.00611581
3809,0.02702441,0.01036253
3810,0.02871139,0.00408963
3811,0.02709712,0.00863864
3812,0.02898346,0.00066117
3813,0.03157155,0.00476041
3814,0.04615953,-0.00661340
3815,0.04395916,-0.00715370
3816,0.03890043,-0.00095091
3817,0.02869284,-0.00325807
3818,0.01880325,0.01475773
3819,0.03629640,-0.00978915
3820,0.03177044,0.00409013
3821,0.02488718,0.01228927
3822,0.03468812,-0.00259595
3823,0.04208940,-0.00377951
3824,0.04245710,-0.00477236
3825,0.03742743,-0.00828272
3826,0.02672839,0.00777976
3827,0.03059092,-0.00381068
3828,0.02698851,0.00542298
3829,0.04497033,-0.00613889
3830,0.04479303,-0.01249560
3831,0.02628275,-0.00435349
3832,0.03214339,0.00727885
3833,0.02237951,0.00945160
3834,0.03333922,-0.00925076
3835,0.02849438,0.00694628
3836,0.02557630,0.00460198
3837,0.03428669,0.01000462
3838,0.03476646,0.00219239
3839,0.03131906,0.00181711
3840,0.03287433,-0.00520619
3841,0.02434717,0.00389398
3842,0.02370054,0.00877842
3843,0.03190405,0.00331940
3844,0.03734495,0.00103259
3845,0.02964106,0.00472159
3846,0.02131747,0.00697559
3847,0.03737548,0.00070230
3848,0.03112974,0.00702500
3849,0.03253762,-0.01139921
3850,0.01751823,0.01555081
3851,0.02980769,0.00522010
3852,0.03110405,0.01120170
3853,0.02839857,0.00490281
3854,0.03381315,-0.00348591
3855,0.02380333,0.00816161
3856,0.03016478,-0.00620932
3857,0.03990790,-0.00295968
3858,0.02810877,0.00234548
3859,0.02187285,0.01031005
3860,0.02917250,0.00635352
3861,0.02553620,0.00107774
3862,0.02578411,0.00545124
3863,0.02898542,0.00348764
3864,0.03109302,0.00362459
3865,0.01907936,0.01384537
3866,0.01309930,0.01248352
3867,0.03670227,-0.00474871
3868,0.03043284,0.00556324
3869,0.03476597,0.00757895
3870,0.03190704,0.00474719
3871,0.02862270,0.00777617
3872,0.03224896,0.00367975
3873,0.01769605,0.00879712
3874,0.02668524,0.00694846
3875,0.03921964,-0.00276810
3876,0.02565021,0.01271234
3877,0.04252291,-0.00404319
3878,0.02360792,0.00396132
3879,0.03907522,-0.00137161
3880,0.05189714,-0.00950066
3881,0.02982473,0.00527502
3882,0.03443331,-0.00249812
3883,0.02735681,0.01141394
3884,0.02888921,0.00847591
3885,0.02785545,0.00787900
3886,0.03590259,-0.00514779
3887,0.03106441,-0.00346510
3888,0.03349297,0.00002759
3889,0.02416433,0.00456650
3890,0.03192070,0.00515647
3891,0.03453311,-0.00390754
3892,0.02590899,0.00993795
3893,0.02119726,0.01033829
3894,0.02047495,0.01131205
3895,0.03493892,-0.00173742
3896,0.03896183,0.00099785
3897,0.03330137,0.00143390
3898,0.02754865,0.01081341
3899,0.03441859,0.00287322
3900,0.03451670,0.00655526
3901,0.03796525,-0.00421230
3902,0.03460512,-0.00071887
3903,0.03296095,-0.00189863
3904,0.03418077,0.00775406
3905,0.02579932,0.00883355
3906,0.04157908,-0.01212069
3907,0.02115923,0.00738059
3908,0.02053636,0.01150373
3909,0.02609090,0.00454532
3910,0.03031306,0.00345174
3911,0.04088294,-0.01005530
3912,0.04322899,-0.01289356
3913,0.02535710,0.00632832
3914,0.01435310,0.00644239
3915,0.03562091,0.00520960
3916,0.03597757,-0.00385910
3917,0.02884775,0.00179258
3918,0.02319316,0.00533534
3919,0.02467356,0.00652708
3920,0.02214967,0.01210770
3921,0.02690675,0.00970221
3922,0.03239751,0.00268020
3923,0.03845891,-0.00805930
3924,0.03674737,-0.00748836
3925,0.01495185,0.01062440
3926,0.04301796,-0.00407148
3927,0.03128387,-0.00419115
3928,0.02571016,0.00952421
3929,0.02407095,0.00223650
3930,0.01955642,0.00337843
3931,0.03016195,0.00131841
3932,0.03123372,0.00481792
3933,0.04108713,0.00331205
3934,0.04155460,-0.01485444
3935,0.04479411,-0.00175138
3936,0.02259422,0.00817988
3937,0.03275033,-0.00426198
3938,0.02241471,0.01125417
3939,0.02571367,0.00425753
3940,0.04307356,0.00059654
3941,0.04703033,-0.00103929
3942,0.03470897,-0.00655578
3943,0.02460122,0.00111626
3944,0.02760988,0.00405626
3945,0.03511369,0.00372581
3946,0.04169639,-0.00228679
3947,0.00890596,0.01277489
3948,0.02788564,0.00749976
3949,0.02981225,0.00441290
3950,0.03505882,0.00037130
3951,0.03016590,-0.00153737
3952,0.02317359,0.01218582
3953,0.02756150,-0.00355990
3954,0.02920760,0.00346370
3955,0.02760435,0.01968727
3956,0.03489125,0.00051999
3957,0.02656105,0.00484681
3958,0.03391093,-0.00863656
3959,0.03122935,0.01088535
3960,0.03198312,-0.00320056
3961,0.03517772,-0.00545431
3962,0.01950438,0.00928936
3963,0.04069761,-0.00749312
3964,0.03135792,-0.00100772
3965,0.02486705,0.01398608
3966,0.03630377,0.00553954
3967,0.01930808,0.01454014
3968,0.04105815,-0.00128716
3969,0.02364452,0.00234960
3970,0.03514218,0.00233551
3971,0.02696890,0.00519814
3972,0.02613618,0.00763755
3973,0.03408656,-0.00136733
3974,0.03427517,0.00422022
3975,0.02546649,0.00514361
3976,0.03013497,0.00024479
3977,0.02068085,0.00369392
3978,0.03808134,0.00223888
3979,0.03314323,0.00743755
3980,0.02844444,0.00484541
3981,0.04796681,-0.00301958
3982,0.03500471,0.00319200
3983,0.03594299,0.00048416
3984,0.02655462,-0.00417665
3985,0.03420594,-0.00150156
3986,0.02167278,0.01454390
3987,0.02875787,0.00052643
3988,0.01817946,0.01251624
3989,0.03356723,0.00147515
3990,0.02890602,0.00285508
3991,0.02694073,0.01153076
3992,0.02525726,0.01110446
3993,0.02237860,0.01396943
3994,0.01985903,0.01164208
3995,0.03958741,-0.00908855
3996,0.03473965,0.00136474
3997,0.02732398,0.00833377
3998,0.03506028,-0.00171930
3999,0.03164801,0.00292479
4000,0.03541863,0.00065857
4001,0.03099063,-0.00342052
4002,0.03344956,0.00796756
4003,0.04121057,-0.00630066
4004,0.03735742,-0.00312442
4005,0.03047704,0.00063312
4006,0.01867938,0.01080490
4007,0.03511789,0.00081097
4008,0.02882168,0.00506888
4009,0.03465326,-0.00088363
4010,0.02519413,0.01458474
4011,0.02022982,0.01245986
4012,0.02841712,-0.00286660
4013,0.03834377,0.00004177
4014,0.04452523,-0.00723590
4015,0.03171756,0.00248402
4016,0.03604202,0.00258758
4017,0.02587224,0.00999538
4018,0.01637246,0.02318780
4019,0.02218124,0.00924870
4020,0.02261873,0.00390495
4021,0.02116009,0.01506104
4022,0.03525066,0.00191359
4023,0.02629680,0.00641072
4024,0.03200173,0.00393771
4025,0.02746988,0.00578567
4026,0.02490757,0.00744848
4027,0.01922305,0.01360231
4028,0.01068454,0.00916447
4029,0.03748751,0.00460804
4030,0.03670583,0.00468668
4031,0.05470140,-0.00225097
4032,0.01954230,0.00457023
4033,0.02827400,0.01313390
4034,0.02657683,0.00400846
4035,0.02956470,0.00501524
4036,0.01990210,0.01520114
4037,0.03999378,0.00260838
4038,0.02335424,0.00282465
4039,0.03258905,-0.00105099
4040,0.03636672,0.00039776
4041,0.02614114,-0.00064284
4042,0.03656946,0.00960433
4043,0.02795060,0.00429913
4044,0.03494490,0.00252279
4045,0.04237466,-0.00441636
4046,0.02393414,0.00253748
4047,0.02190849,0.00904558
4048,0.02348007,0.01162564
4049,0.02872469,0.00438714
4050,0.03009705,0.00044573
4051,0.02959841,-0.00401529
4052,0.02759968,0.01058674
4053,0.03506881,-0.00254484
4054,0.03721845,0.00232776
4055,0.03580509,-0.00204726
4056,0.03171651,0.00136508
4057,0.02132811,0.01371139
4058,0.03341244,0.00165663
4059,0.03694728,-0.00240732
4060,0.03690610,0.00486346
4061,0.03151300,-0.00442096
4062,0.02037194,0.00633328
4063,0.03193317,0.00210127
4064,0.03615988,-0.00702692
4065,0.03361270,0.00354130
4066,0.03310749,-0.00569276
4067,0.02790057,0.00294541
4068,0.03903486,-0.00663369
4069,0.02662876,0.00497617
4070,0.02865387,0.01607882
4071,0.03255913,-0.00578225
4072,0.01633755,0.01246090
4073,0.03398502,0.00005455
4074,0.03117173,0.00337392
4075,0.03587916,-0.00635468
4076,0.01865509,0.00647478
4077,0.03570130,0.00009504
4078,0.04348879,-0.01173638
4079,0.03824219,-0.00013229
4080,0.02324743,0.00230147
4081,0.01629014,0.01659378
4082,0.03239897,0.00863018
4083,0.01988949,0.00580407
4084,0.02411693,0.01275705
4085,0.02035610,0.01437438
4086,0.02841028,0.00327182
4087,0.03261632,-0.00488468
4088,0.03093575,0.00087017
4089,0.01988800,0.01171355
4090,0.03963961,-0.00123064
4091,0.02567617,0.01074030
4092,0.03558712,-0.00455105
4093,0.02215616,0.00924778
4094,0.04233782,-0.00782166
4095,0.03771421,0.00213952
4096,0.02605540,0.00783377
4097,0.02635417,0.00818802
4098,0.02277530,0.01828751
4099,0.02429770,0.01280752
4100,0.02697956,0.00129878
4101,0.02803093,0.00136708
4102,0.03311221,-0.00062405
4103,0.03593521,0.00215576
4104,0.03556907,0.00580746
4105,0.01425402,0.01791517
4106,0.03376494,0.00610490
4107,0.03409434,0.00458892
4108,0.01429581,0.02006138
4109,0.03153255,0.00354712
4110,0.02913882,0.00268196
4111,0.03261423,0.00272059
4112,0.02327998,0.01341651
4113,0.03687528,-0.00011025
4114,0.03567634,0.00295244
4115,0.02921680,-0.00189656
4116,0.02912515,0.00539458
4117,0.02446148,0.00136903
4118,0.03444097,0.00480823
4119,0.02167996,0.00706468
4120,0.04639903,-0.01296477
4121,0.04134218,0.00412554
4122,0.04159779,0.00398218
4123,0.02336321,0.00839706
4124,0.02078084,0.01236866
4125,0.03285164,0.00271054
4126,0.01462022,0.00754540
4127,0.02099985,0.00767270
4128,0.03062097,0.00797769
4129,0.04554192,-0.00736674
4130,0.03307865,0.00670251
4131,0.02093293,0.00646021
4132,0.03974931,-0.01263227
4133,0.04760607,-0.01047239
4134,0.02695659,0.01388146
4135,0.03247565,-0.00329371
4136,0.03471962,0.00374923
4137,0.02199180,0.01492222
4138,0.03161387,-0.00233969
4139,0.01995136,0.01256603
4140,0.03577882,0.00104222
4141,0.03167655,0.00377763
4142,0.03657180,-0.00818287
4143,0.02832384,0.00738130
4144,0.02512420,0.01212296
4145,0.02998522,0.00031118
4146,0.02720252,-0.00054664
4147,0.01853777,0.01263254
4148,0.03107932,0.00077553
4149,0.02417102,0.01132557
4150,0.03073820,-0.00043072
4151,0.02756801,0.00576986
4152,0.03544341,0.00107548
4153,0.03766470,0.01483552
4154,0.02005777,0.00401843
4155,0.02755184,0.00998161
4156,0.03329960,0.00211645
4157,0.02785615,-0.00107159
4158,0.04042500,0.00033368
4159,0.03962559,-0.00416685
4160,0.03567152,0.00322581
4161,0.02326458,0.00466535
4162,0.02858201,0.00053509
4163,0.01742373,0.00734895
4164,0.03571627,0.00395429
4165,0.03026250,0.00264593
4166,0.03584133,0.00069874
4167,0.00528580,0.01607514
4168,0.04331620,-0.00514578
4169,0.03976347,-0.00382878
4170,0.02456403,0.01651841
4171,0.02851863,0.01203435
4172,0.01540692,0.01666009
4173,0.03522146,0.00330973
4174,0.02516354,0.00385737
4175,0.03073514,0.00873042
4176,0.01926137,0.00177567
4177,0.02396366,0.01133713
4178,0.03531363,-0.00012563
4179,0.02322811,0.01085104
4180,0.02593916,0.00116346
4181,0.02886115,0.00233277
4182,0.02921932,0.00010839
4183,0.02391948,0.00338245
4184,0.03158337,-0.00001762
4185,0.03208293,-0.00444497
4186,0.03423598,-0.00151798
4187,0.02873149,-0.00038005
4188,0.02134573,0.00461794
4189,0.01549735,0.01694683
4190,0.04287821,-0.00751276
4191,0.02357107,-0.00052701
4192,0.04411128,-0.00129554
4193,0.03171040,-0.00080511
4194,0.03346213,0.00066096
4195,0.04371772,-0.00226526
4196,0.03501316,-0.00107999
4197,0.03666741,0.00747399
4198,0.02975506,0.00414716
4199,0.02894560,-0.00157019
4200,0.01877904,0.01876427
4201,0.02973833,0.00031325
4202,0.02838380,0.00589123
4203,0.02571891,0.00757132
4204,0.04543785,0.00521931
4205,0.02648559,0.00734687
4206,0.03734463,-0.00529470
4207,0.04169268,-0.00401870
4208,0.03874576,-0.00728199
4209,0.02917737,-0.00674641
4210,0.03080608,0.00356327
4211,0.04001956,-0.01318396
4212,0.02955599,0.00125248
4213,0.03535140,0.00037563
4214,0.02457027,0.00899315
4215,0.02404956,0.00452552
4216,0.02089109,0.01670653
4217,0.01767582,0.01682103
4218,0.02380709,0.00156930
4219,0.02596007,0.01454781
4220,0.02765172,0.00317033
4221,0.01490449,0.00953591
4222,0.02797204,-0.00423844
4223,0.03480924,-0.00518824
4224,0.02652757,0.01058583
4225,0.03005073,0.01025723
4226,0.03807570,-0.00409442
4227,0.04023434,-0.00603382
4228,0.02873791,0.00142048
4229,0.02104844,0.00971024
4230,0.01919115,0.01430192
4231,0.03780275,0.00271454
4232,0.03157862,-0.00363069
4233,0.04248272,-0.00370135
4234,0.02418578,0.01656964
4235,0.02552435,0.00293532
4236,0.01778331,0.01571304
4237,0.03842502,-0.00354661
4238,0.03357909,0.00066193
4239,0.03234499,-0.00812004
4240,0.02529896,0.00873954
4241,0.02246646,0.01055654
4242,0.03284602,-0.00084563
4243,0.02956577,0.01481296
4244,0.01827910,0.00590102
4245,0.02105193,0.01250775
4246,0.03422926,0.00271282
4247,0.03914500,-0.00496153
4248,0.02957952,0.00017909
4249,0.03339960,0.00197878
4250,0.03218707,0.00970488
4251,0.02316919,0.00718981
4252,0.02655737,0.00401495
4253,0.03959267,0.00805939
4254,0.04076504,-0.00729773
4255,0.02128701,0.01011576
4256,0.04157803,-0.00265311
4257,0.03165435,0.00046807
4258,0.02933259,0.00689581
4259,0.02218659,0.01245469
4260,0.03347070,0.00725217
4261,0.02104139,0.00816027
4262,0.04159587,-0.00889283
4263,0.01886164,0.01522033
4264,0.04081388,-0.00199502
4265,0.02509973,0.00652642
4266,0.02257594,0.00980040
4267,0.03182386,-0.00554909
4268,0.03815675,0.00092144
4269,0.03609002,0.00546615
4270,0.03651786,-0.00191281
4271,0.03536998,-0.00245270
4272,0.02616457,0.00624311
4273,0.03268092,0.00468679
4274,0.04095155,0.00189641
4275,0.02725663,0.00845098
4276,0.01239447,0.01314161
4277,0.03904679,0.00370814
4278,0.03575187,0.00911202
4279,0.03532189,-0.00611076
4280,0.02353673,0.01122675
4281,0.02837116,-0.00159653
4282,0.04182977,-0.01612651
4283,0.01450719,0.00929889
4284,0.03287385,-0.00687098
4285,0.01605392,0.01425741
4286,0.04266277,-0.00399699
4287,0.02325544,0.01011623
4288,0.02870634,0.00394947
4289,0.04295325,0.00111858
4290,0.00703253,0.01454273
4291,0.00449817,0.02338603
4292,0.03527214,-0.00358123
4293,0.02447289,0.00761054
4294,0.02591590,-0.00210290
4295,0.02828817,-0.00521408
4296,0.04023859,-0.00921891
4297,0.03722794,0.00072311
4298,0.03495189,0.00659595
4299,0.03406336,-0.00222916
4300,0.03241345,-0.00151731
4301,0.03402882,-0.00317167
4302,0.02357364,0.00919736
4303,0.02895619,0.00660635
4304,0.02731283,0.00289366
4305,0.03044533,0.00557624
4306,0.02278975,0.01335032
4307,0.03380445,-0.00186332
4308,0.02752636,0.00856546
4309,0.01579554,0.01018112
4310,0.03983201,-0.00498316
4311,0.04299369,-0.00857885
4312,0.03338194,0.00161213
4313,0.04603407,-0.00696793
4314,0.02097128,0.01084876
4315,0.02170583,0.00287176
4316,0.00995429,0.02888730
4317,0.02357210,0.00640651
4318,0.04135526,-0.01280618
4319,0.02667889,0.01279013
4320,0.03121415,0.00768836
4321,0.02250804,0.00121166
4322,0.03678948,-0.00032960
4323,0.02193181,0.00467910
4324,0.01190746,0.01241934
4325,0.03835406,0.00606088
4326,0.03243389,-0.00542945
4327,0.03923740,-0.00560288
4328,0.04342141,-0.00861452
4329,0.03518991,0.00044329
4330,0.02718840,0.00801526
4331,0.03651082,0.00386875
4332,0.03012301,-0.00338429
4333,0.02658298,0.00932340
4334,0.02441929,0.00775851
4335,0.03465976,0.00317432
4336,0.03983713,-0.00480205
4337,0.03767594,0.00062141
4338,0.02722404,-0.00002808
4339,0.03879761,0.00123604
4340,0.04047569,-0.00761967
4341,0.04158116,-0.01187589
4342,0.03868786,-0.00536478
4343,0.03061174,-0.00041291
4344,0.03812901,-0.00147978
4345,0.02122372,0.01533304
4346,0.02636726,-0.00064763
4347,0.03666307,0.01013838
4348,0.03567402,-0.00038447
4349,0.03951371,-0.00322083
4350,0.03256378,0.01016698
4351,0.05058241,-0.01914540
4352,0.03563823,0.00740691
4353,0.02533952,-0.00055416
4354,0.03482736,0.00083249
4355,0.02801028,0.00885195
4356,0.02987872,-0.00211861
4357,0.02906949,0.00709859
4358,0.02337935,0.00666197
4359,0.02814683,0.00212113
4360,0.02852436,0.00786694
4361,0.04192877,-0.00843311
4362,0.02932792,0.00155696
4363,0.03109213,0.00779810
4364,0.03449354,0.00077710
4365,0.01484987,0.00980190
4366,0.03491987,0.00049588
4367,0.02037212,0.00630634
4368,0.02795594,0.00202476
4369,0.04189279,-0.01025048
4370,0.02991799,0.00428499
4371,0.02982229,0.00476052
4372,0.00999833,0.02513558
4373,0.03759691,-0.00247890
4374,0.02584898,0.01013994
4375,0.03245480,0.00983936
4376,0.03858311,-0.00310438
4377,0.04174590,0.00982776
4378,0.03743665,-0.00068458
4379,0.03041123,-0.00149775
4380,0.03884067,-0.00122632
4381,0.02877671,0.00696845
4382,0.03989508,-0.00120504
4383,0.02527879,-0.00373130
4384,0.03572262,-0.00821255
4385,0.02652302,0.00462430
4386,0.02554877,0.01253678
4387,0.03189829,0.00209941
4388,0.02359193,0.00556803
4389,0.03521803,-0.00286594
4390,0.01773633,0.00466044
4391,0.02569360,0.01180433
4392,0.02711943,-0.00279916
4393,0.02940736,0.00515591
4394,0.01979528,0.00800811
4395,0.02552638,0.00687514
4396,0.02610943,0.00386253
4397,0.02796336,0.01030763
4398,0.02569374,-0.00083967
4399,0.02931249,0.00880562
4400,0.03627008,0.00636571
4401,0.02859979,-0.00575627
4402,0.01486125,0.01859067
4403,0.03603120,0.00457594
4404,0.02878299,0.00556109
4405,0.03086694,-0.00025109
4406,0.03869664,0.00277505
4407,0.04045818,-0.00313576
4408,0.03551730,-0.00293571
4409,0.03094134,-0.00779944
4410,0.03145562,0.01023087
4411,0.03115410,0.00526340
4412,0.03038599,-0.00024042
4413,0.05328114,-0.01594441
4414,0.03857304,0.00251655
4415,0.03613506,-0.00376913
4416,0.02575734,0.00014705
4417,0.03075065,0.00820666
4418,0.02489926,0.00126865
4419,0.03045383,0.00752443
4420,0.03661539,0.00894615
4421,0.02752233,0.00560462
4422,0.04184722,-0.00117822
4423,0.02737171,0.01038961
4424,0.02948680,-0.00824980
4425,0.01944525,0.02008591
4426,0.03357291,0.00390952
4427,0.04735416,-0.00573040
4428,0.02751082,0.00397031
4429,0.03493171,-0.00582050
4430,0.03354428,0.00100482
4431,0.01203894,0.01339553
4432,0.03672785,-0.00715928
4433,0.01412589,0.00801657
4434,0.01372802,0.00755618
4435,0.03465121,0.00267120
4436,0.03194134,0.00500778
4437,0.03272113,-0.00465535
4438,0.01700159,0.00710291
4439,0.03998114,-0.00641114
4440,0.03021947,0.00304509
4441,0.02383740,0.00104407
4442,0.02622903,0.00269530
4443,0.02767831,0.00588332
4444,0.03655044,0.00301352
4445,0.02890089,0.00165676
4446,0.03025050,0.00351064
4447,0.01837692,0.01405745
4448,0.04248918,-0.00118846
4449,0.01601399,0.01783405
4450,0.04191113,-0.00914139
4451,0.03754436,-0.00353974
4452,0.02248602,0.00982098
4453,0.02556189,0.01235275
4454,0.02014822,0.00798947
4455,0.02442373,-0.00400484
4456,0.03486392,-0.00135044
4457,0.03015065,0.00993226
4458,0.01859479,0.01385861
4459,0.02483122,0.01169175
4460,0.03927010,0.00058647
4461,0.02890102,0.00360836
4462,0.01965586,0.00704780
4463,0.02432804,0.01157108
4464,0.04331209,-0.01061869
4465,0.02767730,0.00960804
4466,0.02509163,-0.00208402
4467,0.03116452,0.00523854
4468,0.03126972,0.00026732
4469,0.04046884,-0.00730407
4470,0.02106999,0.00544056
4471,0.02819806,0.00597625
4472,0.02540039,0.00618646
4473,0.03647815,0.00699797
4474,0.03005641,-0.00282486
4475,0.02398097,0.01004191
4476,0.02359826,0.00958622
4477,0.02513372,0.00903479
4478,0.03182623,0.00390820
4479,0.02410181,0.00726826
4480,0.02247799,0.00826981
4481,0.03187491,0.00174458
4482,0.01327771,0.01215176
4483,0.03691573,0.01001676
4484,0.02136014,0.01312434
4485,0.03182549,0.00310657
4486,0.01924372,0.01021664
4487,0.02786400,-0.00225006
4488,0.02333119,0.00269608
4489,0.02614430,0.00584082
4490,0.02912035,0.00114677
4491,0.01720773,0.01099621
4492,0.03540697,-0.00043884
4493,0.03728506,0.00390081
4494,0.02182739,0.00096883
4495,0.03882557,-0.00389306
4496,0.03605860,-0.00249718
4497,0.02654795,0.00309224
4498,0.02344226,0.01312526
4499,0.04835453,-0.01555039
4500,0.02597432,0.00560517
4501,0.03645743,0.00591011
4502,0.03589787,-0.00294373
4503,0.02705441,0.01249547
4504,0.01939071,0.01818867
4505,0.04212997,-0.00498874
4506,0.03067436,0.00282428
4507,0.01323195,0.01873903
4508,0.03606108,0.00367555
4509,0.03161386,-0.00614861
4510,0.02145735,0.00968311
4511,0.01682466,0.01694258
4512,0.01819101,0.01411446
4513,0.03131751,-0.00325592
4514,0.03160096,0.00710035
4515,0.02969653,0.00862501
4516,0.03516316,0.00264268
4517,0.03299593,-0.00166846
4518,0.01536558,0.01277548
4519,0.03924116,0.00073506
4520,0.01849746,0.01509774
4521,0.03009404,0.00292793
4522,0.03325004,0.00705681
4523,0.02374292,0.01446251
4524,0.03669793,0.00038991
4525,0.02619794,-0.00493322
4526,0.01225674,0.02661174
4527,0.03622686,0.00447303
4528,0.03962630,-0.01157859
4529,0.04239149,-0.00553657
4530,0.03271143,-0.00754621
4531,0.02010650,0.00887792
4532,0.03058401,-0.00034735
4533,0.02384214,0.00580360
4534,0.03530690,-0.00358277
4535,0.03658390,-0.00611381
4536,0.01835156,0.01440259
4537,0.01301736,0.01054236
4538,0.02244740,0.01235876
4539,0.02901677,0.00841039
4540,0.03662359,-0.00389450
4541,0.03957954,-0.00814983
4542,0.01790308,0.01129721
4543,0.04375089,-0.00125856
4544,0.02481493,0.01411507
4545,0.01853185,0.00547190
4546,0.03196756,-0.00051962
4547,0.02578650,-0.00053766
4548,0.03442880,-0.00404912
4549,0.03433993,0.00063159
4550,0.02439068,0.01529117
4551,0.01862009,0.00611015
4552,0.02716635,-0.00778436
4553,0.00804678,0.02245970
4554,0.03000010,0.00451277
4555,0.02829879,-0.00553846
4556,0.04523298,-0.01027812
4557,0.03515493,0.01028038
4558,0.02416053,0.01083309
4559,0.02846587,0.01124240
4560,0.02530848,0.01180381
4561,0.03307700,0.00066571
4562,0.02190597,0.00780612
4563,0.02009286,0.00892517
4564,0.02263029,0.00507982
4565,0.03718307,0.00997171
4566,0.03351609,0.00443616
4567,0.02762310,0.00626373
4568,0.04819692,-0.01670222
4569,0.02843541,0.01080396
4570,0.02027554,0.01053366
4571,0.03394499,0.00307187
4572,0.04175515,-0.00290035
4573,0.03099103,-0.00250143
4574,0.02311309,0.00577569
4575,0.03653096,-0.00174233
4576,0.01533924,0.01502047
4577,0.03137603,-0.00221674
4578,0.03031507,-0.00416440
4579,0.04334674,-0.00587073
4580,0.01623073,0.01474432
4581,0.03127600,0.00392510
4582,0.04471604,-0.01251192
4583,0.03486823,-0.00570753
4584,0.03451559,-0.00324268
4585,0.03697991,0.00158172
4586,0.02866819,0.00589952
4587,0.03976164,-0.00584657
4588,0.03226038,0.00288128
4589,0.01579731,0.00544796
4590,0.02086123,0.01225583
4591,0.02701858,0.00284500
4592,0.02778182,0.00587585
4593,0.03172414,-0.00159248
4594,0.03747600,-0.00298631
4595,0.01796796,0.01253809
4596,0.01325879,0.01455164
4597,0.04230857,-0.00621860
4598,0.02501741,0.01596789
4599,0.01317555,0.00555003
4600,0.04213119,-0.00251561
4601,0.03319450,-0.00267629
4602,0.03452010,-0.00129940
4603,0.02816158,0.00761426
4604,0.01711705,0.00937873
4605,0.02314166,0.00949125
4606,0.03466056,-0.00031321
4607,0.03995908,0.00387763
4608,0.02983151,-0.00442590
4609,0.02484179,0.00794587
4610,0.04553453,-0.00957223
4611,0.04334614,-0.01184403
4612,0.03174504,-0.00065150
4613,0.02989878,0.00311190
4614,0.02527205,0.01094637
4615,0.02116260,0.02253775
4616,0.03130840,-0.00444981
4617,0.02458350,0.00627228
4618,0.02192198,0.00790029
4619,0.03062136,0.00077079
4620,0.04215395,0.00056170
4621,0.03285919,-0.00121413
4622,0.03847940,-0.00621656
4623,0.01560710,0.01239455
4624,0.04448423,-0.00174251
4625,0.01851468,0.01522187
4626,0.03453543,-0.00003930
4627,0.05190933,-0.01076538
4628,0.02384594,0.00524487
4629,0.03460034,-0.00103116
4630,0.03805898,-0.00096710
4631,0.03291624,-0.00712309
4632,0.03070487,0.00320556
4633,0.02907775,0.00556020
4634,0.01960536,0.00888980
4635,0.02973469,0.00585815
4636,0.03610765,-0.00910943
4637,0.03042907,0.01019582
4638,0.03829051,-0.00150175
4639,0.01896742,0.01334408
4640,0.02549241,0.00262855
4641,0.02055714,0.00221255
4642,0.02752926,0.00285891
4643,0.03359288,0.00604733
4644,0.02944547,0.00783662
4645,0.03255698,-0.00409236
4646,0.01720806,0.00501144
4647,0.02316070,0.00637890
4648,0.03012413,0.01255590
4649,0.02645832,0.00437062
4650,0.02788545,0.00192353
4651,0.02224898,0.01251781
4652,0.03709743,-0.00231302
4653,0.03857448,-0.00318257
4654,0.02577111,0.01432689
4655,0.02640197,0.00664657
4656,0.02473734,0.00685577
4657,0.03829552,-0.00328325
4658,0.03270313,-0.00375013
4659,0.01815792,0.00770410
4660,0.01915752,0.00496259
4661,0.01562703,0.00954425
4662,0.02409885,0.00650487
4663,0.03292462,0.00762835
4664,0.02492972,0.01339850
4665,0.03585782,0.00603096
4666,0.02939495,0.00620573
4667,0.03637723,-0.00402139
4668,0.02862939,0.00854728
4669,0.03673305,0.00663843
4670,0.02775884,0.00610542
4671,0.02143298,0.00134199
4672,0.02983767,-0.00019958
4673,0.03075347,0.00411238
4674,0.02417936,0.00103620
4675,0.02862560,0.01302313
4676,0.03922452,-0.00872573
4677,0.02343539,0.00935020
4678,0.03589584,-0.00955900
4679,0.02887070,0.00099285
4680,0.04130415,-0.00776052
4681,0.03614175,-0.00006473
4682,0.02802383,0.00475600
4683,0.03472653,-0.00498401
4684,0.03601871,0.00262142
4685,0.01675537,0.00907932
4686,0.03615607,0.00364775
4687,0.02311123,0.00598785
4688,0.04305027,-0.00534959
4689,0.03081765,0.00467572
4690,0.02098486,0.01432367
4691,0.01204807,0.01114079
4692,0.01735456,0.00942266
4693,0.03343006,0.00299468
4694,0.03913182,0.00398757
4695,0.01685620,0.00816865
4696,0.03012896,0.00385542
4697,0.01633708,0.01850716
4698,0.03654024,-0.00297483
4699,0.03834933,-0.00332865
4700,0.02963707,0.00777822
4701,0.03393744,0.00794374
4702,0.03324509,-0.00277528
4703,0.02362757,0.00480880
4704,0.04522760,-0.01078201
4705,0.04048281,-0.00335750
4706,0.02927802,0.00413692
4707,0.03111672,-0.00340515
4708,0.01245630,0.01611292
4709,0.02618191,0.00512745
4710,0.01379802,0.00569481
4711,0.04374107,-0.00137534
4712,0.01959047,0.00769511
4713,0.02451248,0.00572387
4714,0.03504960,0.00159197
4715,0.02625478,0.01000405
4716,0.02677306,0.00668777
4717,0.00790684,0.02094538
4718,0.03245457,0.00091599
4719,0.03676327,-0.00014246
4720,0.02947428,-0.00429782
4721,0.02310329,0.00426612
4722,0.03136536,0.00236454
4723,0.04450474,-0.00800988
4724,0.02352856,0.00041484
4725,0.02590236,0.00300290
4726,0.02761109,0.00789612
4727,0.04240102,-0.00400485
4728,0.03601665,-0.00182995
4729,0.04309288,-0.00905906
4730,0.03195513,0.00401313
4731,0.01933590,0.01188751
4732,0.02036665,0.01689853
4733,0.02886862,0.00821906
4734,0.03937999,-0.00563172
4735,0.02623806,0.00824509
4736,0.04108376,-0.00609950
4737,0.02876118,0.00548277
4738,0.02994302,0.00629535
4739,0.04161367,-0.00061112
4740,0.03647746,-0.00246391
4741,0.02368052,0.01059021
4742,0.03303668,-0.00052541
4743,0.02876639,0.01001865
4744,0.01939062,0.00868522
4745,0.02301403,0.00560602
4746,0.03753750,-0.00469290
4747,0.03987715,-0.00791342
4748,0.01848537,0.00656853
4749,0.03272675,-0.00155789
4750,0.03245898,-0.00401819
4751,0.02714907,0.01103264
4752,0.02626811,0.00563314
4753,0.02893230,0.00346527
4754,0.02436197,0.00330806
4755,0.03785164,-0.00857439
4756,0.04113272,-0.00695040
4757,0.04139693,-0.00393051
4758,0.01861297,0.00814948
4759,0.03872656,-0.00463516
4760,0.02276731,0.01783850
4761,0.01079038,0.02477130
4762,0.02739804,-0.00276826
4763,0.03370453,0.00564953
4764,0.02133107,0.01108402
4765,0.02631042,0.01038607
4766,0.02953380,0.00278868
4767,0.03260364,-0.00250368
4768,0.03559425,-0.00465401
4769,0.03228592,-0.00216195
4770,0.02546221,0.00393279
4771,0.03097877,-0.00345826
4772,0.02134140,0.00638352
4773,0.03884001,-0.00122185
4774,0.04774559,-0.01457150
4775,0.02360658,0.00865108
4776,0.03266510,0.00583588
4777,0.02583026,0.00259819
4778,0.03706820,0.00148127
4779,0.02879376,0.00383828
4780,0.02988284,-0.00551436
4781,0.01934273,0.00911169
4782,0.03602778,-0.00352357
4783,0.01923283,0.01144413
4784,0.03010965,0.00219602
4785,0.03400340,0.00103565
4786,0.02866916,0.00140912
4787,0.03681729,0.00279917
4788,0.03366428,0.00431210
4789,0.03447068,-0.00526133
4790,0.03088561,-0.00540311
4791,0.02165218,0.00201121
4792,0.03883783,0.01016370
4793,0.02493586,0.00422885
4794,0.02529876,0.00431381
4795,0.02525919,0.00839550
4796,0.03177302,-0.00110151
4797,0.02506840,0.00849788
4798,0.02929869,-0.00334482
4799,0.03823051,-0.01375522
4800,0.03543725,0.00194771
4801,0.02212335,-0.00225855
4802,0.03814994,-0.00376167
4803,0.03129170,-0.00291981
4804,0.03925078,-0.00418829
4805,0.02968445,-0.00754448
4806,0.03775615,-0.00530048
4807,0.03085281,-0.00137803
4808,0.01741154,0.01134122
4809,0.02896551,0.00067431
4810,0.02687565,-0.00135439
4811,0.03362270,0.00193518
4812,0.02102975,0.00771457
4813,0.03316675,-0.00024563
4814,0.04551959,-0.02067419
4815,0.02370003,0.00854736
4816,0.03114395,0.00249179
4817,0.03362252,0.00301341
4818,0.02952656,0.00356881
4819,0.02667149,0.00331619
4820,0.02387009,0.01585894
4821,0.04053111,-0.00105233
4822,0.02850343,-0.00321354
4823,0.02171250,0.01222549
4824,0.02492379,0.00117105
4825,0.02620898,0.00184082
4826,0.03156673,-0.00536845
4827,0.02072138,0.01186375
4828,0.02722725,-0.00274721
4829,0.02376925,0.00532273
4830,0.03152563,0.00171300
4831,0.02575225,-0.00677443
4832,0.02273319,0.01051176
4833,0.02297507,0.01500288
4834,0.03556299,-0.00784737
4835,0.01073564,0.01561994
4836,0.02443600,0.00466482
4837,0.02764332,0.00142325
4838,0.02604363,0.00310419
4839,0.01842731,-0.00198843
4840,0.03557807,-0.00225466
4841,0.03157548,-0.00718240
4842,0.03032806,0.00786972
4843,0.04030522,0.00014729
4844,0.03188593,0.00329692
4845,0.01934290,0.02215286
4846,0.03477298,0.00266534
4847,0.03101574,-0.00282081
4848,0.02678729,0.00323638
4849,0.03147600,0.00260163
4850,0.02964255,0.00009168
4851,0.01993318,0.00861700
4852,0.03442300,0.01149636
4853,0.04054924,-0.00728672
4854,0.04126266,-0.01035765
4855,0.03805529,-0.00546401
4856,0.03832545,0.00102712
4857,0.03284623,0.00140873
4858,0.03312849,0.00311981
4859,0.01802660,0.01203766
4860,0.02659889,0.00318140
4861,0.01835425,0.01904006
4862,0.04473723,-0.00575471
4863,0.03551924,0.00145384
4864,0.04291661,-0.00734313
4865,0.02555107,0.01160994
4866,0.03139771,0.00429515
4867,0.03376996,-0.00525486
4868,0.03712677,-0.00401074
4869,0.03032847,0.00440407
4870,0.02425939,0.00280060
4871,0.03697580,-0.00451430
4872,0.04634581,0.00481218
4873,0.04070556,-0.01310622
4874,0.03223196,-0.00052240
4875,0.02570742,0.00170726
4876,0.02677118,-0.00067448
4877,0.02627665,0.01003122
4878,0.03152941,-0.00250149
4879,0.03742975,0.00179362
4880,0.02540085,0.01013505
4881,0.02891754,0.00788049
4882,0.02512114,-0.00309768
4883,0.02833592,0.00497576
4884,0.03845025,-0.00364910
4885,0.02926961,0.00185941
4886,0.03914651,-0.00232263
4887,0.03760581,0.00094999
4888,0.02272949,0.01178587
4889,0.03330704,-0.00537904
4890,0.02799210,0.00060956
4891,0.01912875,0.01462852
4892,0.02735552,0.00258495
4893,0.03057915,-0.00115723
4894,0.02580993,-0.00000673
4895,0.02635282,0.00923725
4896,0.02866672,0.00436681
4897,0.02410186,0.00668428
4898,0.04135079,-0.00987272
4899,0.03062199,0.00266082
4900,0.02005649,0.01074150
4901,0.01598777,0.00704631
4902,0.03336822,-0.00688713
4903,0.02201780,0.00841634
4904,0.02286603,0.00785529
4905,0.02812948,-0.00031418
4906,0.01054205,0.01969409
4907,0.03008983,0.00170773
4908,0.02820878,-0.00053592
4909,0.03214686,0.00262235
4910,0.04141898,0.00613011
4911,0.01963160,0.01294790
4912,0.02103380,0.01267339
4913,0.03580450,0.00311280
4914,0.02629889,0.00015218
4915,0.03309877,0.00649863
4916,0.02445037,0.00380479
4917,0.03314296,0.00131997
4918,0.04502821,-0.00495089
4919,0.03541104,-0.00289784
4920,0.03447963,0.00771702
4921,0.03422870,-0.00485721
4922,0.03449302,0.00739630
4923,0.02291287,0.00733209
4924,0.02692620,0.00777444
4925,0.02900132,0.00654562
4926,0.02642193,0.00893439
4927,0.02427844,0.00677338
4928,0.03477549,0.00533365
4929,0.03456051,-0.00001434
4930,0.03621469,0.00384625
4931,0.02676228,0.00719069
4932,0.03025352,0.01176491
4933,0.02433305,0.00270585
4934,0.03309519,0.00023091
4935,0.03082106,-0.00237805
4936,0.03516185,-0.01159924
4937,0.03058280,0.00189812
4938,0.03295145,-0.00395349
4939,0.03469520,-0.00324170
4940,0.03806459,-0.00268694
4941,0.03834193,-0.00081414
4942,0.02379046,0.02190608
4943,0.03477146,0.00033928
4944,0.01341066,0.01376101
4945,0.02664975,0.00228173
4946,0.03343009,-0.00417840
4947,0.04459890,-0.01371764
4948,0.02494741,0.00320082
4949,0.03306930,-0.00031741
4950,0.01461771,0.01319229
4951,0.02697110,0.00988368
4952,0.02323822,0.01259735
4953,0.01381113,0.01677479
4954,0.02144065,0.01237329
4955,0.04016984,-0.00323425
4956,0.02106235,0.01026033
4957,0.02183108,0.00908021
4958,0.02588629,0.01222194
4959,0.03826294,-0.00211006
4960,0.03137021,0.00356579
4961,0.02760478,-0.00077214
4962,0.02180763,0.01767116
4963,0.03229553,0.01342928
4964,0.03561382,-0.00200326
4965,0.03342655,0.00842977
4966,0.03886015,0.00442787
4967,0.02897216,0.00686970
4968,0.02650384,0.00388269
4969,0.01971908,0.01080070
4970,0.03118333,0.01439700
4971,0.03629510,-0.00751126
4972,0.03050008,0.00192602
4973,0.03550414,0.00784129
4974,0.02545067,0.00690460
4975,0.03098167,0.00664912
4976,0.02939496,0.00334921
4977,0.03127438,0.00854725
4978,0.04403464,-0.01039511
4979,0.03956567,-0.00573026
4980,0.03598799,0.00434877
4981,0.03877974,-0.00200854
4982,0.02826010,-0.00619547
4983,0.03291068,0.00073802
4984,0.02720695,0.00584229
4985,0.03700027,-0.00966934
4986,0.03208743,0.00054048
4987,0.01966474,0.00564812
4988,0.04536032,-0.01140614
4989,0.04302165,-0.00370770
4990,0.03199609,-0.00332254
4991,0.02233356,0.00523160
4992,0.03288509,-0.00054686
4993,0.03153692,0.00133395
4994,0.04025055,0.00238722
4995,0.02058758,0.00861986
4996,0.02311153,0.00978040
4997,0.02663451,0.00849870
4998,0.03036177,0.00814462
4999,0.02695404,0.00693823
5000,0.02178656,0.00442572
5001,0.02971714,0.01249929
5002,0.02555459,0.00574587
5003,0.04151940,-0.01067310
5004,0.02541575,0.00327089
5005,0.03441807,0.00199905
5006,0.03855564,-0.00199504
5007,0.02615758,0.01421796
5008,0.02278737,0.01239054
5009,0.02411590,0.01322252
5010,0.02850324,0.00743969
5011,0.03312070,-0.00721794
5012,0.02815746,0.00630012
5013,0.02400383,0.01155913
5014,0.02519125,0.01108843
5015,0.02290166,0.00521189
5016,0.02715502,-0.00486531
5017,0.02985293,0.00828593
5018,0.03266140,0.00409382
5019,0.02798964,0.00151158
5020,0.02059591,0.00679816
5021,0.03541668,-0.00742339
5022,0.02771537,0.00198076
5023,0.03058483,0.00690596
5024,0.02932015,0.00084216
5025,0.03028530,-0.00203558
5026,0.03703596,-0.00534452
5027,0.02878868,0.00766881
5028,0.02967469,0.00872163
5029,0.02337816,0.01132136
5030,0.04047847,-0.00163863
5031,0.02712411,0.00136312
5032,0.03963458,0.00161461
5033,0.03442369,0.00096272
5034,0.02690855,0.00901530
5035,0.02256367,0.00457138
5036,0.02798820,0.00462637
5037,0.02816160,-0.00414601
5038,0.03862039,-0.00171604
5039,0.03375654,-0.00422539
5040,0.02563120,0.01439107
5041,0.03382867,-0.00512003
5042,0.03522514,-0.00105530
5043,0.04162140,0.00008722
5044,0.02967536,0.00617769
5045,0.03602163,-0.00637464
5046,0.03576466,0.00328767
5047,0.02894832,0.00630284
5048,0.01482115,0.00873126
5049,0.04759669,-0.00643096
5050,0.03153753,0.00379220
5051,0.03227608,0.00385148
5052,0.03336235,0.00442767
5053,0.02828341,0.00028429
5054,0.01921139,0.01110289
5055,0.03002061,-0.00063448
5056,0.03080693,0.00924296
5057,0.03421212,-0.00172181
5058,0.02865780,-0.00107466
5059,0.01593016,0.01146220
5060,0.02363177,0.00642634
5061,0.03314251,0.00964614
5062,0.02362563,0.00665428
5063,0.03595939,0.00963035
5064,0.03833360,0.00451497
5065,0.03285981,-0.00127455
5066,0.03700755,-0.01091282
5067,0.02690936,0.00821483
5068,0.04469759,-0.00800703
5069,0.01796574,0.01202528
5070,0.02807344,0.00920187
5071,0.02786776,0.01332163
5072,0.01120166,0.01705780
5073,0.01426789,0.01877154
5074,0.02569256,0.01990081
5075,0.02981813,0.00494540
5076,0.02710970,0.00740572
5077,0.02378726,0.00524579
5078,0.02887375,0.00026165
5079,0.03537102,-0.00642871
5080,0.02805811,0.00068341
5081,0.01877228,0.01636838
5082,0.03605576,-0.00151373
5083,0.02605605,0.01334703
5084,0.01492499,0.01623580
5085,0.03867458,-0.00618329
5086,0.03169244,-0.00431271
5087,0.03642490,0.00874077
5088,0.01987783,0.02281540
5089,0.02978068,0.00690913
5090,0.02959186,0.01352509
5091,0.03965005,-0.00439182
5092,0.02164900,0.00111201
5093,0.01616986,0.01314076
5094,0.02037324,0.00293020
5095,0.02347632,0.00624897
5096,0.02896914,-0.00694769
5097,0.01658368,0.01047574
5098,0.03809568,0.00183201
5099,0.02569153,0.00591084
5100,0.01804090,0.01424343
5101,0.02866587,0.01431866
5102,0.02792913,0.00127497
5103,0.02706180,-0.00014304
5104,0.03944383,-0.00956611
5105,0.02155403,0.00551054
5106,0.03897380,-0.00362859
5107,0.03315421,0.00646337
5108,0.02854325,0.00935577
5109,0.03610228,0.00049562
5110,0.02640339,0.00321008
5111,0.02240568,0.01408125
5112,0.01499606,0.01535938
5113,0.01230041,0.01558811
5114,0.03355722,-0.00541019
5115,0.04671309,-0.00745920
5116,0.03730314,-0.00627558
5117,0.03573605,-0.00486803
5118,0.02069123,0.00789171
5119,0.02665563,0.00401177
5120,0.03059571,0.00310509
5121,0.03428946,0.00663944
5122,0.01651098,0.01540014
5123,0.01899136,0.01267618
5124,0.03353978,0.00469447
5125,0.04100112,-0.00460756
5126,0.02341372,0.00542208
5127,0.02155083,0.00622392
5128,0.02560616,0.00136645
5129,0.02517684,0.00234996
5130,0.03283556,-0.00981292
5131,0.03493558,0.00028137
5132,0.03328841,0.00575146
5133,0.03464900,0.00224955
5134,0.02484436,0.00804782
5135,0.02570760,0.00928004
5136,0.02819975,-0.00556240
5137,0.01719837,0.01356283
5138,0.03246379,-0.00248472
5139,0.02623296,0.00703177
5140,0.01867825,0.00869584
5141,0.02336949,0.01548303
5142,0.02130873,0.00930142
5143,0.03565460,-0.00432331
5144,0.03348412,0.00593955
5145,0.01663738,0.01253579
5146,0.02247934,0.00957323
5147,0.02958178,-0.00166212
5148,0.02750523,0.00393988
5149,0.02930729,0.00336729
5150,0.02735533,0.00503610
5151,0.02708031,0.00565922
5152,0.01433962,0.01443881
5153,0.03777911,-0.00178501
5154,0.04654458,-0.00282789
5155,0.02679314,0.00588827
5156,0.02684802,0.00063711
5157,0.03834944,-0.00206842
5158,0.03382075,-0.00437251
5159,0.01381463,0.01384494
5160,0.02397983,0.00734326
5161,0.02526334,0.00723981
5162,0.02931793,0.00834951
5163,0.05078066,-0.01340797
5164,0.03330574,-0.00642739
5165,0.03543024,0.00329670
5166,0.02324474,0.00030836
5167,0.03492804,0.00161922
5168,0.02203595,0.01908090
5169,0.02710681,0.00069463
5170,0.02101442,0.00565559
5171,0.02131880,0.00678105
5172,0.01748321,0.01116512
5173,0.03574643,-0.00831992
5174,0.03014593,0.00304506
5175,0.02788392,0.00253998
5176,0.02315592,0.00270204
5177,0.03462296,-0.00501579
5178,0.01467311,0.01134344
5179,0.03788119,0.00373835
5180,0.02870006,0.01818284
5181,0.03414188,0.00368033
5182,0.03228376,0.00082533
5183,0.02330091,0.00107442
5184,0.02555145,0.00429070
5185,0.03284180,0.00916629
5186,0.02406990,0.00637108
5187,0.04061734,-0.00316055
5188,0.03299305,-0.00679170
5189,0.03091331,0.00620745
5190,0.03179663,0.00622921
5191,0.02143326,0.00953299
5192,0.02875569,0.01075632
5193,0.01707747,0.00968112
5194,0.04450130,0.00093525
5195,0.03246598,0.00555827
5196,0.02294700,0.00857823
5197,0.03436604,-0.00862878
5198,0.02222838,0.00232232
5199,0.02965008,0.00334783
5200,0.02839706,0.00265410
5201,0.03388835,-0.00586994
5202,0.02082293,0.01784101
5203,0.03916250,0.00037719
5204,0.03374029,0.00201823
5205,0.03259427,0.00251725
5206,0.02565466,0.00709054
5207,0.03235569,-0.00135970
5208,0.03321102,0.00283882
5209,0.04594505,-0.00404698
5210,0.03588887,0.00028996
5211,0.03278200,-0.00424559
5212,0.02190662,0.01068085
5213,0.03213227,-0.00206264
5214,0.03255768,-0.00813575
5215,0.04119016,-0.00275624
5216,0.03420695,0.00173942
5217,0.03100668,-0.00134211
5218,0.04632649,-0.01120151
5219,0.02652624,0.00413710
5220,0.02208754,0.01177339
5221,0.03735012,-0.00250586
5222,0.02441596,0.01472915
5223,0.03942634,-0.00379275
5224,0.03265213,-0.00238000
5225,0.02827696,0.00534639
5226,0.03718977,-0.00535119
5227,0.02308052,0.00890201
5228,0.02176949,0.00493305
5229,0.03558637,0.00554416
5230,0.02752182,0.00461116
5231,0.02510838,0.01270688
5232,0.04037761,-0.00152242
5233,0.03675204,-0.00645054
5234,0.01367560,0.01929543
5235,0.02677731,0.01189937
5236,0.01857718,0.01136036
5237,0.02672783,0.01312727
5238,0.01451049,0.00947047
5239,0.02503311,0.01144249
5240,0.02732512,0.00357164
5241,0.03695050,0.00014959
5242,0.01774278,0.01269057
5243,0.03458053,0.00687972
5244,0.03610170,-0.00372856
5245,0.02392180,0.01070995
5246,0.02362321,0.00519125
5247,0.03543218,-0.00053872
5248,0.03259774,0.00363931
5249,0.04599671,-0.00821301
5250,0.02377252,0.00400360
5251,0.03952848,0.00081943
5252,0.03762078,-0.00128847
5253,0.01749183,0.01102783
5254,0.03262689,0.00062609
5255,0.02859854,-0.00206903
5256,0.02554884,0.00204671
5257,0.03226730,0.00509186
5258,0.02501282,0.01115276
5259,0.01436766,0.01786509
5260,0.02336848,0.01663792
5261,0.03652939,-0.00226823
5262,0.02402203,0.00093646
5263,0.02962966,-0.00329566
5264,0.03055619,-0.00157622
5265,0.03645584,0.00497934
5266,0.03349975,0.00094263
5267,0.02335098,0.00324322
5268,0.02081576,0.01250411
5269,0.03548251,-0.00443591
5270,0.02777747,0.01161116
5271,0.01876989,0.00168338
5272,0.03274547,-0.00428511
5273,0.03764369,-0.00591485
5274,0.03367688,0.00748288
5275,0.02684570,0.00956439
5276,0.03227915,-0.00435301
5277,0.03716030,-0.00569667
5278,0.02207339,0.00375762
5279,0.02479885,0.00185023
5280,0.03710358,-0.00424094
5281,0.02445502,0.00543693
5282,0.03509645,-0.00250783
5283,0.02096556,0.00307098
5284,0.02631860,0.00378437
5285,0.03031189,0.01256540
5286,0.02358356,0.00629740
5287,0.01819004,0.01802644
5288,0.03660471,0.00066637
5289,0.03688720,-0.00654960
5290,0.03996404,-0.00707049
5291,0.03415987,-0.00388091
5292,0.03758474,0.00160679
5293,0.03125047,0.00295721
5294,0.01826102,0.01260645
5295,0.02012511,0.01333079
5296,0.02850305,0.00670053
5297,0.02929929,0.00729547
5298,0.03207685,0.00930742
5299,0.03189399,0.00336967
5300,0.02001074,0.01127116
5301,0.04499167,-0.00980999
5302,0.03428438,-0.00031492
5303,0.01765340,0.01361822
5304,0.02662737,0.01318162
5305,0.02021414,0.01275558
5306,0.03078807,0.01133800
5307,0.03210172,-0.00465605
5308,0.03063809,0.01219135
5309,0.01898251,0.01184835
5310,0.01731861,0.01030114
5311,0.03318006,0.00191206
5312,0.03796443,-0.00668863
5313,0.03084685,-0.00407903
5314,0.01971116,0.01113072
5315,0.04529980,-0.00703848
5316,0.03665958,0.00232915
5317,0.03195072,-0.00803752
5318,0.02856124,0.00512038
5319,0.01272688,0.01589194
5320,0.02482120,0.00360005
5321,0.03257181,0.00583659
5322,0.01972358,0.01611572
5323,0.02685713,0.00237025
5324,0.01716537,0.00906596
5325,0.03879409,0.00028560
5326,0.01517271,0.01591638
5327,0.03576075,0.00066236
5328,0.02087695,0.02051809
5329,0.02143221,0.00134054
5330,0.02907959,-0.00155436
5331,0.02307836,0.00436920
5332,0.01873860,0.00590868
5333,0.01670802,0.00816567
5334,0.02991484,-0.00472959
5335,0.02583538,0.00943142
5336,0.02948699,0.00827388
5337,0.03101366,0.00294421
5338,0.02753097,0.02032910
5339,0.03192290,0.00544385
5340,0.03421534,0.00380937
5341,0.03921511,-0.00020932
5342,0.02446612,0.00905025
5343,0.03256882,-0.00433123
5344,0.03565620,0.00266216
5345,0.03514276,-0.00279037
5346,0.02412429,0.01679923
5347,0.02361262,0.01185298
5348,0.02560305,0.00783061
5349,0.03569163,0.00444285
5350,0.02571289,0.00855375
5351,0.03011141,0.00657585
5352,0.03382095,0.01225139
5353,0.03715349,-0.00567798
5354,0.01028470,0.02098385
5355,0.02214661,0.01344563
5356,0.03431602,0.00295996
5357,0.02367193,0.00592203
5358,0.04039205,-0.00618465
5359,0.02976228,-0.00205555
5360,0.04037892,-0.00465543
5361,0.01601965,0.00630792
5362,0.02663423,0.01145343
5363,0.02602266,0.00441130
5364,0.02387510,0.00750091
5365,0.01213607,0.02358677
5366,0.05752778,-0.01715586
5367,0.02919915,-0.00089710
5368,0.02041345,0.00112363
5369,0.02350807,0.00343276
5370,0.02378605,0.00942307
5371,0.03530164,0.00987149
5372,0.03811075,-0.01205911
5373,0.04675227,-0.01359503
5374,0.02187825,-0.00096088
5375,0.04081578,-0.00636324
5376,0.02787051,0.00722643
5377,0.03585014,0.00915753
5378,0.02650721,0.00495594
5379,0.03684993,0.00610287
5380,0.01965857,0.01150904
5381,0.03263555,-0.00360843
5382,0.01822468,0.00537606
5383,0.01682096,0.00855887
5384,0.03483072,0.00162663
5385,0.03609903,0.00494601
5386,0.02501752,0.01544405
5387,0.02925598,0.00710868
5388,0.02687452,0.00541153
5389,0.03243268,0.00167614
5390,0.03976621,-0.00232711
5391,0.03787198,-0.00954858
5392,0.02594825,-0.00067771
5393,0.03268846,0.00198577
5394,0.02659001,0.01339902
5395,0.03369063,0.00116098
5396,0.03188633,0.00247959
5397,0.02914744,-0.00062558
5398,0.02977729,0.00724833
5399,0.04351314,-0.00402316
5400,0.03752693,0.00500324
5401,0.03490210,0.00621392
5402,0.04615828,-0.00546573
5403,0.03511312,0.01156853
5404,0.03271185,-0.00034547
5405,0.02043991,0.00627812
5406,0.03189008,0.00185632
5407,0.02605001,-0.00434508
5408,0.03183423,-0.00113821
5409,0.02363913,-0.00174957
5410,0.02286557,0.00874439
5411,0.01877488,0.00809921
5412,0.03163300,0.00397514
5413,0.04322107,-0.00134432
5414,0.02598602,0.00399071
5415,0.01633485,0.01491492
5416,0.02607989,0.00141809
5417,0.03288645,0.00615589
5418,0.04029766,0.00040354
5419,0.02190490,0.01643023
5420,0.02579755,0.00308809
5421,0.04447108,-0.00874937
5422,0.04421063,-0.00819318
5423,0.03946139,0.00136729
5424,0.02120736,0.00737466
5425,0.02997616,0.01206588
5426,0.01875714,0.00906681
5427,0.03618543,0.00569713
5428,0.04143402,-0.00503733
5429,0.02501028,0.00635244
5430,0.01293138,0.00725032
5431,0.03242555,-0.00183721
5432,0.02482400,0.01055094
5433,0.02704028,0.00449500
5434,0.03689861,-0.00082443
5435,0.02144226,0.01736012
5436,0.02271283,0.00889488
5437,0.02739018,0.00804996
5438,0.03912365,-0.00175242
5439,0.04077006,-0.00753869
5440,0.01125190,0.01469817
5441,0.03030287,-0.00863993
5442,0.04018811,-0.00780488
5443,0.02631032,0.00605054
5444,0.00893887,0.01605566
5445,0.01991949,0.01089698
5446,0.03320917,0.00157489
5447,0.04543718,-0.00553186
5448,0.03937089,-0.00004390
5449,0.02931601,0.00007537
5450,0.02411103,0.01028732
5451,0.03355460,-0.00202200
5452,0.03256379,0.00351130
5453,0.03448564,-0.00268164
5454,0.03621129,-0.00129579
5455,0.04694501,-0.00572453
5456,0.02774207,0.00343016
5457,0.02308763,0.00242951
5458,0.02261878,0.00827286
5459,0.03893760,-0.00241272
5460,0.02321880,0.00578576
5461,0.01296735,0.01505919
5462,0.01387363,0.01495729
5463,0.03465213,0.00983023
5464,0.03108727,0.01330490
5465,0.01833234,0.01925885
5466,0.02719074,0.00487618
5467,0.03842102,0.00049326
5468,0.03771483,-0.00497191
5469,0.03759230,-0.00050134
5470,0.02570361,0.00386081
5471,0.03433022,-0.00538861
5472,0.02027662,0.01136569
5473,0.03079434,-0.00254320
5474,0.01943068,0.01604825
5475,0.05232443,-0.00923380
5476,0.03014907,0.00997587
5477,0.02482160,0.00621532
5478,0.01929486,0.00777426
5479,0.03079034,-0.00088300
5480,0.02329563,0.00249328
5481,0.02982574,0.00038727
5482,0.03323628,-0.00185931
5483,0.04391252,0.00183245
5484,0.02887179,0.00409227
5485,0.03612260,-0.00224211
5486,0.03420385,0.00143005
5487,0.03001227,0.00031264
5488,0.03336210,-0.00500244
5489,0.03129311,-0.00528515
5490,0.02129145,0.01188086
5491,0.02584623,0.00201289
5492,0.02000683,0.00343388
5493,0.02641279,0.00404952
5494,0.03899666,0.00252318
5495,0.02141833,0.01444006
5496,0.03216056,-0.00013995
5497,0.02262253,0.00782770
5498,0.02853551,0.00046896
5499,0.02303102,0.01277819
5500,0.03147526,0.00280059
5501,0.03185157,0.00867235
5502,0.04035848,-0.00635194
5503,0.02193192,0.00741580
5504,0.03189692,-0.00466895
5505,0.03927714,0.00155316
5506,0.03497132,0.00331710
5507,0.03320898,0.00113014
5508,0.02671289,0.00045905
5509,0.04492549,-0.00454887
5510,0.04598206,-0.01101051
5511,0.01502805,0.02146056
5512,0.02884356,0.00388642
5513,0.03250887,0.00083910
5514,0.03133657,-0.00634634
5515,0.03587769,-0.00364080
5516,0.03951724,-0.00181817
5517,0.02862667,0.01331534
5518,0.02819098,-0.00192050
5519,0.03209019,-0.00306729
5520,0.02734703,0.00664791
5521,0.03818302,-0.00344742
5522,0.02683981,0.00101629
5523,0.02823000,-0.00401511
5524,0.03062136,-0.00432633
5525,0.03014238,-0.00205501
5526,0.03221368,0.01075661
5527,0.04649523,-0.01068261
5528,0.04711990,-0.00729227
5529,0.02480258,0.01761626
5530,0.02201807,0.00684457
5531,0.02803173,-0.00246742
5532,0.03736338,-0.01026102
5533,0.02973954,0.00353531
5534,0.04400068,-0.01547654
5535,0.02733613,0.00503651
5536,0.02337460,0.00977615
5537,0.03598226,0.00406336
5538,0.03307154,0.00208974
5539,0.03154003,0.00865697
5540,0.02847305,0.00184028
5541,0.03589384,0.00420831
5542,0.02735389,0.01288790
5543,0.03086958,-0.00345640
5544,0.02071581,0.01119510
5545,0.03317312,-0.00448418
5546,0.04080559,-0.00003856
5547,0.03653004,-0.00417094
5548,0.01564570,0.01031152
5549,0.03275500,0.00401691
5550,0.02352605,0.00821443
5551,0.02964329,0.00714519
5552,0.03854893,-0.00322234
5553,0.03132796,0.00528976
5554,0.03762680,-0.00513731
5555,0.03383870,-0.00647717
5556,0.02424884,0.01136067
5557,0.02771262,0.00504465
5558,0.02259027,0.01189178
5559,0.02503133,0.00835087
5560,0.03134874,-0.00024842
5561,0.02004617,0.01790545
5562,0.03152169,0.00524279
5563,0.02786654,-0.00205325
5564,0.03599753,0.00590206
5565,0.02228840,0.01137569
5566,0.02704494,0.00696242
5567,0.03338927,0.00774945
5568,0.03350248,0.01071213
5569,0.01932093,0.00685996
5570,0.02023686,0.00581217
5571,0.02288076,0.01176364
5572,0.03867933,0.00489118
5573,0.03222169,-0.00059696
5574,0.02377531,0.00890205
5575,0.03818829,-0.00878826
5576,0.01954783,0.01224203
5577,0.03572518,0.00097893
5578,0.01827050,0.01092131
5579,0.02410049,0.01466859
5580,0.03509160,-0.00100321
5581,0.03387227,-0.00429140
5582,0.03002747,0.00817623
5583,0.03889213,-0.00801625
5584,0.02768026,0.00786179
5585,0.02732357,0.00708502
5586,0.03124875,0.00458131
5587,0.01905672,0.00795069
5588,0.01215464,0.02390002
5589,0.02559971,0.00431496
5590,0.02876158,0.00139202
5591,0.03054014,0.00634575
5592,0.03719348,0.00204205
5593,0.03508618,0.00615614
5594,0.03885408,-0.00246765
5595,0.03728107,0.00253950
5596,0.02903268,0.00395328
5597,0.03611834,-0.00591685
5598,0.02417566,0.00871283
5599,0.02778814,0.01107198
5600,0.02112146,0.01235831
5601,0.04035348,0.00438049
5602,0.02713984,0.00094913
5603,0.02087358,0.00479246
5604,0.04153119,0.00257651
5605,0.02642974,0.00266812
5606,0.03550824,0.00210086
5607,0.02289448,0.00957201
5608,0.01258900,0.00824361
5609,0.04209294,0.00886986
5610,0.02651936,0.00949075
5611,0.02578986,0.01211526
5612,0.03066594,0.01133049
5613,0.03932425,0.00187619
5614,0.03660650,-0.00361224
5615,0.03410404,-0.00820937
5616,0.02677991,0.00822417
5617,0.02944522,0.00289482
5618,0.02311827,0.00601345
5619,0.02456109,0.00825352
5620,0.03168559,-0.00466719
5621,0.03018054,-0.00410861
5622,0.04132383,-0.00040144
5623,0.03579693,0.00687993
5624,0.01969113,0.01217477
5625,0.02595654,-0.00012259
5626,0.04239501,-0.00837134
5627,0.03596191,-0.00349498
5628,0.03085974,0.01274133
5629,0.02811645,0.00229603
5630,0.03983119,-0.00143522
5631,0.02804640,0.00092506
5632,0.03412002,-0.00560128
5633,0.03750041,-0.00834300
5634,0.02591461,0.00356058
5635,0.03624139,0.00287716
5636,0.02443265,0.01140513
5637,0.03819156,-0.00383692
5638,0.02303862,0.00686040
5639,0.02502089,0.01192146
5640,0.05192845,-0.01070440
5641,0.02799099,-0.00188326
5642,0.03123193,0.00501703
5643,0.01453093,0.01403676
5644,0.04404664,-0.01407964
5645,0.03508975,0.00125709
5646,0.02606105,0.00902223
5647,0.02477300,0.00583079
5648,0.03782475,-0.00273175
5649,0.01910019,0.00820480
5650,0.03353113,0.00432161
5651,0.03232646,0.00210191
5652,0.04767189,-0.01397155
5653,0.02858532,0.00434628
5654,0.02165480,0.00473865
5655,0.03211186,0.00815915
5656,0.03386224,0.00143093
5657,0.03278152,0.00481271
5658,0.02202355,0.00486638
5659,0.01881900,0.00588515
5660,0.01454570,0.00620724
5661,0.03409786,-0.00112901
5662,0.02808219,0.00400444
5663,0.03348869,-0.00532688
5664,0.03001889,0.00199428
5665,0.03262444,0.00291120
5666,0.02597317,0.01456920
5667,0.02530462,0.00217523
5668,0.02973149,-0.00534931
5669,0.02882696,0.00592640
5670,0.03366659,0.00178450
5671,0.02053185,0.00426812
5672,0.01985499,0.01338886
5673,0.04553001,-0.00539272
5674,0.02725440,0.00844271
5675,0.02798377,-0.00284096
5676,0.02814827,0.00564174
5677,0.02968587,-0.00119122
5678,0.04074652,-0.00577844
5679,0.03220693,-0.00878603
5680,0.02749907,0.00288937
5681,0.04501417,0.00148419
5682,0.01400171,0.02939413
5683,0.03526654,0.00390651
5684,0.02583589,0.01030119
5685,0.03897575,-0.00543251
5686,0.03639344,-0.00870755
5687,0.03693602,0.00514207
5688,0.02168786,0.00499611
5689,0.03195501,-0.00526551
5690,0.03087711,0.00096313
5691,0.02657250,0.00261720
5692,0.04246661,0.00495045
5693,0.02968702,0.00827289
5694,0.03422095,0.00943370
5695,0.03638888,-0.00001546
5696,0.03533896,-0.00386119
5697,0.02399076,0.00316095
5698,0.02905345,0.00473504
5699,0.04265538,-0.00482508
5700,0.03365157,0.00580798
5701,0.02618057,0.00039986
5702,0.04808879,-0.00575166
5703,0.05014704,-0.00929342
5704,0.02473506,0.00034073
5705,0.04219471,-0.00005446
5706,0.02455635,0.01420521
5707,0.02117604,0.00714155
5708,0.02012873,0.00912203
5709,0.02208563,0.01048095
5710,0.03380415,0.01540182
5711,0.01751655,0.00650830
5712,0.03541063,0.00647615
5713,0.03602644,0.00170584
5714,0.02794195,0.01053446
5715,0.02901663,0.00751720
5716,0.02722302,0.00200637
5717,0.04442442,-0.01266774
5718,0.04113132,-0.01033843
5719,0.01400662,0.01275679
5720,0.03135356,0.00880185
5721,0.02526856,0.00232835
5722,0.02750695,0.00581488
5723,0.02342672,0.00177973
5724,0.03261077,-0.00561702
5725,0.02249643,0.01517055
5726,0.02793727,-0.00126120
5727,0.03158021,-0.00519007
5728,0.04219733,-0.01162347
5729,0.02860059,0.00573532
5730,0.02831420,0.00075538
5731,0.02802465,0.00924299
5732,0.04026283,-0.00145500
5733,0.02747188,0.00965982
5734,0.04435955,-0.00944851
5735,0.04725909,-0.00160371
5736,0.01490967,0.01134411
5737,0.02056099,0.00227505
5738,0.02496428,0.00154314
5739,0.04098609,0.00242535
5740,0.02390804,0.00099823
5741,0.04111275,-0.00709063
5742,0.02880594,0.01175432
5743,0.03039227,0.00046217
5744,0.01007692,0.01093884
5745,0.03541919,-0.00011073
5746,0.04364680,0.00507444
5747,0.02761333,0.00291811
5748,0.03012143,0.00065910
5749,0.04282661,-0.01012530
5750,0.01551562,0.00804441
5751,0.01556266,0.01017431
5752,0.03546373,-0.00570577
5753,0.03591910,-0.00189914
5754,0.03534634,-0.00338034
5755,0.02372677,0.00627914
5756,0.03922203,0.00260408
5757,0.02910279,0.00601533
5758,0.01633103,0.01286770
5759,0.02920181,0.01380538
5760,0.02276519,0.00929058
5761,0.01826485,0.00930406
5762,0.03293808,-0.00074192
5763,0.03519687,0.00125409
5764,0.02800084,0.00701411
5765,0.03029927,0.00680081
5766,0.03272240,-0.00046001
5767,0.02974668,-0.00503097
5768,0.02821664,0.00265335
5769,0.03619669,0.00270253
5770,0.03288431,0.00007644
5771,0.03048707,0.00531616
5772,0.02238023,0.01368269
5773,0.02081651,0.01568735
5774,0.02127779,0.01195498
5775,0.04213896,-0.00230704
5776,0.02864934,0.00648700
5777,0.03119114,0.01303184
5778,0.02270742,-0.00391740
5779,0.02950933,0.00681241
5780,0.02393645,0.00502890
5781,0.03090856,0.00359211
5782,0.02566763,0.01918584
5783,0.03431307,0.00188886
5784,0.02746486,0.00597360
5785,0.02455070,0.00852435
5786,0.03178275,-0.00500273
5787,0.02474580,0.00740263
5788,0.04266066,-0.00800009
5789,0.03659984,-0.00152324
5790,0.02366876,0.00813433
5791,0.03010870,-0.00129742
5792,0.03856267,-0.00134433
5793,0.02866318,0.00660455
5794,0.02307082,0.01444054
5795,0.04041849,-0.00942699
5796,0.02127536,0.00812769
5797,0.03493965,0.00799055
5798,0.02655576,0.01047327
5799,0.03734416,-0.00435388
5800,0.03108700,-0.00387032
5801,0.03700752,0.00656513
5802,0.02176026,0.00757880
5803,0.04389083,-0.01024156
5804,0.02186149,0.00942261
5805,0.02858073,0.00421530
5806,0.03555638,0.00019475
5807,0.03415482,0.00187119
5808,0.04196341,-0.00007301
5809,0.02518178,0.00534681
5810,0.03176458,-0.00393756
5811,0.02972376,0.00586285
5812,0.01205596,0.01778552
5813,0.04577605,-0.00690573
5814,0.02773280,0.00902691
5815,0.02757152,0.00942591
5816,0.02364839,0.01367922
5817,0.02400658,0.01148509
5818,0.04323908,-0.00389529
5819,0.02590825,0.01026053
5820,0.02710023,0.00126237
5821,0.03452371,-0.00228687
5822,0.01950134,0.01117583
5823,0.02827291,0.01122619
5824,0.03002009,0.00848007
5825,0.04372135,-0.00056416
5826,0.03982087,-0.00679949
5827,0.03439315,-0.00192645
5828,0.02320715,0.01382073
5829,0.03054852,0.00660575
5830,0.02112318,0.01328703
5831,0.02170380,0.00707561
5832,0.02452203,0.00977003
5833,0.02972799,0.00198739
5834,0.01376757,0.02007824
5835,0.03147211,0.00236191
5836,0.02635887,0.01423958
5837,0.02258140,0.00973629
5838,0.02262961,0.00450392
5839,0.02617617,-0.00087821
5840,0.02723346,0.01513515
5841,0.02666782,0.00766833
5842,0.04270573,-0.00551278
5843,0.02499831,0.00645795
5844,0.03554741,-0.00444768
5845,0.01521999,0.00337752
5846,0.02502772,0.01486257
5847,0.02592820,0.00093009
5848,0.04713537,0.00325287
5849,0.01201909,0.01391748
5850,0.02761392,0.01038259
5851,0.03053892,0.00663472
5852,0.01634454,0.00574338
5853,0.02747035,0.00411457
5854,0.01527900,0.01117902
5855,0.02612611,-0.00314831
5856,0.02677482,0.00077701
5857,0.04632712,-0.00339230
5858,0.03398420,-0.00496813
5859,0.03368807,0.00135775
5860,0.02350193,0.00256281
5861,0.02836129,0.00631417
5862,0.01690980,0.00380170
5863,0.02366635,0.00747068
5864,0.02474374,0.00047308
5865,0.03795343,-0.00397201
5866,0.02528821,0.00732268
5867,0.03356331,0.00402846
5868,0.02972107,0.01868351
5869,0.03382032,0.00330798
5870,0.04516382,-0.01446710
5871,0.02522443,-0.00406022
5872,0.03225509,0.00277664
5873,0.02003057,0.01190082
5874,0.03628459,0.00018784
5875,0.03655487,-0.00144273
5876,0.02351646,0.00065542
5877,0.02779763,0.00633138
5878,0.02258632,0.00300008
5879,0.02390570,0.01590088
5880,0.01530132,0.01838185
5881,0.02709990,-0.00022488
5882,0.03155074,-0.00857103
5883,0.02793962,0.00744726
5884,0.02921580,0.00479185
5885,0.02812560,0.00120380
5886,0.02473424,0.00318513
5887,0.03730335,-0.00872562
5888,0.02855143,0.00462455
5889,0.03129310,0.00572579
5890,0.03364593,-0.00603138
5891,0.02535244,0.01447881
5892,0.02866984,0.00558919
5893,0.04097204,0.00180313
5894,0.00309208,0.01871996
5895,0.02477124,0.00121685
5896,0.01949846,0.00968417
5897,0.02987079,-0.00232045
5898,0.04862970,-0.01084059
5899,0.03626114,-0.00209866
5900,0.03468395,-0.00398099
5901,0.03255077,-0.00573087
5902,0.03201904,-0.00206435
5903,0.02312329,0.00264185
5904,0.03626942,0.00584146
5905,0.03456100,-0.00433396
5906,0.02386890,-0.00216316
5907,0.02460133,0.00596056
5908,0.03777225,-0.00369036
5909,0.02684546,0.00894994
5910,0.03153049,0.00006057
5911,0.02694330,0.01291586
5912,0.03290260,0.00102036
5913,0.03530468,-0.00341725
5914,0.02694832,0.00101432
5915,0.02746975,0.00295519
5916,0.03345992,0.00537526
5917,0.02817579,0.00886094
5918,0.03099024,-0.00176462
5919,0.01911821,0.00149271
5920,0.04224436,-0.00858029
5921,0.01871938,0.01108595
5922,0.02929251,0.00507963
5923,0.02966156,-0.00410463
5924,0.04073702,-0.00822416
5925,0.03423642,0.00875765
5926,0.02607702,0.00671178
5927,0.02068362,0.00786962
5928,0.02536894,-0.00220736
5929,0.02534435,0.01406014
5930,0.03944150,-0.00886717
5931,0.02300748,0.01090301
5932,0.02367609,0.01662199
5933,0.02182957,0.00558563
5934,0.02563307,0.00650035
5935,0.04390861,-0.00967802
5936,0.02966797,0.00720841
5937,0.02614536,0.00670894
5938,0.02248222,0.00908787
5939,0.02227561,0.01512476
5940,0.03465148,0.00027446
5941,0.03849232,-0.00677975
5942,0.03931083,-0.00098720
5943,0.04444857,0.00019986
5944,0.03655973,0.00376275
5945,0.02532408,0.00823378
5946,0.03131335,0.00296999
5947,0.02365868,0.01206809
5948,0.03221882,0.00361670
5949,0.02252313,0.00945436
5950,0.04922085,-0.01211149
5951,0.03598386,0.00559111
5952,0.02991612,0.00633043
5953,0.03489103,-0.00094185
5954,0.03749895,-0.00022671
5955,0.01767142,0.00397363
5956,0.03490449,-0.00985931
5957,0.01738121,0.00668737
5958,0.03429365,-0.00265973
5959,0.02772582,-0.00000409
5960,0.03068268,0.00132719
5961,0.03826136,0.00892218
5962,0.03394943,0.00364902
5963,0.03628688,-0.00819546
5964,0.03018983,0.00201513
5965,0.02467343,0.00594042
5966,0.02802233,0.00893107
5967,0.04422130,-0.00616233
5968,0.01877201,0.00552597
5969,0.04216322,-0.01049823
5970,0.03572210,-0.00479650
5971,0.03699067,-0.00866258
5972,0.02985426,0.01689151
5973,0.04058172,-0.00654603
5974,0.03624143,0.00119701
5975,0.02297400,0.01468445
5976,0.04435792,-0.00457929
5977,0.02925069,0.00521803
5978,0.01425871,0.01157182
5979,0.03752317,-0.00330088
5980,0.03733002,-0.00702005
5981,0.02109229,0.01233762
5982,0.02722003,0.00518054
5983,0.03070642,0.00711057
5984,0.03789991,0.00281117
5985,0.01214675,0.02211014
5986,0.03434297,-0.00458994
5987,0.03000969,0.00066182
5988,0.04372212,-0.00481316
5989,0.04284126,-0.00632204
5990,0.02380594,0.00404578
5991,0.02514336,0.01106828
5992,0.03088325,0.00397857
5993,0.03937993,-0.00596980
5994,0.04831380,-0.00325641
5995,0.02139529,0.00379607
5996,0.03461586,-0.00373177
5997,0.04832438,-0.01397067
5998,0.03243535,0.00062041
5999,0.04426857,0.00035790
6000,0.03958443,-0.00498794
6001,0.02505107,0.00395763
6002,0.02827771,0.00775329
6003,0.03767977,-0.00192027
6004,0.01842225,0.00891100
6005,0.01930763,0.00090272
6006,0.02557286,0.01633717
6007,0.02929933,-0.00258127
6008,0.02325513,0.01100349
6009,0.03355282,0.00112150
6010,0.03436593,0.00072010
6011,0.03680327,0.00546499
6012,0.03780307,0.00396036
6013,0.01670626,0.00698568
6014,0.02572165,0.00606816
6015,0.03219380,0.00688642
6016,0.03755407,-0.00290344
6017,0.02906646,0.00702897
6018,0.04803981,-0.00374404
6019,0.02708602,0.00297812
6020,0.02291548,0.00439971
6021,0.02438880,0.01545103
6022,0.03919397,-0.00838206
6023,0.03405985,0.00406073
6024,0.02512139,0.00290924
6025,0.02932460,0.00116288
6026,0.02118355,0.00727757
6027,0.02078014,0.01172942
6028,0.03336994,0.00522380
6029,0.03427737,0.01056679
6030,0.02861785,0.00352196
6031,0.01800751,0.01402646
6032,0.02596003,0.01093424
6033,0.04324114,-0.00598039
6034,0.03605721,-0.00862665
6035,0.03173359,-0.00039626
6036,0.02320752,0.01057995
6037,0.02812098,0.00642769
6038,0.02698179,0.00085874
6039,0.03613521,-0.00305103
6040,0.03726682,0.00164550
6041,0.02492988,0.00580359
6042,0.01248351,0.01998189
6043,0.02777803,0.00353289
6044,0.02069048,0.00660040
6045,0.02737692,0.00122678
6046,0.01512276,0.02479424
6047,0.04134229,-0.01179813
6048,0.02507368,0.01080893
6049,0.02284538,0.00226292
6050,0.03336007,0.01012112
6051,0.04021792,-0.00415714
6052,0.04440297,0.00026405
6053,0.02228567,0.01010011
6054,0.03349476,0.00419156
6055,0.02808574,0.00827380
6056,0.02615383,0.00644003
6057,0.02004161,0.00523318
6058,0.03117913,-0.00368101
6059,0.03190355,0.00195244
6060,0.04187366,-0.00930490
6061,0.04033980,0.00055555
6062,0.04432041,-0.01157858
6063,0.02860369,0.00363578
6064,0.03068347,0.00513685
6065,0.02134690,0.00968070
6066,0.03509412,0.00041900
6067,0.02352663,0.00928195
6068,0.03570078,-0.00187547
6069,0.04341528,-0.00116721
6070,0.04393761,-0.00974921
6071,0.03566395,-0.00286365
6072,0.03375621,-0.00396328
6073,0.02727143,0.00208029
6074,0.02846257,-0.00335052
6075,0.03686860,-0.00419976
6076,0.01894402,0.01164786
6077,0.02881666,0.00094604
6078,0.02436575,0.00549890
6079,0.02997136,0.00007306
6080,0.02540957,0.01242411
6081,0.03612802,-0.00190140
6082,0.02500231,0.01849339
6083,0.03360853,-0.00136841
6084,0.04038834,-0.00954317
6085,0.04172038,-0.00706310
6086,0.03218664,-0.00125511
6087,0.03337489,-0.00454102
6088,0.03547656,0.00172286
6089,0.04013577,-0.00390396
6090,0.03384167,-0.00583473
6091,0.03426626,-0.01073878
6092,0.03866824,-0.00603161
6093,0.02662991,0.00511906
6094,0.03355024,0.00029984
6095,0.02764474,0.00431591
6096,0.03854798,-0.00247600
6097,0.02981360,0.00560019
6098,0.03109897,0.00447240
6099,0.04046588,-0.00175995
6100,0.01135233,0.02128709
6101,0.01210065,0.00999685
6102,0.02237459,0.00291356
6103,0.02747477,-0.00802162
6104,0.03890848,-0.01161233
6105,0.03779792,-0.00635034
6106,0.03157087,-0.00812554
6107,0.03787419,-0.00210012
6108,0.04611039,-0.00527802
6109,0.02360735,0.01865517
6110,0.01490547,0.01093811
6111,0.02871731,0.01242197
6112,0.03170555,0.00430939
6113,0.04283581,-0.00489338
6114,0.02597222,0.00445624
6115,0.02345893,0.01203985
6116,0.03288558,-0.00314037
6117,0.03857000,-0.00355525
6118,0.03728644,0.00210670
6119,0.02549253,0.00450071
6120,0.02967314,0.00681523
6121,0.02162102,0.01586039
6122,0.03150144,0.00203344
6123,0.02608218,-0.00274014
6124,0.03464879,0.00448880
6125,0.03406286,-0.01115256
6126,0.04296194,-0.00535156
6127,0.03627613,0.00365741
6128,0.03671799,-0.00875239
6129,0.03399222,0.00188679
6130,0.03011025,0.00961333
6131,0.03085685,0.00250597
6132,0.03277231,0.00200330
6133,0.02761033,0.01099429
6134,0.03779691,-0.00270488
6135,0.03998142,-0.00304318
6136,0.03090579,0.00238855
6137,0.03360898,0.00244242
6138,0.02922131,0.00085910
6139,0.01667699,0.01300630
6140,0.02558658,-0.00018865
6141,0.02448816,0.00152880
6142,0.02199361,0.00129216
6143,0.03101061,-0.00272145
6144,0.02000889,0.00014398
6145,0.01202994,0.00948767
6146,0.02980030,0.00712718
6147,0.03395276,0.00323076
6148,0.03319759,0.00282238
6149,0.03715604,-0.00594795
6150,0.04161346,-0.00356060
6151,0.01113441,0.00789923
6152,0.02195462,0.00653731
6153,0.03313856,0.00045274
6154,0.02850345,0.00556146
6155,0.03736292,0.00446507
6156,0.03289403,-0.00244254
6157,0.02320843,0.01018387
6158,0.03443885,0.00245287
6159,0.02279822,0.00462601
6160,0.03532542,-0.00454438
6161,0.02415895,0.00937594
6162,0.02687195,0.01426085
6163,0.02863497,0.00355829
6164,0.03063607,0.00792709
6165,0.02043981,0.00866460
6166,0.02513771,0.01458419
6167,0.02492793,0.01060981
6168,0.01689810,0.00243811
6169,0.03740793,-0.00121230
6170,0.03676755,-0.00223866
6171,0.02726551,0.00447969
6172,0.01703853,0.01173333
6173,0.02503200,0.00955657
6174,0.03509561,0.00777220
6175,0.04487886,-0.00563903
6176,0.03422522,0.00230247
6177,0.03391035,-0.00472701
6178,0.01810358,0.00765704
6179,0.03729980,0.00461215
6180,0.03829540,-0.00139181
6181,0.02508660,0.01731130
6182,0.02633308,0.00439280
6183,0.02968243,0.00459665
6184,0.03120093,0.00214060
6185,0.03313624,0.00033606
6186,0.02670666,0.00313350
6187,0.03834897,-0.00033554
6188,0.04059450,-0.00249373
6189,0.02196286,0.01141303
6190,0.02013967,0.00743168
6191,0.02455730,0.00668226
6192,0.03677788,0.00263620
6193,0.03418576,0.00094402
6194,0.02952438,0.00438803
6195,0.03990237,-0.00764283
6196,0.03395376,0.00425233
6197,0.02843417,0.00283180
6198,0.03971675,-0.00856216
6199,0.03714228,-0.00437411
6200,0.04294681,-0.00516338
6201,0.03010610,-0.00350730
6202,0.03828688,0.00350129
6203,0.01798990,0.01505157
6204,0.04188702,0.00542952
6205,0.03383752,-0.00068483
6206,0.02542019,0.01225447
6207,0.03535366,-0.00117580
6208,0.03117582,-0.00068343
6209,0.02788125,0.00508383
6210,0.02460239,0.01191211
6211,0.01833983,0.00576586
6212,0.03271274,0.00406715
6213,0.03658245,0.00113098
6214,0.03038887,-0.00199448
6215,0.03543455,0.00012397
6216,0.02431863,0.00085015
6217,0.01480342,0.02178550
6218,0.02339569,0.01970402
6219,0.03180467,0.00927899
6220,0.03704011,0.01472372
6221,0.03642554,-0.00679496
6222,0.02511239,0.00615636
6223,0.03637058,-0.00039416
6224,0.03265272,0.00601690
6225,0.02589546,0.00029229
6226,0.01679394,0.00804374
6227,0.02784780,0.00177839
6228,0.04615122,-0.01499916
6229,0.03434836,0.00457904
6230,0.03931948,-0.00460866
6231,0.02507986,-0.00158809
6232,0.03126419,-0.00276862
6233,0.02266671,0.00980389
6234,0.03226474,0.00055622
6235,0.04025401,-0.00216847
6236,0.03010155,-0.00232672
6237,0.02258156,0.00131025
6238,0.04382883,-0.00610743
6239,0.03045989,0.00282604
6240,0.02476174,0.00678586
6241,0.01301286,0.01257487
6242,0.02637403,0.00184827
6243,0.02915721,-0.00160577
6244,0.04397465,-0.00290156
6245,0.02896762,0.00002797
6246,0.03995564,0.00022744
6247,0.03104349,0.00265056
6248,0.03762481,-0.00615451
6249,0.02973485,-0.00164873
6250,0.03648698,-0.00276012
6251,0.03429470,-0.00159236
6252,0.02748530,0.00076817
6253,0.01924251,0.01809090
6254,0.03160012,-0.00512264
6255,0.02797762,0.00681247
6256,0.03077230,-0.00157017
6257,0.03448043,0.00249381
6258,0.04320659,-0.00402627
6259,0.03602899,0.00404110
6260,0.02985358,0.00396918
6261,0.03751287,-0.00792230
6262,0.02647169,0.00162390
6263,0.02105278,0.00921045
6264,0.02915614,0.00052428
6265,0.03126296,-0.00466529
6266,0.03064870,0.00785788
6267,0.02750540,0.01619662
6268,0.03522343,-0.00012216
6269,0.03491586,-0.00213362
6270,0.04633614,-0.00490320
6271,0.02818397,0.00351537
6272,0.02670124,0.00731006
6273,0.02042209,0.01299838
6274,0.03144450,0.00378847
6275,0.02299214,0.01246530
6276,0.02539281,0.00273898
6277,0.03613080,-0.00574793
6278,0.02264985,0.01187128
6279,0.04063299,-0.00504758
6280,0.03740796,-0.00389554
6281,0.04295007,-0.00590712
6282,0.03349119,0.00035798
6283,0.02858103,0.00215541
6284,0.02237128,0.01007799
6285,0.03057130,0.00290308
6286,0.03494719,0.00677598
6287,0.03028262,0.00269406
6288,0.02945226,0.00949436
6289,0.01816476,0.00867649
6290,0.02447208,0.00616766
6291,0.04448389,-0.00541110
6292,0.01970507,0.01434544
6293,0.02894294,0.00541074
6294,0.03268424,0.00644853
6295,0.02428204,0.01551875
6296,0.02587899,0.00228409
6297,0.01680401,0.00469500
6298,0.03686718,0.00327601
6299,0.03808667,-0.00109555
6300,0.02754421,0.00907475
6301,0.03576313,-0.00202024
6302,0.04136738,-0.00364557
6303,0.03465773,0.00477645
6304,0.02925078,0.00521171
6305,0.02271621,0.00475840
6306,0.02032944,0.00534607
6307,0.04474576,-0.00689963
6308,0.03163817,0.00244032
6309,0.02687604,-0.00033685
6310,0.03474043,0.00943010
6311,0.02992544,0.00099997
6312,0.03396898,-0.00506136
6313,0.01692915,0.01288173
6314,0.04616843,-0.00848910
6315,0.03087583,-0.00115436
6316,0.04285107,-0.00613477
6317,0.03020673,0.00044881
6318,0.02451086,0.00715917
6319,0.02147727,-0.00167250
6320,0.03131461,0.00201311
6321,0.02739673,0.01781759
6322,0.02760241,0.00679529
6323,0.03017415,0.00695405
6324,0.02706685,0.00206251
6325,0.03462599,-0.01089293
6326,0.02717205,0.01154624
6327,0.02399028,0.00514042
6328,0.03686804,-0.00288030
6329,0.02425452,0.01314012
6330,0.03125189,-0.00055793
6331,0.03598269,0.00066533
6332,0.03377678,0.00671719
6333,0.02589286,0.01223862
6334,0.04512436,-0.01549101
6335,0.03032139,0.00011034
6336,0.02305893,0.00762052
6337,0.03384950,0.00926595
6338,0.02149812,0.00590529
6339,0.01513312,0.01274166
6340,0.02124313,0.01273113
6341,0.02726093,0.00627035
6342,0.03739712,0.00258017
6343,0.02912431,-0.00738694
6344,0.03452873,0.00192584
6345,0.02933332,0.00061568
6346,0.02386523,0.01075407
6347,0.03040632,0.00886702
6348,0.03940025,-0.00710854
6349,0.03436706,0.00373469
6350,0.02374955,0.01266105
6351,0.04058371,-0.00319824
6352,0.02067742,0.00457288
6353,0.03916723,-0.00175574
6354,0.03276382,-0.00529618
6355,0.03265881,0.00574925
6356,0.03555323,-0.00722748
6357,0.02979734,0.00724575
6358,0.04142696,-0.00367954
6359,0.02614451,0.00492860
6360,0.04318537,-0.00334834
6361,0.03602185,0.00537685
6362,0.02234754,0.00513979
6363,0.02876885,0.00528081
6364,0.03814301,0.00532971
6365,0.03427658,-0.00170008
6366,0.02863986,0.00937018
6367,0.03522198,0.00033132
6368,0.02256945,0.00827180
6369,0.03033184,0.00061022
6370,0.03921336,-0.00464547
6371,0.03768452,0.00083737
6372,0.03125067,0.00381920
6373,0.03041478,0.00349761
6374,0.02277230,0.00872242
6375,0.03169251,0.00480966
6376,0.02846697,0.00524553
6377,0.04335709,-0.00562350
6378,0.02857921,0.00812702
6379,0.02340214,0.01564585
6380,0.03827675,-0.00606013
6381,0.04015417,0.00317871
6382,0.03479702,0.00110233
6383,0.02436146,0.00834560
6384,0.03512599,-0.01231627
6385,0.02779623,0.00396986
6386,0.03497691,0.00045222
6387,0.03660031,-0.00663742
6388,0.04269307,-0.00836154
6389,0.01681772,0.00877140
6390,0.02662170,0.00561603
6391,0.03364015,0.00630828
6392,0.03162322,0.00433065
6393,0.01404199,0.01307719
6394,0.02211556,0.01335748
6395,0.02430658,0.00264781
6396,0.01822477,0.00412361
6397,0.03591694,0.00016775
6398,0.04135849,-0.00659327
6399,0.03113924,0.00682016
6400,0.02484934,0.00517383
6401,0.02240445,0.00345139
6402,0.03568364,-0.00766362
6403,0.03238859,-0.00659540
6404,0.03134264,0.00102967
6405,0.02556393,0.00606781
6406,0.02133835,0.00865923
6407,0.02694767,0.00817907
6408,0.02460954,0.00789071
6409,0.02519858,0.01712499
6410,0.03133492,-0.00256407
6411,0.03025505,0.00602240
6412,0.02286600,-0.00215013
6413,0.03656440,-0.00408769
6414,0.03115326,-0.00263650
6415,0.03252981,0.00068302
6416,0.03736623,0.00719733
6417,0.03667346,-0.00577628
6418,0.03522216,0.00391228
6419,0.02783287,0.00773187
6420,0.03667326,0.00094134
6421,0.02020208,0.00763388
6422,0.02782324,0.00323860
6423,0.04063471,-0.00658526
6424,0.02353022,0.00299917
6425,0.02467779,0.00233213
6426,0.02534230,0.00721649
6427,0.03492236,0.00746693
6428,0.02574840,0.00462850
6429,0.03430010,0.00002583
6430,0.02014478,0.00473567
6431,0.02837889,0.00234411
6432,0.02999571,0.00264325
6433,0.04644194,-0.00705979
6434,0.02340265,0.01048439
6435,0.03501764,-0.00078407
6436,0.03105094,0.00780830
6437,0.03544333,0.00742191
6438,0.02041940,0.01106564
6439,0.02696798,0.01155631
6440,0.04542574,-0.00849648
6441,0.02879897,0.01582089
6442,0.01831247,0.01135481
6443,0.03315186,-0.00152219
6444,0.02036114,0.01512569
6445,0.02330500,0.00512548
6446,0.03752459,-0.00483190
6447,0.03907940,0.00218916
6448,0.03597208,-0.00007851
6449,0.02444814,0.01051516
6450,0.02277339,0.00990622
6451,0.01666338,0.01616370
6452,0.02198949,0.01321222
6453,0.03357915,0.00072290
6454,0.02543635,0.00818698
6455,0.03421627,-0.00246898
6456,0.03938756,0.00151221
6457,0.03237650,0.00453064
6458,0.04358767,-0.00267330
6459,0.02838774,0.00384040
6460,0.02440432,0.00316934
6461,0.02899940,-0.00284973
6462,0.03095721,0.00732608
6463,0.02888832,0.00686680
6464,0.03253020,0.00103217
6465,0.01862720,0.02431745
6466,0.03355783,-0.00131977
6467,0.04349202,-0.00094750
6468,0.03158211,0.00445875
6469,0.03102832,0.00270032
6470,0.03485119,-0.00001750
6471,0.02571484,0.00106003
6472,0.01126893,0.01320615
6473,0.04426873,-0.00418779
6474,0.01883357,0.00974073
6475,0.02884845,0.00963801
6476,0.01794786,0.01060961
6477,0.03772190,0.00101836
6478,0.01298139,0.01579268
6479,0.02290921,0.01368063
6480,0.02476398,0.00384695
6481,0.02304324,0.01051904
6482,0.02216958,0.00780942
6483,0.02041472,0.00947684
6484,0.03530615,-0.00266938
6485,0.02442759,0.00628475
6486,0.04294555,-0.00287110
6487,0.01644813,0.00577386
6488,0.02589744,0.00174996
6489,0.03093940,-0.00924878
6490,0.02290546,0.01284034
6491,0.04309728,-0.00782446
6492,0.01949140,0.00268826
6493,0.02565813,0.00385331
6494,0.03094581,0.00201780
6495,0.03494586,-0.00217484
6496,0.04077729,-0.00255533
6497,0.01833218,0.00912613
6498,0.02142552,0.00785642
6499,0.03527299,0.00218076
6500,0.04014944,-0.00888906
6501,0.02777991,0.00304739
6502,0.03073065,0.00374235
6503,0.03030013,0.00236941
6504,0.03301777,-0.00122882
6505,0.01080910,0.02068958
6506,0.03012430,-0.00005785
6507,0.02716971,0.00098870
6508,0.01380861,0.01087492
6509,0.02720136,-0.00210822
6510,0.02698676,0.00194024
6511,0.02649755,0.01019505
6512,0.02148149,0.01587653
6513,0.02293473,0.00178428
6514,0.03325334,-0.00140046
6515,0.01901921,0.00497574
6516,0.02330543,0.01077676
6517,0.02481714,0.00894159
6518,0.02907551,0.01028650
6519,0.02421067,0.00534823
6520,0.02421154,0.00850107
6521,0.01800104,0.01405083
6522,0.02569204,0.00278288
6523,0.02320799,0.00378357
6524,0.03320449,-0.00078914
6525,0.02152083,0.00463256
6526,0.03234592,-0.00552286
6527,0.02927740,0.00291833
6528,0.03020969,0.00372013
6529,0.02507696,0.00079473
6530,0.02600028,0.01052611
6531,0.02646098,0.00294688
6532,0.01935106,0.01811492
6533,0.03135284,-0.00025288
6534,0.02891409,-0.00499599
6535,0.05460561,-0.01227785
6536,0.04303703,-0.00118428
6537,0.02636732,0.00238038
6538,0.02127259,0.01010254
6539,0.03769300,-0.00450072
6540,0.03239401,0.00406973
6541,0.03215739,0.00648338
6542,0.03923117,-0.00844026
6543,0.02387193,0.00604137
6544,0.02171568,0.01619595
6545,0.03095192,0.00967613
6546,0.03970587,-0.00719498
6547,0.03931745,-0.00586452
6548,0.03587307,-0.00322248
6549,0.04086120,-0.00250375
6550,0.02413605,0.00992701
6551,0.03168918,-0.00504198
6552,0.03956804,-0.00429495
6553,0.04598491,-0.00625492
6554,0.03092734,0.00936442
6555,0.00790262,0.01700561
6556,0.03183463,0.00949164
6557,0.03287348,0.00276937
6558,0.03180264,-0.00222573
6559,0.02498844,0.00952671
6560,0.01995853,0.01029009
6561,0.04005478,-0.00232872
6562,-0.00162773,0.03863193
6563,0.02835923,0.00369881
6564,0.02764783,0.00469472
6565,0.02388667,0.00228384
6566,0.02765444,0.00690822
6567,0.04147920,0.00324816
6568,0.02401098,0.00608291
6569,0.02749093,0.00864572
6570,0.02706877,0.00285953
6571,0.02612932,-0.00287074
6572,0.01938112,0.01508041
6573,0.03925260,-0.00753719
6574,0.02691989,0.00390869
6575,-0.00003733,0.02391425
6576,0.02690191,0.00058443
6577,0.03660249,-0.00837003
6578,0.02632907,0.00631390
6579,0.03423795,0.01165493
6580,0.02649531,0.00668200
6581,0.02213288,0.00679393
6582,0.02534089,0.00551685
6583,0.01863843,0.01891896
6584,0.03261726,0.00648389
6585,0.01612499,0.01852846
6586,0.04066055,-0.00929858
6587,0.04102535,-0.00359739
6588,0.03356006,-0.00213264
6589,0.03561005,-0.00211296
6590,0.02390805,0.00890902
6591,0.02462941,-0.00349654
6592,0.03510839,-0.00260039
6593,0.01590335,0.01544732
6594,0.03379128,-0.00126611
6595,0.04257927,-0.00326880
6596,0.02470764,0.00426431
6597,0.01021805,0.01198572
6598,0.02565436,0.00085275
6599,0.02984656,0.00108628
6600,0.02848894,0.00180826
6601,0.02609479,0.00742533
6602,0.03422655,-0.00192362
6603,0.03868369,0.00654611
6604,0.01492572,0.02665969
6605,0.02241911,0.00714085
6606,0.03357690,0.01416295
6607,0.01856136,0.01685719
6608,0.03839545,-0.00314650
6609,0.01963603,0.02178598
6610,0.04871522,-0.00919940
6611,0.02505865,-0.00107013
6612,0.04642052,-0.01279371
6613,0.02552465,0.00872401
6614,0.03069874,-0.00254736
6615,0.02335166,0.00595759
6616,0.03959118,-0.01296356
6617,0.03194654,0.00616936
6618,0.02928530,0.01455196
6619,0.02981158,0.00004573
6620,0.03123878,0.00826775
6621,0.02346445,0.01242039
6622,0.03567824,-0.01022318
6623,0.03527835,-0.00192188
6624,0.02145212,0.01284651
6625,0.01518874,0.02034233
6626,0.02179626,0.00849449
6627,0.04078438,-0.00979214
6628,0.03190942,0.00051115
6629,0.03612264,-0.00449091
6630,0.01862061,0.00975440
6631,0.03635154,0.00431747
6632,0.03383271,-0.00819089
6633,0.03918703,0.00193881
6634,0.03589804,0.00328194
6635,0.02487893,0.00775551
6636,0.02790056,-0.00377574
6637,0.02287009,0.00453013
6638,0.02144725,0.00206180
6639,0.03186218,0.00233188
6640,0.02722207,0.00232249
6641,0.02119666,0.00113505
6642,0.02628924,0.01065939
6643,0.02889515,0.00828376
6644,0.03193700,0.00991045
6645,0.02573471,0.00208922
6646,0.01935868,0.01449703
6647,0.03203957,0.00238371
6648,0.03300812,0.00617660
6649,0.02625237,0.00643972
6650,0.03436247,0.00172634
6651,0.02694022,0.00603528
6652,0.02430360,0.00355303
6653,0.03366532,-0.00379454
6654,0.02703058,0.00229611
6655,0.02753154,0.01014079
6656,0.02979763,-0.00011199
6657,0.02391312,0.00942653
6658,0.02112664,0.01380634
6659,0.03287150,0.00662216
6660,0.02566782,0.00316042
6661,0.03635920,-0.00498819
6662,0.02816548,0.00657604
6663,0.02088356,0.00840116
6664,0.02684094,0.00777159
6665,0.03804086,0.00570466
6666,0.03617313,-0.00088287
6667,0.02934766,0.00645226
6668,0.03561443,0.00140205
6669,0.02516023,-0.00129854
6670,0.03690965,-0.00498380
6671,0.02950829,0.00134524
6672,0.02746671,0.00631432
6673,0.03225352,0.00906540
6674,0.03486484,-0.00153504
6675,0.03676587,-0.00061891
6676,0.02788415,0.00083658
6677,0.03329383,0.00056636
6678,0.02888885,0.00044294
6679,0.01720388,0.01578382
6680,0.02590198,0.00873364
6681,0.01745076,0.01100053
6682,0.02489730,0.00196456
6683,0.02665352,0.00780917
6684,0.02783101,0.01053368
6685,0.03600223,0.00189012
6686,0.02292697,0.00951303
6687,0.01712443,0.01526629
6688,0.03253795,0.00552818
6689,0.01913711,0.00951051
6690,0.02439296,0.00891226
6691,0.03515055,0.00194309
6692,0.03552184,0.00668098
6693,0.03203317,0.01120630
6694,0.02385150,0.00581716
6695,0.00924869,0.01743922
6696,0.03866398,-0.00929339
6697,0.02105413,0.00966518
6698,0.03428536,0.00150584
6699,0.04038169,-0.01098607
6700,0.02105521,0.01148613
6701,0.02951762,0.00427346
6702,0.03107134,0.01252436
6703,0.01765841,0.01738721
6704,0.03211341,0.00726044
6705,0.02801904,0.00947282
6706,0.03489150,-0.00102278
6707,0.02717608,0.00978549
6708,0.02547356,0.00151154
6709,0.02365628,0.00506002
6710,0.02441773,0.00771319
6711,0.03632202,0.00202357
6712,0.02605393,0.00387569
6713,0.02860322,0.00613471
6714,0.03539221,0.00480099
6715,0.04273164,-0.00278185
6716,0.03289799,0.01587901
6717,0.03143924,0.00149984
6718,0.02794225,0.00310478
6719,0.05269272,-0.01395530
6720,0.03523158,-0.00050827
6721,0.02849876,0.00107038
6722,0.04608689,-0.00542658
6723,0.01682136,0.01077344
6724,0.03327328,-0.00039773
6725,0.01920517,0.02163835
6726,0.02500291,0.01356447
6727,0.01863396,0.00230069
6728,0.02954402,0.01321576
6729,0.01757267,0.01207179
6730,0.01734069,0.01811262
6731,0.01788099,0.01196604
6732,0.04042873,0.00158935
6733,0.01966480,0.00840368
6734,0.03498315,-0.00268050
6735,0.03645455,-0.00188143
6736,0.01532512,0.01815069
6737,0.02730805,0.00980896
6738,0.03499533,-0.00645189
6739,0.03604097,0.00298832
6740,0.03838227,-0.00197846
6741,0.03321337,0.00501228
6742,0.03886462,-0.00307156
6743,0.03197454,0.00563540
6744,0.02409655,0.00612863
6745,0.03344676,0.00276297
6746,0.02893797,-0.00314243
6747,0.03670745,-0.00225413
6748,0.03016211,0.00393317
6749,0.03332463,-0.00042187
6750,0.02336257,0.01211228
6751,0.02463976,0.00168240
6752,0.03981617,-0.00209168
6753,0.03459292,-0.00484909
6754,0.03100335,0.00067527
6755,0.03576958,-0.00017693
6756,0.03153927,0.00787787
6757,0.03982405,0.00392568
6758,0.02645211,0.00578261
6759,0.01465696,0.01540361
6760,0.03175847,0.00233997
6761,0.03399064,-0.00151485
6762,0.03816699,0.00030183
6763,0.02551129,0.01010388
6764,0.01667795,0.01551679
6765,0.02928607,0.00383352
6766,0.02800715,0.00703525
6767,0.03336803,0.01455186
6768,0.04131603,0.00260912
6769,0.02939822,0.00193810
6770,0.02624658,0.00108259
6771,0.03289789,0.00213015
6772,0.03170439,0.00383046
6773,0.02408053,0.01220384
6774,0.02222337,0.01072499
6775,0.03513846,0.00378626
6776,0.03312312,-0.00197233
6777,0.03323631,0.01277466
6778,0.03691966,-0.00485809
6779,0.02057442,0.00910046
6780,0.03821466,-0.00313863
6781,0.02108653,0.00246098
6782,0.03867763,-0.00567607
6783,0.02816399,0.00485413
6784,0.03503879,0.00116765
6785,0.03839153,-0.00202243
6786,0.03877093,0.00013813
6787,0.03956414,0.00380447
6788,0.02663851,0.00154530
6789,0.02614031,0.01509557
6790,0.03097187,-0.00144016
6791,0.03233558,0.00123360
6792,0.01578058,0.00959166
6793,0.01890134,0.00863965
6794,0.02808313,0.00262772
6795,0.04169958,0.00044808
6796,0.03607461,0.00099190
6797,0.02632526,0.00700492
6798,0.02858412,0.01424904
6799,0.03356052,0.00052165
6800,0.01633756,0.01311810
6801,0.03403469,-0.00746208
6802,0.01580767,0.01652225
6803,0.02122874,0.00595192
6804,0.02842984,0.01138125
6805,0.03420246,0.00013489
6806,0.03891738,-0.00317121
6807,0.03291866,-0.00095949
6808,0.01933210,0.00632064
6809,0.03949221,-0.00508413
6810,0.03755086,-0.00042698
6811,0.02757683,-0.00141311
6812,0.02448519,0.00735122
6813,0.01851839,0.00100576
6814,0.02494249,0.01189077
6815,0.02623841,0.00792339
6816,0.03295442,-0.00022237
6817,0.03339399,0.00183345
6818,0.04334972,-0.00596848
6819,0.02905387,0.00431474
6820,0.01453572,0.01085653
6821,0.02857301,0.00196832
6822,0.03512749,0.00881794
6823,0.02466848,0.00205265
6824,0.02788259,0.00339613
6825,0.03250218,-0.00897444
6826,0.03521531,0.00457550
6827,0.02507353,0.00444446
6828,0.02496519,0.01514993
6829,0.02757468,0.00476867
6830,0.01780188,0.01253406
6831,0.02490033,-0.00231045
6832,0.01967797,0.01020010
6833,0.04410744,-0.00268051
6834,0.03081778,-0.00255290
6835,0.02972316,0.00645497
6836,0.03882970,0.00143356
6837,0.01935468,0.00956697
6838,0.02837636,0.00192277
6839,0.03721491,0.00486082
6840,0.03036841,0.00203230
6841,0.02245858,0.00415363
6842,0.02528111,0.00348417
6843,0.03825682,-0.00510750
6844,0.03276824,-0.00297021
6845,0.03620872,-0.00146342
6846,0.03018249,0.00727681
6847,0.02696071,0.00210048
6848,0.03287532,0.00527638
6849,0.02287921,0.00604903
6850,0.02437128,0.00583300
6851,0.02343631,0.01375164
6852,0.02166806,0.00953458
6853,0.02636978,0.00707937
6854,0.01824339,0.01455765
6855,0.02652201,0.00831594
6856,0.04673219,0.00482364
6857,0.01548119,0.00788274
6858,0.02732327,0.02033711
6859,0.01719423,0.01875370
6860,0.04255177,-0.01620622
6861,0.02510279,0.01620092
6862,0.02274122,0.00563504
6863,0.03813369,-0.00561459
6864,0.03993040,-0.00694812
6865,0.02523300,0.00830326
6866,0.03271421,-0.00215317
6867,0.01546509,0.01666364
6868,0.02453869,0.01130363
6869,0.02389612,0.01485108
6870,0.01902360,0.01352504
6871,0.02653555,0.00123806
6872,0.02766636,0.00114353
6873,0.03270013,0.00019224
6874,0.01884745,0.01772302
6875,0.03550590,0.00434067
6876,0.03006185,0.00694722
6877,0.02487165,0.00638591
6878,0.02236606,0.00980797
6879,0.03649513,-0.00852290
6880,0.03316896,0.00276256
6881,0.03625444,-0.00867308
6882,0.03535705,0.00322663
6883,0.02718357,-0.00266550
6884,0.03764602,-0.00216366
6885,0.03183360,0.01372324
6886,0.02304968,0.00142459
6887,0.04052480,-0.00717135
6888,0.03972924,-0.00303682
6889,0.02190777,0.01433922
6890,0.03466894,-0.00017811
6891,0.04170941,-0.00400148
6892,0.02345604,0.01013847
6893,0.02918262,-0.00351546
6894,0.03453162,-0.00027806
6895,0.03263267,0.00238205
6896,0.03789527,0.00199840
6897,0.02396067,0.00373459
6898,0.02830613,0.00179195
6899,0.03164229,-0.00794800
6900,0.01594960,0.00943397
6901,0.02287882,0.00852737
6902,0.04141599,-0.00182598
6903,0.03373321,0.00420386
6904,0.02583592,0.01235054
6905,0.02951557,0.00576219
6906,0.01766133,0.00727890
6907,0.02436865,0.01215423
6908,0.02483952,0.00369431
6909,0.02178700,0.01691632
6910,0.02624345,0.00850100
6911,0.02749690,-0.00085080
6912,0.03160800,0.00729191
6913,0.02318183,-0.00290818
6914,0.01883115,0.01905543
6915,0.03398000,0.00426664
6916,0.02879397,0.00541432
6917,0.04385478,-0.00243283
6918,0.02227042,-0.00016023
6919,0.03739927,-0.00024929
6920,0.02885745,0.00475937
6921,0.02407027,0.01275606
6922,0.01142594,0.01998039
6923,0.03124263,-0.00371646
6924,0.02494301,0.00807018
6925,0.03504717,0.00706665
6926,0.03306745,0.00131657
6927,0.03607115,-0.00333952
6928,0.02598245,0.00381360
6929,0.02573057,0.00938254
6930,0.03403188,0.00422968
6931,0.02690313,0.00730066
6932,0.02030718,0.01407100
6933,0.01837230,0.01436307
6934,0.02167678,0.00637783
6935,0.03598988,-0.00518548
6936,0.03916125,0.00109418
6937,0.02723091,0.01075965
6938,0.01896568,0.00484305
6939,0.02963355,0.00354395
6940,0.03108190,-0.00165929
6941,0.01758450,0.01458404
6942,0.02349076,0.00999746
6943,0.03274915,-0.00231934
6944,0.03394769,-0.00130356
6945,0.03233288,0.00288506
6946,0.04498533,-0.01695757
6947,0.02963922,0.00154879
6948,0.02837228,0.00132414
6949,0.02847902,-0.00032666
6950,0.04408615,-0.00669510
6951,0.04422234,-0.00451036
6952,0.03517508,0.00857922
6953,0.03336800,0.00158734
6954,0.03263958,0.00352670
6955,0.03910116,0.00180040
6956,0.02741448,0.00661426
6957,0.03282916,0.00191210
6958,0.04345672,-0.00167373
6959,0.03207497,0.00607874
6960,0.04334632,-0.00675268
6961,0.03945770,-0.01061345
6962,0.03040192,-0.00346236
6963,0.03953472,-0.00555513
6964,0.02920229,0.00632935
6965,0.02886846,0.00448562
6966,0.02380817,0.00874805
6967,0.01621333,0.01886872
6968,0.03887146,-0.00033032
6969,0.02647654,0.00114210
6970,0.02982830,0.01137842
6971,0.04185895,-0.00459399
6972,0.02786271,0.00357244
6973,0.02162176,0.01328230
6974,0.01758382,0.01029146
6975,0.01535444,0.01069072
6976,0.02461444,0.00148903
6977,0.02289737,0.00709210
6978,0.03631854,0.00844998
6979,0.02686159,0.00188527
6980,0.02515507,0.00003556
6981,0.05041584,-0.01437008
6982,0.02065329,0.00145200
6983,0.02383100,0.02042011
6984,0.02561656,0.00524588
6985,0.04028471,-0.00995420
6986,0.02301573,0.00762316
6987,0.03160794,0.00023291
6988,0.01681255,0.01269588
6989,0.01746565,0.00010656
6990,0.02788621,0.01258775
6991,0.04162539,-0.00515653
6992,0.04392379,0.00283673
6993,0.02384945,0.00914961
6994,0.03280246,0.00670441
6995,0.02755447,0.00910353
6996,0.02388503,0.00737576
6997,0.02167515,0.00232777
6998,0.03585399,-0.00805339
6999,0.04470938,-0.01125865
7000,0.04339185,-0.00712792
7001,0.02174512,0.00172797
7002,0.02364666,0.00189121
7003,0.01589070,0.01018683
7004,0.04099334,0.00110081
7005,0.01765637,0.01316883
7006,0.02818428,0.00028201
7007,0.03106935,-0.00060487
7008,0.02075833,0.00533061
7009,0.03341935,0.00339680
7010,0.02781026,0.00038759
7011,0.02746742,0.00008528
7012,0.03134973,-0.00561454
7013,0.02577640,0.00770200
7014,0.01992185,0.01005263
7015,0.02195553,0.01215467
7016,0.04211736,-0.00144924
7017,0.01917600,0.00441960
7018,0.03142239,-0.00104150
7019,0.03335182,0.00016254
7020,0.02372694,0.01309046
7021,0.02629554,0.01112583
7022,0.02304104,0.00033488
7023,0.02601483,0.00865356
7024,0.02502987,0.01285956
7025,0.02812578,0.00337066
7026,0.02718506,0.01423320
7027,0.02417867,0.00656019
7028,0.03039744,-0.00078267
7029,0.03287325,0.00566643
7030,0.02600394,0.00666561
7031,0.02615748,0.01467938
7032,0.04148210,-0.00336067
7033,0.03771077,-0.00102761
7034,0.03001209,0.00054279
7035,0.03690568,0.00571726
7036,0.03240539,0.00436888
7037,0.03562343,-0.00489931
7038,0.02893486,0.00257759
7039,0.04043652,0.00093140
7040,0.03491078,-0.00278673
7041,0.03017192,0.00819347
7042,0.04745688,-0.01377570
7043,0.02679991,0.00748435
7044,0.04519062,-0.00487531
7045,0.01368232,0.01740860
7046,0.03085251,0.00912762
7047,0.02858508,0.00763527
7048,0.02224152,0.00492939
7049,0.02135441,0.00665816
7050,0.02974925,-0.00182461
7051,0.03509874,0.00259491
7052,0.03590488,-0.00232279
7053,0.02902317,0.00076775
7054,0.02962808,0.00593880
7055,0.02989559,0.00382098
7056,0.02229290,0.01543596
7057,0.03164834,0.00414783
7058,0.02073184,0.01145700
7059,0.03041293,-0.00227917
7060,0.01330608,0.02064816
7061,0.03557569,0.00008417
7062,0.01903040,0.00881898
7063,0.01341103,0.01472033
7064,0.02926330,-0.00347902
7065,0.03051687,-0.00116115
7066,0.03123920,0.00634232
7067,0.01517691,0.01856641
7068,0.02328669,0.00949916
7069,0.02845047,0.00961292
7070,0.03948237,0.00231177
7071,0.02190589,0.01419483
7072,0.03046068,-0.00724703
7073,0.02891590,0.00740355
7074,0.04485815,0.00210747
7075,0.02282780,0.00469994
7076,0.03482369,-0.00551547
7077,0.04052427,-0.00087919
7078,0.02359798,0.01161382
7079,0.03986497,-0.00175722
7080,0.04854159,-0.00564716
7081,0.03305820,-0.00282124
7082,0.01781068,0.01067023
7083,0.01022456,0.01679643
7084,0.03741056,-0.00780362
7085,0.01939530,0.01124992
7086,0.01548412,0.01565440
7087,0.02679234,0.00209284
7088,0.04153716,-0.00623300
7089,0.04301016,-0.01004271
7090,0.02654141,0.00591022
7091,0.03623722,-0.00562346
7092,0.02353545,0.00693824
7093,0.04592975,-0.00559990
7094,0.03988433,-0.00493393
7095,0.02444867,0.01525212
7096,0.02783550,0.00558907
7097,0.03081169,0.00497209
7098,0.01770561,0.01919944
7099,0.03031986,0.00126122
7100,0.04230553,-0.01068685
7101,0.02830722,-0.00069807
7102,0.02153732,0.00805528
7103,0.02860258,0.00823145
7104,0.04088674,-0.00542506
7105,0.04104455,-0.00768431
7106,0.03027449,0.00281202
7107,0.02363171,0.00238143
7108,0.00926030,0.01463655
7109,0.03238696,0.00433668
7110,0.02294727,0.00244027
7111,0.03330395,-0.00025879
7112,0.00874712,0.01387945
7113,0.02596251,0.00887588
7114,0.03264857,0.00310570
7115,0.02490576,-0.00476283
7116,0.03597143,-0.00807227
7117,0.02587309,0.01482544
7118,0.02007284,0.01090836
7119,0.03130185,0.00522014
7120,0.02856516,0.00620925
7121,0.04346132,-0.00589756
7122,0.03258883,0.00710703
7123,0.01971306,0.01663435
7124,0.02928181,0.00866872
7125,0.03908433,-0.00126080
7126,0.02697490,0.01183666
7127,0.00475934,0.02924700
7128,0.03599120,-0.00741568
7129,0.02575249,0.01735825
7130,0.02720030,0.00303261
7131,0.04261724,-0.00115798
7132,0.02750306,-0.00262832
7133,0.03238259,0.00455226
7134,0.04479447,-0.00843313
7135,0.03809792,-0.00736278
7136,0.03057375,0.00479373
7137,0.02966751,0.00310716
7138,0.02865190,0.00926846
7139,0.02815828,0.00201443
7140,0.03435986,-0.00085742
7141,0.03244147,0.00112876
7142,0.03719811,-0.00923260
7143,0.03742880,0.00169218
7144,0.02511030,-0.00018091
7145,0.03286702,0.00259882
7146,0.02623416,0.00777837
7147,0.02812318,-0.00102011
7148,0.02526035,0.00838213
7149,0.02494137,0.00281845
7150,0.03421944,-0.00344079
7151,0.03140485,0.00523562
7152,0.01442106,0.01115205
7153,0.01891720,0.01432078
7154,0.01593277,0.01677174
7155,0.03693632,-0.00311304
7156,0.04279333,-0.00334270
7157,0.02498539,0.00070262
7158,0.03883146,0.00046363
7159,0.02363757,0.01124182
7160,0.03607788,0.00578390
7161,0.02917194,0.00995575
7162,0.03347322,0.00968546
7163,0.02538183,0.00838494
7164,0.02418425,0.01304109
7165,0.03691592,-0.01080009
7166,0.02871121,0.00665523
7167,0.03318884,0.00245524
7168,0.04376494,-0.01126228
7169,0.01517753,0.01316953
7170,0.03608181,0.00843982
7171,0.02339831,0.00868858
7172,0.01819179,0.01395879
7173,0.02473029,0.01078598
7174,0.04615331,0.00034840
7175,0.01963165,0.01285242
7176,0.04820725,-0.01330678
7177,0.02721293,0.00407295
7178,0.03020863,0.00643944
7179,0.03220598,-0.00111279
7180,0.04098447,0.00455217
7181,0.03626133,0.00170476
7182,0.01386711,0.02408903
7183,0.02613899,0.00046788
7184,0.02725827,0.01066854
7185,0.03503752,-0.00346384
7186,0.02682430,-0.00080792
7187,0.04640778,-0.00504320
7188,0.01989158,0.00822962
7189,0.02495494,0.00819460
7190,0.03044070,0.00116915
7191,0.03496330,-0.00936814
7192,0.01794044,0.01426676
7193,0.02993714,-0.00538874
7194,0.02582474,0.00546800
7195,0.02199704,0.01384792
7196,0.02669522,0.00968531
7197,0.03807042,-0.00073568
7198,0.01664814,0.00601411
7199,0.03233947,-0.00357443
7200,0.03866150,-0.00453831
7201,0.03480539,0.00386299
7202,0.01817639,0.01472392
7203,0.02674852,0.00621605
7204,0.04489725,-0.00213758
7205,0.02285159,0.01073950
7206,0.03654350,-0.00307664
7207,0.04292020,0.00086289
7208,0.02600197,0.00440375
7209,0.03107401,0.00657146
7210,0.03160740,0.01476553
7211,0.03529600,-0.00237518
7212,0.03777055,-0.00557656
7213,0.03761149,-0.00636189
7214,0.02386022,0.00122124
7215,0.02475606,0.00303813
7216,0.03349731,0.00373340
7217,0.03053242,0.00479650
7218,0.02844674,0.00479796
7219,0.02338380,-0.00230569
7220,0.02588589,0.00451745
7221,0.02388437,0.01338784
7222,0.04046984,-0.00369543
7223,0.03751138,-0.00373895
7224,0.03887778,-0.00684113
7225,0.02829602,0.00739914
7226,0.03137129,0.00115280
7227,0.02532704,0.00893864
7228,0.04481388,-0.01110750
7229,0.03119578,0.00338783
7230,0.03964391,-0.00923656
7231,0.02230612,0.01768240
7232,0.02295882,0.01013608
7233,0.02565172,0.00522200
7234,0.01881358,0.00506973
7235,0.02312176,0.00395022
7236,0.03131366,0.00627571
7237,0.02745488,0.00374189
7238,0.04285409,-0.01020878
7239,0.03347252,-0.00164031
7240,0.04398704,0.00121006
7241,0.02151306,0.01242703
7242,0.02283177,0.00627173
7243,0.03800050,0.00513744
7244,0.02374701,0.01291909
7245,0.03011055,0.00024870
7246,0.03720312,0.00557486
7247,0.02318962,0.00994852
7248,0.03323526,0.00279517
7249,0.02201351,0.01618438
7250,0.03286822,0.00123109
7251,0.02817980,0.00424716
7252,0.02988601,0.00332316
7253,0.03047703,0.00725061
7254,0.02164835,0.01264083
7255,0.02052518,0.00214477
7256,0.01671476,0.01405108
7257,0.03465117,0.00451344
7258,0.02671699,0.00540176
7259,0.02927747,0.00593218
7260,0.02777195,0.00504842
7261,0.02165296,0.01912813
7262,0.03463705,0.00426979
7263,0.03432428,0.00352251
7264,0.04038956,-0.00339024
7265,0.04053554,-0.00917367
7266,0.02865685,0.01332768
7267,0.02820511,-0.00040813
7268,0.03294857,0.00444765
7269,0.03195367,0.00001218
7270,0.02849442,0.00945188
7271,0.02699247,0.00684968
7272,0.01773375,0.00402283
7273,0.03564902,0.00011819
7274,0.03744020,-0.00339312
7275,0.04072741,-0.00733543
7276,0.01033894,0.02992533
7277,0.02809027,-0.00001170
7278,0.01943351,0.01112295
7279,0.02568108,0.00909652
7280,0.03296539,0.00008304
7281,0.01130224,0.01279681
7282,0.02209757,0.01379102
7283,0.02352023,0.00580906
7284,0.02519673,0.00174174
7285,0.02794149,0.00435801
7286,0.02642705,0.01105631
7287,0.02320827,0.00186665
7288,0.02867282,0.00671229
7289,0.01178337,0.01924309
7290,0.03342463,-0.00595815
7291,0.02689540,0.00823665
7292,0.02172528,0.00590180
7293,0.03625462,-0.00535499
7294,0.01483130,0.01870109
7295,0.02783985,0.00606969
7296,0.03761241,0.00300243
7297,0.02595642,0.00732061
7298,0.02365032,0.00571031
7299,0.02860462,-0.00002103
7300,0.01566924,0.00854855
7301,0.03238589,0.00121217
7302,0.03294830,-0.00320314
7303,0.02472221,0.00937378
7304,0.03847579,-0.00485818
7305,0.02447720,-0.00102680
7306,0.02800446,0.00025494
7307,0.02568948,0.00951628
7308,0.01694368,0.01769207
7309,0.03483799,0.00533106
7310,0.02912265,0.00552831
7311,0.02230140,0.01347879
7312,0.04259700,-0.00651098
7313,0.02510069,0.00535419
7314,0.03930640,0.00380093
7315,0.03428868,-0.00158901
7316,0.03176361,0.00557867
7317,0.03285235,0.00441727
7318,0.04008991,0.00358795
7319,0.03045809,0.00806640
7320,0.03072893,0.01063947
7321,0.02950131,0.00227322
7322,0.04432082,-0.01005647
7323,0.03752184,0.00247621
7324,0.01195532,0.01426290
7325,0.02627631,0.00326593
7326,0.02514193,0.00586326
7327,0.04704043,0.00132939
7328,0.04287373,-0.01051812
7329,0.03164775,0.00978591
7330,0.04967545,-0.00894157
7331,0.03552795,0.00176464
7332,0.03952158,-0.00152826
7333,0.02026700,0.01660356
7334,0.01881696,0.00905150
7335,0.03447565,-0.00949469
7336,0.01629562,0.01012487
7337,0.04028541,-0.00122602
7338,0.01748227,0.01103357
7339,0.02653412,0.00780374
7340,0.02863688,-0.00209244
7341,0.02931762,0.00647846
7342,0.03423826,-0.00521465
7343,0.03477454,-0.00154257
7344,0.02909986,0.00396961
7345,0.02360547,0.01051013
7346,0.01433313,0.01041369
7347,0.03170300,-0.00148599
7348,0.02747973,0.00784074
7349,0.03070336,0.00955039
7350,0.02560324,0.00349753
7351,0.01637912,0.01073840
7352,0.02291957,0.00820522
7353,0.02838250,0.00715208
7354,0.02409865,0.00943484
7355,0.02851237,0.01143095
7356,0.03131535,0.00451444
7357,0.03340187,0.00585246
7358,0.02178025,0.01083856
7359,0.02356270,0.01049403
7360,0.02247091,0.00817899
7361,0.03775812,-0.00225577
7362,0.02555796,0.00571408
7363,0.02945520,0.00661960
7364,0.01397055,0.01760740
7365,0.02178008,0.00972603
7366,0.02110331,0.01294884
7367,0.02414526,0.00800482
7368,0.02181076,0.00879148
7369,0.04795790,-0.00950910
7370,0.02335155,0.00339120
7371,0.03318883,0.00172904
7372,0.02482718,0.00633191
7373,0.02168757,0.00299554
7374,0.01878723,0.01141754
7375,0.03230310,0.00666378
7376,0.03690493,-0.00111087
7377,0.03617771,0.00097505
7378,0.01765513,0.00722710
7379,0.02158967,0.00335523
7380,0.03946844,-0.00332871
7381,0.02945732,0.00852364
7382,0.03750773,0.00407220
7383,0.04196497,-0.01260807
7384,0.01996143,0.01234183
7385,0.03024573,0.00712821
7386,0.03342195,0.00804304
7387,0.03850941,-0.00989197
7388,0.02661323,-0.00096903
7389,0.02122714,0.00798967
7390,0.03585472,0.00651106
7391,0.03298821,-0.00173124
7392,0.03091885,0.00247046
7393,0.01791728,0.01907222
7394,0.03644863,0.00508012
7395,0.02505251,0.01275044
7396,0.01043388,0.01726525
7397,0.01392504,0.01469533
7398,0.00836102,0.02147169
7399,0.04001849,-0.00905834
7400,0.03112444,0.00323626
7401,0.03440172,-0.00739854
7402,0.03283430,0.00522716
7403,0.03538959,0.00034681
7404,0.02747568,0.01692047
7405,0.01309744,0.00351643
7406,0.03682031,-0.00513174
7407,0.03963676,-0.00323316
7408,0.02216669,0.01119889
7409,0.02643003,0.01308740
7410,0.02904469,-0.00382809
7411,0.04192644,-0.01049910
7412,0.02964457,0.00170122
7413,0.03354560,-0.00097955
7414,0.02527308,0.01077197
7415,0.02707791,0.00405500
7416,0.03212459,0.00647833
7417,0.01029375,0.01307735
7418,0.03046351,0.00055748
7419,0.02494621,0.01264624
7420,0.02625969,0.01243301
7421,0.03459656,0.00017258
7422,0.03441200,0.00318798
7423,0.02467651,0.00736175
7424,0.02246376,0.00639223
7425,0.03392515,-0.00261370
7426,0.03029236,-0.00240396
7427,0.03942310,-0.00689725
7428,0.03337257,0.00256992
7429,0.02596080,0.00052285
7430,0.04224721,-0.00604450
7431,0.01182354,0.01037840
7432,0.03469543,-0.00450657
7433,0.03618182,0.00108247
7434,0.02321320,-0.00035451
7435,0.03723455,0.00345684
7436,0.01950592,0.01452093
7437,0.02460699,0.00745620
7438,0.03420562,0.00699602
7439,0.02293922,0.00488386
7440,0.03990937,-0.00626631
7441,0.03621126,0.00714570
7442,0.04041453,-0.00293773
7443,0.03321876,-0.00506475
7444,0.03801094,-0.00675080
7445,0.02581774,0.00934340
7446,0.01423693,0.01254767
7447,0.03356764,0.00812107
7448,0.02502487,0.00602300
7449,0.03634288,-0.00300354
7450,0.02725548,0.00688504
7451,0.02173206,0.01008696
7452,0.02940620,-0.00184002
7453,0.02453008,0.00645622
7454,0.02732503,0.00114269
7455,0.02055860,0.00281922
7456,0.02783499,0.00519158
7457,0.01789591,0.01428208
7458,0.02992234,0.01145428
7459,0.04172523,-0.00522456
7460,0.01574904,0.01284849
7461,0.03127877,-0.00178707
7462,0.03231108,0.00545049
7463,0.04026512,-0.01176195
7464,0.04035407,-0.00326846
7465,0.03166753,0.00988776
7466,0.03879194,-0.00457079
7467,0.01138593,0.01433199
7468,0.03814042,-0.00187484
7469,0.04197300,-0.00643369
7470,0.02038988,0.00735137
7471,0.02434832,0.01083064
7472,0.03381359,0.00698014
7473,0.01920515,0.01635346
7474,0.02251252,0.00683165
7475,0.02024600,0.01587470
7476,0.02018968,0.01999999
7477,0.03568082,0.00317147
7478,0.05296018,-0.02018690
7479,0.02759321,-0.00392010
7480,0.01767055,0.00196663
7481,0.03232617,-0.00251955
7482,0.03248761,0.00022756
7483,0.03461805,-0.00267953
7484,0.02991402,0.00155944
7485,0.03343575,0.00294118
7486,0.02770399,-0.00157495
7487,0.01153512,0.01294870
7488,0.02868633,-0.00085045
7489,0.02334679,0.00481325
7490,0.03424569,-0.00040872
7491,0.02559725,0.01080784
7492,0.03722140,0.00842728
7493,0.03883998,0.00261495
7494,0.02492170,0.01183030
7495,0.02664662,0.00186202
7496,0.02552508,0.00352591
7497,0.04126336,-0.01057835
7498,0.02823896,-0.00203513
7499,0.00407045,0.01684758
7500,0.03211763,0.00534319
7501,0.03209137,-0.00085112
7502,0.02950980,0.00186738
7503,0.03779604,-0.00458969
7504,0.03242042,0.00878767
7505,0.02863276,0.00597517
7506,0.01710703,0.01550886
7507,0.02712432,0.01140789
7508,0.02666749,0.01088978
7509,0.02435289,0.00958801
7510,0.03292493,-0.00113214
7511,0.03433153,0.01595178
7512,0.03609031,0.00191917
7513,0.01881656,0.00993760
7514,0.02001535,0.01549353
7515,0.01819125,0.01357401
7516,0.03884948,-0.00502119
7517,0.03691379,-0.00381726
7518,0.03584612,-0.00363490
7519,0.03327057,-0.00862335
7520,0.02904371,0.00668716
7521,0.02255610,0.01662488
7522,0.03425605,0.00008225
7523,0.03145946,0.00583020
7524,0.03459161,-0.00038292
7525,0.03660783,-0.00086644
7526,0.03477975,0.00130598
7527,0.02750833,0.00611768
7528,0.03654262,0.00016010
7529,0.02537546,0.00613648
7530,0.01865209,0.00930832
7531,0.03613300,0.00684572
7532,0.02916955,0.01663013
7533,0.03996925,-0.00558626
7534,0.02638900,0.00184359
7535,0.02592809,0.00507008
7536,0.02767593,0.00533749
7537,0.04183039,-0.00839205
7538,0.04051700,-0.00191304
7539,0.03325040,-0.00070348
7540,0.04342573,-0.00956228
7541,0.04178695,-0.00717834
7542,0.03600635,-0.00504176
7543,0.02381907,0.00910584
7544,0.03100661,0.00161500
7545,0.02091112,0.02112924
7546,0.03084102,-0.00399509
7547,0.02782155,0.00636462
7548,0.02758939,0.01374044
7549,0.02483720,0.00085182
7550,0.02857340,0.01094839
7551,0.01854110,0.01132592
7552,0.02641069,0.00838065
7553,0.01797983,0.01733382
7554,0.02673717,-0.00049223
7555,0.03167575,-0.00196270
7556,0.02397269,0.00058745
7557,0.03449144,-0.00252922
7558,0.02139059,0.01566316
7559,0.02307418,0.00513154
7560,0.01113930,0.01095988
7561,0.01185401,0.01772721
7562,0.03205912,0.00373963
7563,0.03206872,-0.00242404
7564,0.03573181,0.00345234
7565,0.02385430,0.00988936
7566,0.03881328,-0.00160725
7567,0.03066298,0.00929810
7568,0.02557618,0.00768899
7569,0.02780858,0.00055642
7570,0.02904976,0.00455979
7571,0.02758984,0.00711830
7572,0.02521884,0.00911042
7573,0.03547558,0.00629442
7574,0.02644706,0.00513168
7575,0.04120071,-0.01262464
7576,0.04586934,-0.00779738
7577,0.02305488,0.00011983
7578,0.02130972,0.00761703
7579,0.04575661,-0.00596309
7580,0.04463826,-0.00351421
7581,0.04111811,0.00275257
7582,0.03893328,0.00321475
7583,0.02994305,0.00204536
7584,0.03091145,0.00245510
7585,0.03110345,0.00762659
7586,0.02880245,0.00120627
7587,0.02544609,0.00763856
7588,0.03725436,-0.00100333
7589,0.02944200,0.00896427
7590,0.03258860,0.00080163
7591,0.02976176,0.00632286
7592,0.03306858,-0.00216690
7593,0.02276229,0.02033687
7594,0.02050445,0.01394050
7595,0.03998579,-0.00609512
7596,0.03223183,0.01221854
7597,0.03574077,0.00018530
7598,0.03082833,-0.00574614
7599,0.03835658,0.00080787
7600,0.03293143,0.00241963
7601,0.02102334,0.01592926
7602,0.03182603,0.01530449
7603,0.00673427,0.01409585
7604,0.04131884,-0.00923576
7605,0.03036563,-0.00349184
7606,0.01647956,0.02685419
7607,0.01884938,0.01498431
7608,0.02773033,-0.00042974
7609,0.03686506,0.00302606
7610,0.03001225,0.00733300
7611,0.02795943,0.00207481
7612,0.02294190,0.00590352
7613,0.03478528,0.00309092
7614,0.03850334,-0.00474277
7615,0.03746367,-0.00501364
7616,0.03038341,-0.00370672
7617,0.01787352,0.01833940
7618,0.03385681,0.00185822
7619,0.04506402,-0.01528445
7620,0.02818163,0.00493473
7621,0.03202189,0.00301031
7622,0.03588204,0.00836053
7623,0.02595061,0.01194075
7624,0.03200683,0.00455581
7625,0.01836807,0.00587285
7626,0.02293478,0.00644109
7627,0.02418516,0.00249835
7628,0.03189526,0.00052597
7629,0.02151426,0.01374486
7630,0.03447455,-0.00092498
7631,0.02628624,0.01093033
7632,0.03173899,0.00686301
7633,0.03285763,0.00322869
7634,0.02840362,-0.00025223
7635,0.02628164,0.01456556
7636,0.05450225,-0.00360139
7637,0.04030683,-0.00384909
7638,0.03567133,-0.00266271
7639,0.02937498,-0.00132278
7640,0.02915704,-0.00429096
7641,0.01832165,0.01589142
7642,0.03598890,0.00221480
7643,0.01420211,0.01248944
7644,0.01477974,0.01372172
7645,0.03225221,0.00131117
7646,0.03131101,-0.00511668
7647,0.03328164,-0.00320750
7648,0.03443892,0.00046719
7649,0.01190872,0.01686432
7650,0.02666904,0.00744689
7651,0.02658003,0.01584502
7652,0.03659862,-0.00094585
7653,0.02843703,0.00240951
7654,0.02143014,0.00415703
7655,0.03839512,-0.00991497
7656,0.00993936,0.01348168
7657,0.02094984,0.01461802
7658,0.03117731,0.01331309
7659,0.02879665,0.00427706
7660,0.01872588,0.00721268
7661,0.02512265,0.01237332
7662,0.03490601,-0.00168775
7663,0.04511475,-0.00767368
7664,0.00535803,0.01822118
7665,0.04895045,-0.00992275
7666,0.03067923,0.00261905
7667,0.02935688,-0.00079904
7668,0.02838416,0.00087095
7669,0.04810474,-0.01266559
7670,0.02552755,0.00849869
7671,0.01762557,0.01916545
7672,0.03205404,-0.00028122
7673,0.02684801,0.00547010
7674,0.04240084,-0.00609575
7675,0.02992773,0.00679751
7676,0.02539210,0.01101610
7677,0.03413853,0.00000231
7678,0.02319186,0.00486781
7679,0.03363867,-0.00299007
7680,0.03850715,-0.00898025
7681,0.02594078,0.00467459
7682,0.02927753,0.00431529
7683,0.01050262,0.01888010
7684,0.03799809,-0.00832013
7685,0.03463322,-0.00008914
7686,0.04243140,-0.00554869
7687,0.03589351,0.00238271
7688,0.02908255,0.00400968
7689,0.03386429,-0.00640374
7690,0.03016648,0.01358762
7691,0.03998636,-0.00436034
7692,0.02752299,0.01084546
7693,0.02201265,0.01091462
7694,0.02927182,0.00668846
7695,0.03786181,-0.00724519
7696,0.04325663,-0.00541877
7697,0.01771197,0.01856843
7698,0.03345959,0.00194660
7699,0.03456532,0.00133900
7700,0.02151464,0.01663201
7701,0.03844896,0.00226274
7702,0.02155210,0.00678150
7703,0.02957424,0.00248462
7704,0.01667501,0.01383112
7705,0.03728014,-0.00342769
7706,0.02780443,0.00207079
7707,0.04313827,-0.00387620
7708,0.03518204,0.00817166
7709,0.03711724,-0.00323178
7710,0.03038194,0.01422449
7711,0.03240004,0.00035710
7712,0.03273646,-0.00188578
7713,0.03226581,0.00289186
7714,0.03811416,0.00024075
7715,0.02647549,0.00402560
7716,0.01883216,0.01550602
7717,0.02893942,0.00744112
7718,0.02486748,0.00881934
7719,0.01990333,0.00144405
7720,0.03986623,-0.00433620
7721,0.02140694,0.01486068
7722,0.03012892,0.00413269
7723,0.03185068,-0.00143762
7724,0.02500307,0.00249480
7725,0.03852074,-0.00407786
7726,0.02735415,0.01059618
7727,0.02604657,0.00814904
7728,0.03098207,0.00535813
7729,0.02566403,0.00846349
7730,0.01786863,0.01132120
7731,0.03665928,-0.00895587
7732,0.02957109,0.00759234
7733,0.03287038,0.00716921
7734,0.02301545,0.00822954
7735,0.03967295,-0.00758785
7736,0.02717277,0.00547147
7737,0.02998070,-0.00797744
7738,0.02182371,0.00622388
7739,0.03219050,-0.00115356
7740,0.04534538,-0.01431623
7741,0.03928405,0.00374067
7742,0.01854824,0.01503764
7743,0.03435629,-0.00318615
7744,0.03074170,0.00936293
7745,0.03275537,-0.00353337
7746,0.03765182,-0.00236244
7747,0.03343078,0.00121509
7748,0.02281761,0.01174864
7749,0.03156564,-0.00125093
7750,0.02737305,0.00923748
7751,0.03419850,0.00107213
7752,0.03561497,-0.00199213
7753,0.02953629,-0.00297707
7754,0.03335806,0.00201679
7755,0.04231379,-0.01281789
7756,0.02208895,0.00762945
7757,0.02108728,0.00817323
7758,0.03250826,0.01281919
7759,0.03893833,-0.00631066
7760,0.01932965,0.01297321
7761,0.02430769,0.01530887
7762,0.01983438,0.01395717
7763,0.01818177,0.00522254
7764,0.02312396,0.01161964
7765,0.02693092,0.00765394
7766,0.02969201,0.00578887
7767,0.03244048,0.00158139
7768,0.02751518,0.00348747
7769,0.03570902,-0.00291730
7770,0.03466503,0.00921827
7771,0.04138926,-0.00654740
7772,0.02363303,0.00637659
7773,0.01256432,0.02159409
7774,0.02732299,0.01119285
7775,0.02829939,0.00871884
7776,0.03449711,-0.00423290
7777,0.00793868,0.02395328
7778,0.02181191,0.01277938
7779,0.03808386,-0.00498893
7780,0.04114103,-0.01089667
7781,0.03780627,-0.00352491
7782,0.03089226,-0.00276224
7783,0.00402465,0.01384151
7784,0.03017849,0.00345534
7785,0.03457592,-0.00107828
7786,0.03644487,-0.00608108
7787,0.04270310,-0.00620606
7788,0.03196118,0.00088759
7789,0.04810244,0.00651071
7790,0.03619506,-0.00264088
7791,0.02199516,0.01933549
7792,0.04071487,-0.00945198
7793,0.02251203,0.00044649
7794,0.01936536,0.01098693
7795,0.02688407,0.00632381
7796,0.03038589,0.00612902
7797,0.04347491,-0.00491123
7798,0.02165716,0.00565544
7799,0.03019729,0.00286665
7800,0.02106275,0.01927973
7801,0.02909268,0.00807041
7802,0.01873658,0.01322174
7803,0.05074934,-0.01345642
7804,0.02264580,0.00361212
7805,0.03358041,0.00075867
7806,0.02978393,-0.00159804
7807,0.03767870,0.00877979
7808,0.03000161,-0.00475748
7809,0.03774253,-0.00364389
7810,0.03782621,-0.01121197
7811,0.03956051,-0.00024138
7812,0.01233642,0.01625257
7813,0.03397308,-0.00039401
7814,0.03303054,0.00193919
7815,0.03333183,0.00094066
7816,0.03491896,-0.00436078
7817,0.02188900,0.00132642
7818,0.01897475,0.01274001
7819,0.04240753,-0.01615573
7820,0.04511421,-0.00811898
7821,0.02904871,-0.00190747
7822,0.01709925,0.00277126
7823,0.03143912,-0.00018757
7824,0.03252216,0.00043438
7825,0.02501753,0.00770701
7826,0.02927334,0.00441235
7827,0.02102990,0.01286131
7828,0.01529262,0.00970839
7829,0.01553931,0.01702722
7830,0.02026929,0.01433440
7831,0.03535781,-0.00163352
7832,0.03103684,-0.00504636
7833,0.02735899,0.00690880
7834,0.03221135,-0.00069323
7835,0.02529046,0.01118338
7836,0.01968875,0.00582480
7837,0.02674549,0.00663340
7838,0.02759965,0.00444308
7839,0.02990503,0.00517493
7840,0.02930742,0.01188691
7841,0.03772394,-0.00253264
7842,0.03226678,0.00568975
7843,0.02929955,0.00363708
7844,0.03572488,0.00784918
7845,0.02572469,0.00578050
7846,0.04139557,-0.00293030
7847,0.02623202,0.00802489
7848,0.02610523,0.00298195
7849,0.03292834,-0.00658117
7850,0.03981837,-0.00401114
7851,0.02488303,0.00298128
7852,0.02390393,0.01282687
7853,0.02892701,0.00499863
7854,0.02646834,0.00376742
7855,0.03869566,-0.00445687
7856,0.02799711,0.00233161
7857,0.02663838,0.00884663
7858,0.03231639,-0.00626832
7859,0.02320054,0.00089995
7860,0.03371746,0.00146975
7861,0.04825929,-0.00372157
7862,0.03496553,0.00588965
7863,0.02489973,0.00404317
7864,0.03055591,-0.00445721
7865,0.01827336,0.00905278
7866,0.02387316,0.00197805
7867,0.03206268,0.00347019
7868,0.03854895,-0.00522090
7869,0.02722055,0.00125165
7870,0.04066963,-0.00262754
7871,0.02803638,0.00866495
7872,0.04119206,-0.00232921
7873,0.03264762,0.00053858
7874,0.02197031,0.00331618
7875,0.03025210,0.01259319
7876,0.03838029,-0.00892843
7877,0.02653348,0.00114446
7878,0.02367167,0.01469484
7879,0.04766616,-0.00633315
7880,0.01619607,0.01846602
7881,0.01841826,0.01256514
7882,0.04635229,-0.00754245
7883,0.03297946,0.00136006
7884,0.01632667,0.02602025
7885,0.01812173,0.01306868
7886,0.04207065,-0.00729610
7887,0.01931824,0.01032876
7888,0.04057890,-0.01164073
7889,0.01801116,0.00726978
7890,0.03456563,-0.00028640
7891,0.02753349,0.00759718
7892,0.03719442,0.00560382
7893,0.01343662,0.00966469
7894,0.03321558,-0.00200446
7895,0.04325174,-0.00287615
7896,0.03985803,-0.00265620
7897,0.04458083,-0.01305447
7898,0.02458546,0.00510098
7899,0.02708003,-0.00098416
7900,0.02347362,0.00315586
7901,0.02204979,0.01703592
7902,0.02992377,-0.00071399
7903,0.02276311,0.01419167
7904,0.03243058,0.00478342
7905,0.00805282,0.01861554
7906,0.03722866,0.00025878
7907,0.01967111,0.00988540
7908,0.03318514,0.00412490
7909,0.02645882,0.01259170
7910,0.03032277,0.01347110
7911,0.02486545,0.00397441
7912,0.01944404,0.00891146
7913,0.03385224,0.00484770
7914,0.03013043,0.00385015
7915,0.04075142,-0.00296737
7916,0.02532477,0.00337713
7917,0.02812305,0.00781186
7918,0.03542687,0.00150052
7919,0.04877383,-0.01760631
7920,0.03139248,0.00716055
7921,0.03858658,-0.00142411
7922,0.02890667,-0.00247588
7923,0.02457542,0.00393326
7924,0.01975452,0.00829810
7925,0.03364687,0.00426245
7926,0.03326325,-0.00177654
7927,0.02282846,0.02244065
7928,0.04105322,-0.00501513
7929,0.03335069,0.00063332
7930,0.03354080,0.01015623
7931,0.03919387,-0.00730533
7932,0.03354988,-0.00133774
7933,0.01648780,0.01033855
7934,0.03435948,0.00028813
7935,0.04195544,-0.00190885
7936,0.03372114,0.00084419
7937,0.03516384,-0.00093134
7938,0.01059128,0.01581734
7939,0.03437164,-0.00073202
7940,0.02924313,0.00446628
7941,0.03476751,-0.00532683
7942,0.03522303,0.00271145
7943,0.02738043,0.01261577
7944,0.02654480,0.00937283
7945,0.04011599,-0.00547697
7946,0.01142872,0.00962284
7947,0.02846530,0.00377016
7948,0.03720561,-0.01111086
7949,0.02923229,0.00865076
7950,0.03821953,-0.00563637
7951,0.02990612,0.00277060
7952,0.02109630,0.01422694
7953,0.03241408,0.00047751
7954,0.01620209,0.01211104
7955,0.02380145,0.00473842
7956,0.03668973,-0.00787682
7957,0.03165603,-0.00155748
7958,0.03584177,-0.00234410
7959,0.03756839,0.00186123
7960,0.03604246,0.00759248
7961,0.03034447,0.00678515
7962,0.02443782,0.00274938
7963,0.03450053,-0.00727025
7964,0.02295903,0.00067982
7965,0.03173668,0.00071522
7966,0.03717197,0.00308246
7967,0.01416834,0.02098292
7968,0.03178246,0.00762676
7969,0.02462904,0.01077946
7970,0.03082526,0.00066138
7971,0.03226466,0.00283391
7972,0.02198603,0.00533552
7973,0.02655837,0.00924150
7974,0.03378291,-0.00090513
7975,0.02643654,-0.00411238
7976,0.03097004,0.01388703
7977,0.03094353,0.00073973
7978,0.03895587,0.00122163
7979,0.03988183,-0.00038152
7980,0.02199005,0.01165184
7981,0.01941274,0.01729075
7982,0.03449853,-0.00074732
7983,0.03262835,0.01402654
7984,0.03657462,0.00138995
7985,0.03765085,-0.00410705
7986,0.03419465,-0.00295224
7987,0.03155707,-0.00478248
7988,0.02514189,0.00926396
7989,0.01487613,0.00888401
7990,0.02516733,-0.00065717
7991,0.02307361,0.01191762
7992,0.02702698,0.00743691
7993,0.02132491,0.00869345
7994,0.02462264,0.00180495
7995,0.02647263,-0.00546004
7996,0.02776093,-0.00020753
7997,0.02718063,0.00207049
7998,0.03404911,-0.00053507
7999,0.03299035,0.00636841
8000,0.02926310,-0.00359393
8001,0.03839547,0.00526526
8002,0.01921249,0.01076083
8003,0.00718311,0.02769195
8004,0.02655226,0.00112077
8005,0.01736156,0.02026324
8006,0.02951745,0.00650780
8007,0.03746862,-0.01932712
8008,0.05285871,-0.00794065
8009,0.02239542,0.00970914
8010,0.02419021,0.00652762
8011,0.02818950,0.00298979
8012,0.02697130,0.00368351
8013,0.02136451,0.01328335
8014,0.03438182,0.00467133
8015,0.04501000,-0.00557755
8016,0.02645261,0.01256834
8017,0.02437389,0.00869005
8018,0.02457977,0.00486410
8019,0.03566667,-0.00732710
8020,0.01679998,0.01395197
8021,0.04865896,-0.00921291
8022,0.02579791,0.00686500
8023,0.03243183,0.00483483
8024,0.01906758,0.01088282
8025,0.01955357,0.02338766
8026,0.02462684,0.00255477
8027,0.02681135,0.01263092
8028,0.01478782,0.01764521
8029,0.02019167,0.00663572
8030,0.02690268,0.00053944
8031,0.03139284,0.00702412
8032,0.01833431,0.01188591
8033,0.03303962,0.01439663
8034,0.03637201,-0.00074704
8035,0.02660786,0.00538534
8036,0.04956316,-0.01322618
8037,0.03525302,0.00179175
8038,0.02303365,0.00742453
8039,0.02682717,0.00081054
8040,0.01616170,0.01566734
8041,0.03155076,0.00494795
8042,0.03292546,0.00480740
8043,0.02352143,0.00448412
8044,0.03206254,0.00235030
8045,0.03927032,-0.00109332
8046,0.02337082,0.01189739
8047,0.04606987,-0.00730597
8048,0.03310169,-0.00314292
8049,0.02683752,-0.00012782
8050,0.04013148,0.00312764
8051,0.03194307,0.00352669
8052,0.02648183,0.00790231
8053,0.03391748,-0.00203067
8054,0.02410313,0.01023254
8055,0.02394168,0.00542279
8056,0.03103473,0.01531239
8057,0.02007308,0.01116523
8058,0.03118359,0.00418998
8059,0.01925067,0.01508250
8060,0.03897178,-0.00441439
8061,0.02336895,0.00695130
8062,0.02089764,0.01425720
8063,0.02501123,0.00583656
8064,0.02671114,0.00855686
8065,0.03573209,-0.00057297
8066,0.02840233,0.01439554
8067,0.02135761,0.00712646
8068,0.03197691,-0.00311637
8069,0.03556885,0.00023493
8070,0.02042883,0.01661257
8071,0.01425858,0.01259087
8072,0.03259111,0.00422288
8073,0.03490387,-0.00062133
8074,0.03255502,0.01393269
8075,0.02386668,0.00777897
8076,0.03397321,0.00463139
8077,0.03100427,0.00127458
8078,0.03287742,-0.00255817
8079,0.02972545,0.00766486
8080,0.02671792,-0.00184600
8081,0.01648803,0.01636238
8082,0.02443018,0.00748914
8083,0.04050821,-0.00191081
8084,0.02866638,-0.00351487
8085,0.01979416,0.00771878
8086,0.03618723,0.00215475
8087,0.01810022,0.00499410
8088,0.02949440,0.00990536
8089,0.03693024,0.00080137
8090,0.03088699,0.01313861
8091,0.03692383,-0.00486572
8092,0.03296883,-0.00232834
8093,0.01973164,0.00849974
8094,0.03830792,0.00039940
8095,0.01943043,0.01226028
8096,0.02482463,0.00644793
8097,0.02351748,0.01166714
8098,0.04028580,0.00225492
8099,0.01803404,0.01117741
8100,0.03219288,0.00426942
8101,0.02441547,0.01328933
8102,0.02520761,0.01283945
8103,0.03536184,-0.00460851
8104,0.03665778,-0.01179700
8105,0.01836803,0.01707470
8106,0.03482521,0.00589779
8107,0.02920834,0.00465429
8108,0.01877131,0.00684304
8109,0.02195257,0.01078299
8110,0.03171913,0.00914944
8111,0.03918457,0.00313692
8112,0.02716045,0.00779946
8113,0.03527118,-0.00736889
8114,0.03518792,0.00055797
8115,0.02970108,0.00211803
8116,0.01895584,0.00630062
8117,0.02476504,0.00239817
8118,0.03434382,0.00456814
8119,0.02858856,0.01406273
8120,0.03621195,0.00410173
8121,0.03286527,0.00131187
8122,0.03320039,0.00361189
8123,0.03310878,-0.00127377
8124,0.03567272,-0.00554170
8125,0.02782659,0.00972400
8126,0.02894086,-0.00084926
8127,0.03943834,-0.00268870
8128,0.04149218,-0.00643042
8129,0.03239757,-0.00142392
8130,0.02408181,0.01182488
8131,0.03296668,-0.00891168
8132,0.03633954,-0.00630461
8133,0.02575168,0.00486506
8134,0.02899893,0.00891913
8135,0.02235663,0.00847851
8136,0.03549355,0.00118212
8137,0.02795628,0.00559529
8138,0.03326775,-0.00577447
8139,0.01053584,0.00791717
8140,0.04101227,-0.00739474
8141,0.02866083,0.01075667
8142,0.02727234,0.00093270
8143,0.03520541,0.00715315
8144,0.02188659,0.01194551
8145,0.02099044,0.00962159
8146,0.03076959,0.00533832
8147,0.03867026,0.00356362
8148,0.02824685,0.00340986
8149,0.01566461,0.01696855
8150,0.03424674,-0.00337796
8151,0.03549223,-0.00253236
8152,0.02493859,0.00895842
8153,0.03145701,0.00913091
8154,0.03206931,0.00533513
8155,0.01975681,0.01040148
8156,0.03466093,0.00874674
8157,0.03111004,-0.00044869
8158,0.02648983,0.00975244
8159,0.03634876,-0.00814109
8160,0.02485785,0.00591160
8161,0.03099161,-0.00448376
8162,0.02566128,0.00555449
8163,0.03361514,-0.00247147
8164,0.03606181,-0.00449153
8165,0.03174002,0.00402091
8166,0.02642277,0.00743117
8167,0.04031150,-0.00719380
8168,0.02455059,0.01020826
8169,0.03326073,-0.00731492
8170,0.01843334,0.00734762
8171,0.03284798,-0.00708870
8172,0.04087471,-0.00035643
8173,0.02694880,0.00300168
8174,0.02628881,0.00996085
8175,0.02717264,0.00884732
8176,0.03462568,0.00937469
8177,0.02502805,0.00848038
8178,0.03864362,-0.00730611
8179,0.04682969,-0.00586875
8180,0.01934116,0.00031450
8181,0.03769372,-0.01083723
8182,0.02607549,-0.00261190
8183,0.02682931,0.00870460
8184,0.03061194,0.00796053
8185,0.02623564,0.01096542
8186,0.02665526,0.00429499
8187,0.01857058,0.01163432
8188,0.04407064,-0.00325987
8189,0.03403154,-0.00308330
8190,0.02351499,0.00757032
8191,0.03867147,0.00635099
8192,0.03522804,-0.00580059
8193,0.02653781,0.00417997
8194,0.02567496,0.00638105
8195,0.01994497,0.00913159
8196,0.02419787,0.00972248
8197,0.01640702,0.00896528
8198,0.01632769,0.01394712
8199,0.02924503,0.00399185
8200,0.01597739,0.01061171
8201,0.01804274,0.01532721
8202,0.01954280,0.01121139
8203,0.03191502,0.00376343
8204,0.03407697,0.00371304
8205,0.01354328,0.01514374
8206,0.02797881,0.01027030
8207,0.03536929,0.00319279
8208,0.03439808,-0.00331048
8209,0.02961329,0.01135612
8210,0.04120198,-0.01169155
8211,0.02621322,0.00479196
8212,0.01405358,0.00940105
8213,0.03525732,-0.00340752
8214,0.03111333,0.00171059
8215,0.02115533,0.01898410
8216,0.02684788,-0.00216523
8217,0.03227122,0.01699674
8218,0.03045053,0.01441192
8219,0.03050465,-0.00242841
8220,0.03437984,-0.00642793
8221,0.04197447,-0.00708016
8222,0.01052436,0.01851650
8223,0.02988235,-0.00008037
8224,0.03548533,0.00058712
8225,0.04021261,-0.00084933
8226,0.02567270,0.00810361
8227,0.03374231,-0.00058868
8228,0.04084643,-0.00060057
8229,0.00913650,0.01144799
8230,0.02010055,0.01594095
8231,0.03072687,0.00316302
8232,0.02249118,0.01253519
8233,0.03858391,-0.00889597
8234,0.02810882,0.00751641
8235,0.02932345,0.00547999
8236,0.02380418,0.01264232
8237,0.03926775,-0.00106978
8238,0.05503777,-0.01548731
8239,0.02580784,0.01464528
8240,0.02915714,0.00727033
8241,0.01810464,0.01772633
8242,0.03017575,0.00227060
8243,0.02158761,0.00061527
8244,0.03722623,-0.00250919
8245,0.01998699,0.01454228
8246,0.03588856,-0.00253742
8247,0.02585170,0.00502626
8248,0.02832291,0.00684958
8249,0.01623740,0.01670012
8250,0.02687538,0.01106060
8251,0.03077842,0.00101228
8252,0.02933889,0.00790692
8253,0.03831899,-0.00240399
8254,0.02694713,-0.00043317
8255,0.02594167,0.00553754
8256,0.02386235,0.00601590
8257,0.02903900,-0.00767411
8258,0.03425143,0.00012806
8259,0.03538091,-0.00011966
8260,0.02911646,0.01775423
8261,0.02333322,0.00697884
8262,0.01951562,0.01213392
8263,0.02289946,0.01661285
8264,0.02524159,0.00954761
8265,0.02776123,0.00776764
8266,0.02755324,0.00920853
8267,0.04279497,-0.00871251
8268,0.03105149,-0.00542672
8269,0.02133101,0.01406014
8270,0.02703763,0.01319403
8271,0.02920649,0.00025641
8272,0.02516404,0.01191560
8273,0.03707789,-0.00222925
8274,0.03745126,0.00846870
8275,0.01744657,0.01427837
8276,0.03296275,-0.00008862
8277,0.02541115,0.00871844
8278,0.04036131,-0.00311241
8279,0.03377314,-0.00388336
8280,0.01425749,0.02159669
8281,0.02461303,0.00570951
8282,0.02131085,0.00869366
8283,0.02087818,0.01733997
8284,0.02716497,0.00289580
8285,0.03029583,0.01221687
8286,0.03832409,-0.00437696
8287,0.02131409,0.00592948
8288,0.02178075,0.00905785
8289,0.02935364,0.00893204
8290,0.03074004,0.00575188
8291,0.04314813,-0.00087900
8292,0.03296414,-0.00024292
8293,0.01764801,0.01567451
8294,0.02851092,-0.01286618
8295,0.02554920,0.00629845
8296,0.02468297,-0.00238554
8297,0.03005292,0.00182260
8298,0.02954317,0.00239695
8299,0.01884400,0.00945351
8300,0.04476571,-0.00790392
8301,0.01138485,0.01278275
8302,0.02691773,0.00464743
8303,0.02580648,0.00865965
8304,0.03239564,0.00502372
8305,0.02828803,0.00991057
8306,0.03876554,0.00031097
8307,0.01864753,0.00456535
8308,0.03466347,-0.00437466
8309,0.01751154,0.02443576
8310,0.03596330,-0.00496902
8311,0.03600392,0.00087380
8312,0.03189318,0.00066352
8313,0.03462235,0.00805493
8314,0.03808487,-0.00784103
8315,0.04351458,-0.01275083
8316,0.02178087,0.00797228
8317,0.04135264,-0.00974895
8318,0.02724313,0.00414375
8319,0.04385286,-0.00774204
8320,0.03060533,0.00412916
8321,0.03262183,-0.00157702
8322,0.02308361,0.00755173
8323,0.02789124,0.01058312
8324,0.03233555,-0.00742451
8325,0.03951906,0.00063581
8326,0.02922042,0.00700255
8327,0.02661823,0.00430814
8328,0.03166834,0.00783124
8329,0.03459784,0.00128257
8330,0.03498071,-0.00417770
8331,0.04000787,0.00353383
8332,0.03371961,-0.00176774
8333,0.01738160,0.01441617
8334,0.02877868,0.00519717
8335,0.03905364,-0.00151275
8336,0.04289398,-0.00650917
8337,0.03570412,0.00062615
8338,0.03952228,-0.00332275
8339,0.02524476,0.00552572
8340,0.02979769,0.00029491
8341,0.01412398,0.01842523
8342,0.01539602,0.00816289
8343,0.02781654,-0.00189314
8344,0.04090303,0.00403983
8345,0.03382800,0.00232372
8346,0.02186277,0.01739449
8347,0.03800000,0.00590740
8348,0.02835303,0.00266474
8349,0.03307897,-0.00426172
8350,0.03238404,0.01017115
8351,0.04375041,-0.01783954
8352,0.04770075,-0.00720832
8353,0.02717976,0.00160199
8354,0.02600232,0.00237732
8355,0.01874158,0.01304713
8356,0.02864410,-0.00323691
8357,0.02351020,0.00840234
8358,0.02946609,0.00989428
8359,0.02972014,0.00851463
8360,0.02013648,0.01053550
8361,0.03529075,-0.00059195
8362,0.03168629,0.00568912
8363,0.02167928,0.00490266
8364,0.03247523,-0.00100258
8365,0.03778777,-0.01148363
8366,0.02870511,0.00370273
8367,-0.00080896,0.02430039
8368,0.03072171,0.00618115
8369,0.00891485,0.01117293
8370,0.02452474,0.00847851
8371,0.03345765,0.00986684
8372,0.03537285,0.00120246
8373,0.01881707,0.01786142
8374,0.02687247,0.00195406
8375,0.01958169,0.00840583
8376,0.03093232,0.01404054
8377,0.03510377,-0.00735783
8378,0.03656209,-0.00657080
8379,0.02431115,-0.00295790
8380,0.04685975,-0.01143510
8381,0.01759527,0.00636302
8382,0.03468628,0.00532015
8383,0.02581426,0.00395217
8384,0.01447268,0.01669605
8385,0.02281507,0.01537686
8386,0.03863886,-0.00352558
8387,0.03445781,0.00159390
8388,0.02152222,0.00680785
8389,0.01841882,0.01573575
8390,0.01619258,0.01416295
8391,0.03785341,0.00217752
8392,0.03139789,0.00730839
8393,0.02400272,0.00116998
8394,0.04025972,-0.00458082
8395,0.02418422,0.00853687
8396,0.02263028,0.00990737
8397,0.02550930,0.00207708
8398,0.02397930,0.00892018
8399,0.03670913,-0.00102959
8400,-0.00184569,0.02037073
8401,0.03192470,0.00597360
8402,0.03541110,0.00823068
8403,0.02150300,0.00985307
8404,0.03116451,0.01052119
8405,0.02308603,0.00416843
8406,0.02463145,0.00583448
8407,0.02290414,0.00626522
8408,0.02843805,0.00476400
8409,0.03637361,-0.01083776
8410,0.02625583,0.01050504
8411,0.03104892,-0.00317780
8412,0.03400800,0.00167067
8413,0.02922897,-0.00657994
8414,0.02652016,0.00168864
8415,0.02196625,0.00186868
8416,0.03073623,-0.00611623
8417,0.02515626,0.00659464
8418,0.03437814,-0.00434449
8419,0.02325471,0.00400618
8420,0.02906752,0.00853451
8421,0.01772018,0.02064130
8422,0.02438250,0.01049269
8423,0.02935831,0.00205928
8424,0.02145324,0.00691549
8425,0.03971810,-0.00328578
8426,0.02541469,0.00213418
8427,0.04503328,-0.00364437
8428,0.02766897,0.00377507
8429,0.03645432,0.00742681
8430,0.02403525,0.00756671
8431,0.04631720,-0.00410551
8432,0.02110878,0.00703882
8433,0.01468398,0.01188283
8434,0.03596870,0.00251964
8435,0.02955591,0.00305250
8436,0.02858163,0.00394164
8437,0.01523031,0.00468131
8438,0.03644837,0.00570029
8439,0.03704700,-0.00709666
8440,0.02989438,-0.00073229
8441,0.02984851,0.00360494
8442,0.02149038,0.00895822
8443,0.03367406,0.00423484
8444,0.02639119,0.00389209
8445,0.02685921,0.01184622
8446,0.04194512,-0.00849379
8447,0.02645283,0.00882896
8448,0.03632706,0.00077444
8449,0.03505610,-0.00419084
8450,0.02717811,-0.00320234
8451,0.03193664,0.00640784
8452,0.02279468,0.00469065
8453,0.02977371,0.00666649
8454,0.02537509,0.00908193
8455,0.02675839,-0.00069976
8456,0.03331806,-0.00240220
8457,0.03083264,-0.00786158
8458,0.01961255,0.00843225
8459,0.03331700,0.00234216
8460,0.03077866,-0.00003539
8461,0.01340314,0.01572756
8462,0.02739057,0.00359655
8463,0.02967442,0.00186881
8464,0.03414752,-0.00351757
8465,0.03783928,-0.00545737
8466,0.02681636,0.00099130
8467,0.04052718,-0.00943940
8468,0.03853241,-0.00939473
8469,0.03745955,0.00251373
8470,0.01926314,0.00347289
8471,0.02383146,0.01405406
8472,0.03900312,0.01034998
8473,0.03785294,0.00281727
8474,0.03691720,-0.00718198
8475,0.02418396,0.00744695
8476,0.00717766,0.01957217
8477,0.02251572,0.00939583
8478,0.03771279,-0.00447265
8479,0.02213999,0.00490258
8480,0.02432499,0.01661852
8481,0.03457843,0.00557981
8482,0.02508295,0.01498008
8483,0.03095852,0.00254334
8484,0.02351706,0.00951645
8485,0.03949979,-0.00749598
8486,0.03425329,0.00573244
8487,0.02378176,0.01091182
8488,0.02753328,0.00507250
8489,0.03229320,-0.00175754
8490,0.02894124,0.00285598
8491,0.02713034,0.01542638
8492,0.01993960,0.01356243
8493,0.02245604,0.01898446
8494,0.03750857,-0.00690775
8495,0.02594397,0.01253742
8496,0.03407657,-0.00291182
8497,0.02818848,0.00722735
8498,0.02663311,0.00515672
8499,0.02805874,0.00810548
8500,0.03295912,-0.00080676
8501,0.04350114,-0.00262358
8502,0.03810913,-0.01365042
8503,0.03611985,-0.00626530
8504,0.02738511,0.00186057
8505,0.02217903,0.00819800
8506,0.03676943,-0.00125803
8507,0.02449241,0.00086216
8508,0.02373275,0.01046530
8509,0.02878572,0.00639437
8510,0.03780885,-0.01052516
8511,0.04138577,-0.00945669
8512,0.03143320,0.00286536
8513,0.02258427,0.01383208
8514,0.03389549,0.00163474
8515,0.02753215,0.00964982
8516,0.01927409,0.00804275
8517,0.03730532,-0.00020693
8518,0.04148563,-0.00756347
8519,0.04757387,-0.02003160
8520,0.04106240,0.00143398
8521,0.02566709,-0.00248543
8522,0.03414441,-0.00447401
8523,0.02759208,-0.00517027
8524,0.02204367,0.01422285
8525,0.03836807,0.00015673
8526,0.04416607,-0.00773570
8527,0.01824734,0.01228167
8528,0.03210419,-0.00336845
8529,0.01061853,0.01915442
8530,0.02234945,0.00663106
8531,0.03799382,0.00038015
8532,0.02536517,0.01190342
8533,0.03630209,0.00718004
8534,0.03514312,-0.00065717
8535,0.02125138,0.01297535
8536,0.02997115,0.00585114
8537,0.03242300,0.00054860
8538,0.03398095,0.00328653
8539,0.03623978,-0.00440384
8540,0.01867478,0.00726893
8541,0.01103567,0.01809487
8542,0.03713473,0.00064614
8543,0.02523986,0.00626568
8544,0.03297664,-0.00374812
8545,0.02525257,0.00603835
8546,0.03520051,-0.00720162
8547,0.02639568,0.00294126
8548,0.02862697,0.00392008
8549,0.02421469,0.01188028
8550,0.02385432,0.00781363
8551,0.03753987,-0.00365978
8552,0.02722079,0.00467634
8553,0.02868474,0.00574479
8554,0.03048514,0.01331045
8555,0.01743292,0.01462453
8556,0.02069065,0.01436252
8557,0.02144300,0.01838355
8558,0.03112810,0.00084044
8559,0.03820619,-0.00494182
8560,0.02282037,0.01469024
8561,0.03741914,-0.00033485
8562,0.04235747,-0.00918926
8563,0.02182724,0.00815100
8564,0.02856421,0.00129429
8565,0.01901597,0.00491968
8566,0.03854322,-0.00662702
8567,0.03033437,0.00786924
8568,0.03738533,-0.01267323
8569,0.02970796,0.00327049
8570,0.02335575,0.01172376
8571,0.02639564,0.00765852
8572,0.02158248,0.00685110
8573,0.03287949,-0.00148881
8574,0.02381689,0.00847029
8575,0.02569362,0.00676515
8576,0.03079976,0.00759530
8577,0.03199487,-0.00681483
8578,0.04155570,0.00168403
8579,0.03556636,0.00363044
8580,0.02315805,0.01427176
8581,0.04387436,-0.00778144
8582,0.03442301,-0.00071216
8583,0.01065028,0.01758601
8584,0.03456313,0.01359159
8585,0.03275446,0.00801215
8586,0.02275944,0.01153292
8587,0.03574959,0.00331067
8588,0.03915394,-0.00933560
8589,0.02879699,0.01772624
8590,0.04104369,-0.00046197
8591,0.03262405,0.00158932
8592,0.01794227,0.01088480
8593,0.03873398,-0.00813806
8594,0.03621131,-0.00536943
8595,0.02606166,0.01136646
8596,0.02325330,0.00892184
8597,0.02628602,0.00201794
8598,0.03686698,-0.00224367
8599,0.01941102,0.01126149
8600,0.04060962,0.00352384
8601,0.01936327,0.00224316
8602,0.02915328,0.00225797
8603,0.03878026,-0.00706115
8604,0.03549427,0.00233987
8605,0.04407788,-0.01076091
8606,0.03421423,0.00458357
8607,0.04137238,-0.00483711
8608,0.03821026,-0.00373795
8609,0.03050503,0.00560661
8610,0.03313973,-0.00072054
8611,0.02661002,0.00206355
8612,0.03098263,-0.00191546
8613,0.03801214,-0.00805243
8614,0.04288365,-0.00304140
8615,0.04753704,-0.00444245
8616,0.03135799,-0.00044019
8617,0.02764452,0.00775323
8618,0.01614996,0.01297716
8619,0.02313724,0.00929476
8620,0.02297281,0.00233284
8621,0.03844363,-0.00734956
8622,0.03139033,-0.00076326
8623,0.04297874,0.00462834
8624,0.02231418,0.02165460
8625,0.02994939,0.00414573
8626,0.02001591,0.00594445
8627,0.03099627,0.00966333
8628,0.03738178,-0.00254048
8629,0.02588416,0.00904186
8630,0.02267962,0.00624507
8631,0.03155360,0.00799182
8632,0.03076538,0.00198749
8633,0.02451328,0.01258852
8634,0.03152088,0.00329603
8635,0.03125749,0.00686277
8636,0.03734114,-0.00311944
8637,0.02871021,0.00411347
8638,0.00963412,0.01530862
8639,0.02187964,0.00540460
8640,0.01496594,0.01459507
8641,0.02420223,0.00719582
8642,0.02094012,0.01139138
8643,0.02758081,0.00398598
8644,0.03129568,0.00955256
8645,0.01790260,0.00396990
8646,0.02513025,0.00457416
8647,0.03531620,0.00550128
8648,0.02728565,0.00613697
8649,0.02375436,0.00206029
8650,0.03973134,0.00332741
8651,0.01258961,0.02811375
8652,0.02663707,0.00393649
8653,0.02088509,0.00997606
8654,0.03436615,-0.00204193
8655,0.03564627,-0.00142419
8656,0.02595217,0.00693902
8657,0.03237416,-0.00172945
8658,0.02070195,0.00283531
8659,0.02061578,0.02306860
8660,0.01439782,0.01394341
8661,0.02788300,-0.00191047
8662,0.03766440,-0.00166980
8663,0.03722082,-0.00232587
8664,0.00898324,0.02633998
8665,0.03374063,0.00353007
8666,0.02987750,0.00483404
8667,0.03499247,-0.00341778
8668,0.02808057,0.00609074
8669,0.02475655,0.00551632
8670,0.02360302,0.00801554
8671,0.03042774,0.01075172
8672,0.01911558,0.00583281
8673,0.03266552,-0.00814702
8674,0.02813519,0.00834770
8675,0.03997631,-0.00588722
8676,0.02787725,0.00541532
8677,0.03483324,0.00036267
8678,0.02561366,0.01160200
8679,0.01564981,0.01864450
8680,0.02807067,0.00651909
8681,0.02972385,0.00399651
8682,0.02272087,0.00394555
8683,0.02855414,-0.00099874
8684,0.03127435,-0.00133222
8685,0.03662701,-0.00311121
8686,0.02869155,0.00242784
8687,0.04140322,-0.00397946
8688,0.02806063,0.00494914
8689,0.02996607,-0.00036922
8690,0.03174334,0.00818038
8691,0.03418162,-0.00372375
8692,0.03675760,-0.00591352
8693,0.03136616,0.00019461
8694,0.02756427,-0.00376429
8695,0.04724554,-0.00874412
8696,0.02064150,0.00559677
8697,0.03385157,0.00611424
8698,0.01976120,0.01375710
8699,0.03146276,0.00285368
8700,0.01724543,0.01523841
8701,0.02355434,0.00386301
8702,0.03212679,0.01082670
8703,0.03186968,-0.00188448
8704,0.02224684,0.01104147
8705,0.02545037,0.00714309
8706,0.02868750,0.00514637
8707,0.02831195,0.00325926
8708,0.02169813,0.01534316
8709,0.03230545,-0.00368114
8710,0.03962188,-0.00189224
8711,0.03543115,0.00044028
8712,0.03452633,0.00363047
8713,0.03355121,-0.00358075
8714,0.02283596,0.01522315
8715,0.02868892,0.00888532
8716,0.02818871,0.00798649
8717,0.02585404,0.00479054
8718,0.03438505,-0.00213695
8719,0.03867302,-0.00224802
8720,0.02980547,0.00289677
8721,0.02468239,0.01392333
8722,0.02545564,0.00701456
8723,0.02753802,0.00084995
8724,0.03073110,0.01187971
8725,0.02528994,0.01288534
8726,0.02628569,-0.00818807
8727,0.03807691,-0.00214043
8728,0.01600712,0.01920919
8729,0.02153948,0.00715430
8730,0.02488421,0.00372067
8731,0.03843364,-0.00190593
8732,0.02919079,0.00663940
8733,0.01845702,0.01400000
8734,0.03363436,-0.00443502
8735,0.03159122,0.00389600
8736,0.03449157,-0.00853293
8737,0.02844685,0.00167667
8738,0.02007537,0.01105593
8739,0.03828833,0.00380460
8740,0.03894706,-0.00797063
8741,0.02754815,0.01372911
8742,0.04933723,-0.01066044
8743,0.02814828,0.00212181
8744,0.03459415,0.00390075
8745,0.01182904,0.01286440
8746,0.02951285,0.00777149
8747,0.01585550,0.01605520
8748,0.03463690,-0.00655069
8749,0.03070710,0.00148916
8750,0.05217087,-0.00437378
8751,0.04300572,-0.00194762
8752,0.04507904,-0.00858737
8753,0.02794244,0.01502457
8754,0.04085408,-0.00946642
8755,0.01076300,0.02466293
8756,0.03523099,-0.00567246
8757,0.02507227,0.00844616
8758,0.03278398,0.00090516
8759,0.02702344,0.00237965
8760,0.02686768,0.00612587
8761,0.01962844,0.01285525
8762,0.02220844,0.00906517
8763,0.03649408,0.00135308
8764,0.02129646,0.00586875
8765,0.03819992,0.00257929
8766,0.03711475,0.00251285
8767,0.01173180,0.01153088
8768,0.02302620,-0.00017719
8769,0.02558183,0.00478771
8770,0.01700570,0.01705187
8771,0.04373527,0.00116883
8772,0.01916784,0.01384229
8773,0.03322874,0.00388119
8774,0.03599081,-0.00371273
8775,0.02691597,0.00650188
8776,0.02451097,0.00260230
8777,0.03096522,0.01227421
8778,0.03310682,0.00769170
8779,0.04146960,-0.01001267
8780,0.02997570,0.00093564
8781,0.02966745,-0.00110904
8782,0.02198099,0.00873004
8783,0.03246986,-0.00272852
8784,0.03445656,0.00233649
8785,0.04701931,-0.00386492
8786,0.02900980,0.00238756
8787,0.01209228,0.00628116
8788,0.01875498,0.01228040
8789,0.04513591,-0.01255364
8790,0.03711387,-0.00740013
8791,0.02642982,0.00498065
8792,0.03937817,-0.01051380
8793,0.01680195,0.00557241
8794,0.01052758,0.02421082
8795,0.02797169,-0.00225390
8796,0.02288099,0.00138383
8797,0.03177803,0.00417972
8798,0.03323372,-0.00113039
8799,0.03393290,-0.00070675
8800,0.02076657,0.00852165
8801,0.01786323,0.00723398
8802,0.02711340,0.00174965
8803,0.02313236,0.01924982
8804,0.04887487,-0.00788076
8805,0.02126993,0.01878651
8806,0.03871296,-0.00364265
8807,0.03349049,-0.00133029
8808,0.02544005,0.00410427
8809,0.00875675,0.01312562
8810,0.04025495,-0.00946500
8811,0.02938428,0.00362351
8812,0.04510943,-0.00075548
8813,0.02436144,0.00607090
8814,0.03579316,0.00109120
8815,0.04006758,-0.00731220
8816,0.03286854,-0.00069912
8817,0.03251510,0.00618028
8818,0.04863505,-0.00523968
8819,0.03287295,0.00401809
8820,0.02834624,0.01279745
8821,0.03823673,-0.00397348
8822,0.01763502,0.01610975
8823,0.02595306,0.00123643
8824,0.03511206,0.00733130
8825,0.04081239,-0.00787922
8826,0.02767306,-0.00052465
8827,0.03294307,0.00372381
8828,0.02444141,0.01083318
8829,0.03198348,-0.00215979
8830,0.03577285,0.00071372
8831,0.03885019,-0.01265047
8832,0.03442587,-0.00282245
8833,0.03646695,0.00327327
8834,0.03577173,0.00281705
8835,0.02234790,0.01727463
8836,0.02986508,0.00434887
8837,0.02351816,0.01187297
8838,0.03133259,0.00520753
8839,0.02796004,-0.00253316
8840,0.03486646,0.00872592
8841,0.03763572,0.00045368
8842,0.02901536,0.01316507
8843,0.03121674,-0.00008537
8844,0.02428135,0.00474596
8845,0.02313444,0.01186967
8846,0.03605748,-0.00845601
8847,0.03993494,-0.00313486
8848,0.03280076,0.00380072
8849,0.03380142,0.00205561
8850,0.02469921,0.00933709
8851,0.03288179,0.00836895
8852,0.03328997,0.01020840
8853,0.02473873,0.00891385
8854,0.02709379,-0.00168124
8855,0.03279540,-0.00317152
8856,0.02210993,0.00494432
8857,0.03212831,0.00037920
8858,0.03633752,0.00217545
8859,0.04092352,0.00375873
8860,0.03097166,-0.00017008
8861,0.03036965,-0.00157359
8862,0.03630324,0.00407699
8863,0.03165299,0.00699208
8864,0.03203371,0.00166167
8865,0.01538623,0.00991833
8866,0.02811926,0.00368392
8867,0.01772444,0.00951134
8868,0.03540233,-0.00200974
8869,0.03793941,-0.00081947
8870,0.02368077,0.00599564
8871,0.02463721,0.00834216
8872,0.04016435,-0.00843725
8873,0.02882202,0.00893719
8874,0.03231306,-0.00530232
8875,0.02986185,0.01418959
8876,0.02368063,0.01000184
8877,0.03794744,-0.01021254
8878,0.04203077,-0.00924189
8879,0.03040919,0.00003462
8880,0.03312736,-0.00126246
8881,0.02638704,0.00665083
8882,0.02317070,0.00097487
8883,0.02325813,0.01421267
8884,0.02881032,-0.00043757
8885,0.03475990,0.00192474
8886,0.02605803,-0.00010948
8887,0.04599118,-0.00754392
8888,0.03121836,0.00621140
8889,0.03458751,0.00557007
8890,0.03498045,-0.00271294
8891,0.04071271,-0.00359552
8892,0.02467522,0.01699491
8893,0.04223368,0.00529245
8894,0.03561435,-0.00262423
8895,0.01709003,0.01299371
8896,0.02635349,0.00425913
8897,0.02110141,0.00801588
8898,0.03339720,0.00914340
8899,0.02701272,0.01126308
8900,0.02623057,0.00232328
8901,0.03767447,0.00520682
8902,0.02781586,0.00251935
8903,0.02130897,0.01362068
8904,0.02162686,0.00629191
8905,0.03459020,-0.00416066
8906,0.01290596,0.01273029
8907,0.02038037,0.00909301
8908,0.03322841,0.00274897
8909,0.03048298,0.00105815
8910,0.03040634,-0.00259374
8911,0.03588120,-0.00756346
8912,0.02736656,-0.00542116
8913,0.03469509,0.00050029
8914,0.02501178,0.00930444
8915,0.02114986,0.01752612
8916,0.02808973,0.00417659
8917,0.03808888,0.00046754
8918,0.03016100,0.00504732
8919,0.03264219,0.00093996
8920,0.02438466,0.00531201
8921,0.02763623,0.00277255
8922,0.02836106,0.00139936
8923,0.03014083,-0.00030439
8924,0.03446639,0.00142731
8925,0.03197745,-0.00205666
8926,0.04807065,-0.01163198
8927,0.03691629,-0.00961251
8928,0.02295243,0.01212343
8929,0.02501464,0.01033764
8930,0.03225992,0.01041120
8931,0.02855099,0.00928973
8932,0.03199208,-0.00346928
8933,0.02018853,0.00976287
8934,0.02763229,0.00521270
8935,0.03521804,-0.00437218
8936,0.02307567,0.01298453
8937,0.02898492,0.00654019
8938,0.02457131,0.00430627
8939,0.03705978,0.00409356
8940,0.02221816,0.01320948
8941,0.03140509,-0.00484206
8942,0.01411322,0.02160410
8943,0.03244764,0.00296216
8944,0.03522740,0.00494261
8945,0.03336955,0.00554767
8946,0.02738198,-0.00076202
8947,0.03206538,0.00294031
8948,0.03307551,0.00333817
8949,0.04827994,-0.01185847
8950,0.03598166,0.00350890
8951,0.01653792,0.01334362
8952,0.01246394,0.02165072
8953,0.03316783,0.00076794
8954,0.01085656,0.00892905
8955,0.01179582,0.01598764
8956,0.02928056,0.00479254
8957,0.02611705,0.00157955
8958,0.02084436,0.00609783
8959,0.04162064,-0.00959756
8960,0.04343921,-0.00920881
8961,0.02977604,0.00242718
8962,0.02846516,0.00759257
8963,0.02023488,0.01020073
8964,0.03107200,0.00504469
8965,0.02778383,0.00586723
8966,0.02976508,0.00641322
8967,0.04124654,-0.00166652
8968,0.02311261,0.01211376
8969,0.03170492,0.00295475
8970,0.02853227,0.00877024
8971,0.02601132,0.00146727
8972,0.04959812,-0.00352385
8973,0.03119703,-0.00165518
8974,0.02771630,-0.00006309
8975,0.02571776,0.00989086
8976,0.03186089,0.00598999
8977,0.03303293,0.00032537
8978,0.03114262,0.00321032
8979,0.03468639,0.00309261
8980,0.02140152,0.00341688
8981,0.02858298,0.00445506
8982,0.03301022,0.00510920
8983,0.03748250,0.00387030
8984,0.02693090,0.00509869
8985,0.01249740,0.01320770
8986,0.03639815,0.00302849
8987,0.01640066,0.00818807
8988,0.02826052,0.00673464
8989,0.03455449,-0.00285454
8990,0.02137997,0.01354861
8991,0.03282694,-0.00418366
8992,0.02104096,0.00735907
8993,0.03578347,-0.00688831
8994,0.04281160,0.00504423
8995,0.03502377,0.00373955
8996,0.03108943,-0.00469367
8997,0.03300852,0.00417553
8998,0.03023954,-0.00124467
8999,0.03783338,0.00740780
9000,0.02559573,0.00867700
9001,0.03760215,0.00694130
9002,0.01898638,0.00975720
9003,0.02404810,-0.00061014
9004,0.02687338,0.00045659
9005,0.01263418,0.02742344
9006,0.03684932,-0.00878833
9007,0.03474262,-0.00041529
9008,0.03160322,0.01421980
9009,0.03644056,-0.00483393
9010,0.02900115,0.00016399
9011,0.02016022,0.01768404
9012,0.02152259,0.00777176
9013,0.03635619,-0.00034933
9014,0.03737583,-0.00493708
9015,0.03269652,-0.00266099
9016,0.03759625,0.00044855
9017,0.03297442,0.00595462
9018,0.02630901,0.01192945
9019,0.02254663,0.01429582
9020,0.02723192,0.00556652
9021,0.03265437,-0.00219595
9022,0.03366658,-0.00169050
9023,0.02225279,0.01447350
9024,0.03239079,0.00512255
9025,0.02575215,0.00810256
9026,0.01618308,0.00996285
9027,0.04463851,-0.00607868
9028,0.03146626,-0.00146977
9029,0.04185950,-0.00390769
9030,0.02663953,0.00729504
9031,0.02979388,0.00288483
9032,0.02308055,0.00346285
9033,0.02998984,0.00156660
9034,0.03165016,0.00810461
9035,0.02676894,0.00677471
9036,0.03594094,-0.00362641
9037,0.01311163,0.01553395
9038,0.03577309,0.00355705
9039,0.03595533,0.00286049
9040,0.02552417,0.00687456
9041,0.01876286,0.00962473
9042,0.02472040,0.01567939
9043,0.02914947,-0.00385125
9044,0.02626671,0.00187397
9045,0.02643573,0.01021801
9046,0.03039796,0.00323351
9047,0.04193757,0.00217647
9048,0.03299323,0.00611942
9049,0.02668445,0.00594798
9050,0.03049117,0.00541928
9051,0.03341335,-0.00063632
9052,0.03373935,0.00692785
9053,0.02710225,0.00630361
9054,0.02445389,0.01366618
9055,0.04536058,-0.00538981
9056,0.03882463,0.00151437
9057,0.02577191,0.01152510
9058,0.03814377,0.00447577
9059,0.02714748,0.00521850
9060,0.03459527,-0.00380064
9061,0.02173710,0.01140350
9062,0.01903694,0.01291736
9063,0.04088148,-0.00528138
9064,0.02008159,0.00810849
9065,0.03238467,0.00216553
9066,0.03723176,0.00375662
9067,0.04022632,-0.00724161
9068,0.03753619,-0.00878091
9069,0.03239844,0.00562458
9070,0.02662486,0.00869035
9071,0.02973170,0.00402451
9072,0.02364509,0.01204745
9073,0.03586449,-0.00494049
9074,0.03848707,-0.00535416
9075,0.03931544,-0.00850770
9076,0.04101032,-0.00074590
9077,0.01176427,0.01775143
9078,0.01978074,0.01949413
9079,0.02504187,0.00773280
9080,0.02312038,0.01898760
9081,0.04180330,0.00144519
9082,0.01125631,0.01756387
9083,0.01940803,0.01882769
9084,0.01600798,0.00415811
9085,0.03845716,-0.00753043
9086,0.02764165,0.00695807
9087,0.02458119,0.00318648
9088,0.02565562,0.00200305
9089,0.03819035,-0.00554985
9090,0.03185348,0.00280139
9091,0.02879263,-0.00158755
9092,0.03885486,-0.01034352
9093,0.04821986,-0.00780423
9094,0.03504616,-0.00427316
9095,0.02003293,0.00932387
9096,0.02503336,0.00409551
9097,0.03217049,0.00563449
9098,0.03353988,0.00102887
9099,0.03132579,0.00316388
9100,0.02219920,0.00313010
9101,0.02668294,-0.00509955
9102,0.02556479,0.01766104
9103,0.02042381,0.00752452
9104,0.01011657,0.02390741
9105,0.03117676,0.00166911
9106,0.02159474,0.01832600
9107,0.03478925,0.00189039
9108,0.03421810,-0.00225776
9109,0.01569756,0.01715471
9110,0.03493346,-0.00228708
9111,0.04088941,-0.00982105
9112,0.02536040,0.00354563
9113,0.01236564,0.01482001
9114,0.02635821,-0.00077863
9115,0.03345627,0.00003296
9116,0.03936871,0.00083559
9117,0.03811665,-0.00754576
9118,0.02883173,-0.00433459
9119,0.03891914,0.00076616
9120,0.02883300,0.00560563
9121,0.01612720,0.01512636
9122,0.03061019,-0.00251995
9123,0.03494284,0.00008854
9124,0.03040891,0.00120963
9125,0.02222721,0.00240402
9126,0.02528685,0.00500646
9127,0.01792704,0.01971212
9128,0.03406296,0.01611341
9129,0.02075722,0.01255490
9130,0.02596923,0.00513424
9131,0.03129760,0.01306920
9132,0.01302812,0.02003803
9133,0.02896811,-0.00178581
9134,0.03840151,0.00731159
9135,0.03513479,-0.00857162
9136,0.02255166,0.00710269
9137,0.03618839,-0.00319140
9138,0.03722182,0.01058655
9139,0.03210886,0.00903829
9140,0.04012520,-0.00801991
9141,0.01813643,0.01243870
9142,0.03394367,0.00609170
9143,0.02574503,0.00316412
9144,0.03667559,-0.00858333
9145,0.02153053,0.01068425
9146,0.01917643,0.01370566
9147,0.04222054,-0.00809811
9148,0.03322777,-0.00122332
9149,0.02601053,0.00420672
9150,0.02812766,-0.00220791
9151,0.02701239,0.00774674
9152,0.03637386,-0.00259925
9153,0.02939211,-0.00160192
9154,0.02230822,0.00457891
9155,0.03108922,-0.00074458
9156,0.02147770,0.01214949
9157,0.03238552,0.00354006
9158,0.03304735,0.00026992
9159,0.02505734,-0.00132678
9160,0.03001119,0.00296016
9161,0.02537463,0.00261674
9162,0.03062933,0.00139188
9163,0.02302859,0.00936172
9164,0.05468608,-0.01061770
9165,0.03209324,0.00029493
9166,0.04082699,0.00091212
9167,0.02744111,0.00232111
9168,0.01942411,0.01561958
9169,0.02684597,0.01129918
9170,0.04203112,-0.00059696
9171,0.03408288,-0.00253813
9172,0.04174727,-0.00416848
9173,0.03747256,-0.00051119
9174,0.01840213,0.00919057
9175,0.02296444,0.00435072
9176,0.02509624,0.01555194
9177,0.02609004,0.01079765
9178,0.03126923,0.01197034
9179,0.04111902,-0.00266819
9180,0.02999420,0.00015288
9181,0.02294112,0.00810268
9182,0.01965967,0.01258799
9183,0.03510517,-0.00122821
9184,0.01588662,0.00514776
9185,0.02998718,0.00434820
9186,0.02479581,0.00682026
9187,0.02519195,0.00723267
9188,0.03175832,0.00903441
9189,0.00932841,0.01503681
9190,0.04000728,-0.00748857
9191,0.03399339,-0.00065812
9192,0.02369847,0.00470272
9193,0.02972061,0.00016597
9194,0.02566381,0.00581928
9195,0.03253003,0.00972364
9196,0.02750967,-0.00126070
9197,0.04066748,-0.00758221
9198,0.03138196,0.00801764
9199,0.02184471,0.01094706
9200,0.02745075,-0.00119542
9201,0.02055516,0.01154222
9202,0.02058682,0.00680134
9203,0.02783802,0.00515388
9204,0.02951258,0.00528266
9205,0.02799260,0.00889133
9206,0.03829061,-0.01091750
9207,0.03029667,0.00153689
9208,0.03574716,-0.00606785
9209,0.03344699,0.00536551
9210,0.01737723,0.00919360
9211,0.02713182,0.00988922
9212,0.04576122,-0.01263560
9213,0.02545604,0.00920102
9214,0.02914625,0.00748082
9215,0.02173715,0.00746529
9216,0.03441605,0.00270060
9217,0.00873735,0.01978071
9218,0.02325681,0.00852144
9219,0.02556373,0.00639429
9220,0.02801923,0.00699878
9221,0.01693709,0.01506941
9222,0.01512974,0.01459958
9223,0.03939858,-0.00087158
9224,0.03887391,-0.00316118
9225,0.04083363,-0.00665925
9226,0.02904071,-0.00230402
9227,0.02671784,0.00059242
9228,0.03636663,0.00247475
9229,0.01960132,0.00946339
9230,0.03635937,-0.00319572
9231,0.03059871,0.00383192
9232,0.01554186,0.01500123
9233,0.03334689,-0.00509597
9234,0.02744099,0.00685596
9235,0.04246090,-0.01064144
9236,0.03142392,0.00109115
9237,0.02770886,0.00428014
9238,0.02981861,0.00850316
9239,0.03125083,0.00023873
9240,0.02270504,0.00337511
9241,0.02850207,-0.00153404
9242,0.02410938,0.00623482
9243,0.02710543,0.00119780
9244,0.03145041,0.00810189
9245,0.03626847,-0.00017891
9246,0.02714910,-0.00176675
9247,0.02478599,0.01923683
9248,0.03944338,0.00039155
9249,0.02557890,0.00520619
9250,0.01947921,0.01421462
9251,0.02100457,0.01615383
9252,0.02957462,-0.00146353
9253,0.03932945,0.00587517
9254,0.03685580,-0.01012132
9255,0.03321184,0.00659261
9256,0.05064896,-0.00106267
9257,0.02417979,0.00002355
9258,0.04060474,-0.00269864
9259,0.03662264,-0.00731426
9260,0.02102167,0.00992217
9261,0.03220228,0.00464572
9262,0.01294942,0.00713543
9263,0.03376566,-0.00292893
9264,0.04495042,-0.00860131
9265,0.02772842,-0.00202544
9266,0.03508223,-0.00233232
9267,0.01585164,0.01457195
9268,0.03216416,0.00185560
9269,0.03940917,-0.00589710
9270,0.03259429,-0.00287328
9271,0.03727127,0.00171413
9272,0.02888033,-0.00385636
9273,0.02630954,0.00553690
9274,0.02144257,0.01012191
9275,0.03076274,0.00070111
9276,0.03535385,-0.00661854
9277,0.02327019,0.01278596
9278,0.03597815,-0.00150222
9279,0.02246135,0.00778611
9280,0.03057262,-0.00402817
9281,0.03951783,-0.00186420
9282,0.02524595,0.00505849
9283,0.03811166,0.00091862
9284,0.03939748,0.00144379
9285,0.05052016,-0.00375401
9286,0.02780946,-0.01012115
9287,0.02550148,-0.00124083
9288,0.03395920,-0.00444648
9289,0.03224207,-0.00497051
9290,0.02400077,0.01067304
9291,0.03342268,0.00244980
9292,0.03078059,0.00530952
9293,0.00885717,0.02543838
9294,0.02529933,-0.00228924
9295,0.04026854,-0.00392204
9296,0.02640106,0.00808833
9297,0.02686286,0.00052201
9298,0.03378477,-0.00034188
9299,0.02174367,0.01366147
9300,0.01263652,0.01422035
9301,0.02609471,0.00414871
9302,0.03097348,0.00526648
9303,0.03254087,-0.00068397
9304,0.01973735,0.01112584
9305,0.01914290,0.01361379
9306,0.02573999,0.00452571
9307,0.02890250,-0.00126706
9308,0.01772324,0.01063679
9309,0.02380873,0.00482000
9310,0.02897790,0.00790445
9311,0.02080624,0.01391737
9312,0.03791024,-0.00199127
9313,0.03179687,-0.00702687
9314,0.04199783,0.00098497
9315,0.03671479,0.00717682
9316,0.02101043,-0.00195703
9317,0.02337839,0.01078450
9318,0.02969733,-0.00093262
9319,0.03469680,0.00216246
9320,0.03025451,-0.00071007
9321,0.02696661,0.00525531
9322,0.03191451,0.00858593
9323,0.02889966,-0.00314549
9324,0.02673288,0.00314441
9325,0.04232369,-0.00558568
9326,0.02703275,0.00368480
9327,0.03368377,-0.00100665
9328,0.04552232,-0.01002426
9329,0.03452079,-0.00148394
9330,0.03122308,0.00283895
9331,0.04029584,-0.00203097
9332,0.02242075,0.01307057
9333,0.02633772,0.00232456
9334,0.03486377,-0.00578469
9335,0.02222387,0.01164354
9336,0.03479784,-0.00153573
9337,0.03125055,0.01243844
9338,0.03503551,0.00039033
9339,0.02892362,0.00751442
9340,0.01278983,0.01528600
9341,0.04378750,-0.00555047
9342,0.03523837,0.00512839
9343,0.02662024,0.00508775
9344,0.02808152,0.00641347
9345,0.02660293,0.00431986
9346,0.02618999,0.01661687
9347,0.02896300,0.00582370
9348,0.02698540,0.00936705
9349,0.03772937,-0.00538289
9350,0.02935779,-0.00077129
9351,0.03112085,0.00515543
9352,0.03610427,-0.00222616
9353,0.02859780,0.00103680
9354,0.03050730,0.00707571
9355,0.03154836,0.00605332
9356,0.03490597,0.00500671
9357,0.03491232,-0.00027067
9358,0.02081359,0.00890784
9359,0.03321845,0.00092615
9360,0.04273618,0.00394505
9361,0.02368735,0.00574197
9362,0.01853423,0.01355708
9363,0.02906953,-0.00179408
9364,0.04311781,-0.00718265
9365,0.02226698,0.00688371
9366,0.03306737,0.00884539
9367,0.03630847,-0.01125997
9368,0.04389982,-0.00250934
9369,0.03491574,0.00171014
9370,0.02562202,-0.00049683
9371,0.03752410,-0.00826814
9372,0.03595648,0.00325722
9373,0.02903105,0.00963307
9374,0.03038442,-0.00455241
9375,0.02401411,0.00585012
9376,0.03714344,-0.00135440
9377,0.02886922,-0.00516413
9378,0.03522831,0.00395980
9379,0.03430197,0.00240465
9380,0.03022875,0.00284709
9381,0.03616982,-0.00134567
9382,0.03058304,-0.00332362
9383,0.03305501,0.00795999
9384,0.04152006,-0.00135350
9385,0.04079811,-0.00411745
9386,0.03624982,0.00053985
9387,0.03017016,-0.00097513
9388,0.02767154,0.00577276
9389,0.03944445,-0.00006127
9390,0.03625887,-0.00688372
9391,0.02447300,0.00613238
9392,0.01496290,0.01026736
9393,0.03514434,-0.00530753
9394,0.02193409,0.00676388
9395,0.02214125,0.01210518
9396,0.03607378,0.00499289
9397,0.03208971,0.00239952
9398,0.02537721,0.00037755
9399,0.03922451,-0.00314194
9400,0.03379780,-0.00183058
9401,0.01041971,0.01285606
9402,0.02720715,0.00384505
9403,0.02553094,0.00698440
9404,0.02492166,0.01363098
9405,0.03570632,-0.00272150
9406,0.02845104,-0.00169151
9407,0.02935386,0.00949512
9408,0.03369032,0.00273816
9409,0.03617996,-0.00426554
9410,0.03179792,0.00399682
9411,0.02681616,0.00587121
9412,0.01569935,0.01038874
9413,0.02487969,-0.00085697
9414,0.03342756,-0.00140655
9415,0.01929386,0.01500208
9416,0.03634419,-0.00474837
9417,0.03443000,0.00599991
9418,0.04408742,-0.00997098
9419,0.02837387,0.00050241
9420,0.02678680,0.00141190
9421,0.01811552,0.02289378
9422,0.03376620,-0.00908469
9423,0.02483863,0.00888610
9424,0.02844940,-0.00601701
9425,0.03300531,-0.00319372
9426,0.04040315,0.00001032
9427,0.03278717,0.00052910
9428,0.01535722,0.01892928
9429,0.02115156,0.00880681
9430,0.03538797,-0.00245995
9431,0.02815538,0.01209789
9432,0.01320086,0.01586630
9433,0.03936989,-0.00510531
9434,0.03917711,-0.00176249
9435,0.03689485,-0.00287306
9436,0.03119546,-0.00095881
9437,0.02086415,0.01053355
9438,0.03071067,0.00210208
9439,0.03057409,0.00776349
9440,0.02912741,0.01358151
9441,0.01792081,0.01303435
9442,0.02062225,0.01135909
9443,0.04367424,-0.00947940
9444,0.04207524,-0.00124383
9445,0.02156991,0.00874223
9446,0.02853386,0.00023822
9447,0.04253962,-0.00401209
9448,0.01687420,0.01461582
9449,0.04827633,-0.01135594
9450,0.01893869,0.00980728
9451,0.01260950,0.01062801
9452,0.02813824,0.00105689
9453,0.02495749,0.01699552
9454,0.03922016,0.00332665
9455,0.03577251,-0.00483859
9456,0.01216325,0.01164799
9457,0.04355010,0.00136192
9458,0.03215921,0.00685458
9459,0.03015947,0.00298890
9460,0.01547564,0.00894976
9461,0.03013463,0.00448175
9462,0.03303956,-0.00593590
9463,0.03288568,-0.00349608
9464,0.02457256,0.00556102
9465,0.02407396,0.00311252
9466,0.04133010,-0.01311334
9467,0.03618075,-0.00653213
9468,0.02967254,-0.00142182
9469,0.02971807,0.00111965
9470,0.04212215,-0.00283573
9471,0.02462190,0.00310725
9472,0.01384486,0.01769029
9473,0.03180327,-0.00176823
9474,0.02796067,0.00586577
9475,0.02397558,0.01917912
9476,0.02183725,-0.00001255
9477,0.02259035,0.00642736
9478,0.04688390,-0.01347373
9479,0.02616524,0.00473132
9480,0.02647204,0.00487416
9481,0.02821607,0.00021988
9482,0.03807265,0.00233964
9483,0.03512053,-0.00228575
9484,0.03818937,-0.00092913
9485,0.03437939,-0.00343896
9486,0.01889716,0.00382567
9487,0.04770292,-0.00901815
9488,0.03668915,-0.00195100
9489,0.02589752,0.00185884
9490,0.01377236,0.00769810
9491,0.03217312,0.00273069
9492,0.02749483,0.00432899
9493,0.01985542,0.01568412
9494,0.02750771,-0.00095802
9495,0.03080252,0.00175087
9496,0.03593652,-0.00765156
9497,0.03539507,-0.00126580
9498,0.01825632,0.01719727
9499,0.02565430,0.00801862
9500,0.02900681,-0.00042346
9501,0.03251504,-0.00296796
9502,0.03569080,-0.00463862
9503,0.03811536,-0.00594839
9504,0.01550179,0.01087957
9505,0.03071588,0.00899933
9506,0.03176661,-0.00440663
9507,0.03961199,-0.00470458
9508,0.02777470,0.00099324
9509,0.03862893,-0.00589324
9510,0.03940889,0.00226001
9511,0.03490011,-0.00591305
9512,0.04514627,-0.01581395
9513,0.02994284,-0.00068359
9514,0.02449887,0.00673223
9515,0.03212712,-0.00162389
9516,0.02780479,0.00954162
9517,0.02912748,0.00030982
9518,0.02523324,0.01103677
9519,0.02545052,0.00460602
9520,0.03200807,0.00398088
9521,0.03110922,0.00051714
9522,0.01779643,0.00586896
9523,0.01460024,0.02056037
9524,0.02564974,0.00807148
9525,0.02732726,0.02050137
9526,0.02610022,0.00937621
9527,0.03077596,0.00930913
9528,0.02646086,0.01082132
9529,0.02345732,0.00781497
9530,0.03899702,-0.00925676
9531,0.02755757,0.00502610
9532,0.01913694,0.00979296
9533,0.04065428,0.00189027
9534,0.04815504,-0.01143373
9535,0.03757216,-0.00373677
9536,0.01815102,0.01843912
9537,0.02854360,-0.00197518
9538,0.04325855,-0.00481701
9539,0.02458313,-0.00023036
9540,0.03269374,-0.00571046
9541,0.02212215,0.01305522
9542,0.03505316,0.00359491
9543,0.02938139,0.00259922
9544,0.03655157,-0.00775468
9545,0.02636183,0.00833472
9546,0.02489530,0.01076498
9547,0.04568309,-0.01433187
9548,0.02957146,0.00268324
9549,0.03027332,0.00768551
9550,0.03106484,0.00289194
9551,0.03637336,-0.00188024
9552,0.04005782,0.00058761
9553,0.02808470,0.00814663
9554,0.02506931,0.01333428
9555,0.02705716,0.00460784
9556,0.02690288,0.00620309
9557,0.03938365,-0.00156035
9558,0.03731579,-0.00318811
9559,0.02342877,0.00848505
9560,0.02210704,0.01510695
9561,0.02674670,0.00699098
9562,0.03491713,0.00665858
9563,0.03169024,0.00237942
9564,0.02334541,-0.00007401
9565,0.02875367,0.01193791
9566,0.03126100,0.00711774
9567,0.03102585,0.01238178
9568,0.03818814,-0.00257308
9569,0.02497527,0.00945774
9570,0.01749743,0.00710573
9571,0.03523521,-0.00117198
9572,0.02075474,0.01227783
9573,0.03356114,0.00242493
9574,0.04747675,-0.00306445
9575,0.02690396,0.01014947
9576,0.02867114,0.00463436
9577,0.03031716,0.00710295
9578,0.02340872,0.01551959
9579,0.03470672,0.00118644
9580,0.02898172,0.00043765
9581,0.03233866,0.00002738
9582,0.03327959,0.00225862
9583,0.02040471,0.00722180
9584,0.01893927,0.01430086
9585,0.02600645,-0.00011283
9586,0.03248233,0.00470768
9587,0.02730692,0.00839884
9588,0.03871290,-0.00736760
9589,0.02776961,0.00204682
9590,0.02834419,0.00494116
9591,0.03749642,0.00038797
9592,0.03281806,0.00659835
9593,0.03117356,0.00302183
9594,0.02499874,-0.00060856
9595,0.04581823,-0.00832233
9596,0.02571226,0.01262675
9597,0.02856463,0.00332662
9598,0.03565235,0.00163278
9599,0.01616027,0.01214946
9600,0.03671172,0.00441936
9601,0.01589851,0.00583525
9602,0.03034113,0.00284719
9603,0.02494568,-0.00230904
9604,0.02127874,-0.00100170
9605,0.02770654,0.00674703
9606,0.02687973,0.00245730
9607,0.02021529,0.01296007
9608,0.03082233,0.00145512
9609,0.03829935,-0.00113899
9610,0.02428980,0.01342916
9611,0.01798795,0.00704928
9612,0.02191631,0.01418806
9613,0.02420927,0.00864064
9614,0.02527369,0.01299816
9615,0.03496718,0.01223939
9616,0.01895863,0.01512947
9617,0.03103831,0.00471289
9618,0.03541942,0.00106332
9619,0.03104941,0.00655141
9620,0.01644106,0.01385524
9621,0.03308416,-0.00755499
9622,0.02950489,0.00575969
9623,0.03885593,-0.00972750
9624,0.02415541,0.00683749
9625,0.04302184,-0.00898466
9626,0.04048993,-0.00728484
9627,0.03467577,0.00447559
9628,0.01676952,0.01136784
9629,0.04150461,-0.00928617
9630,0.02917300,0.01398991
9631,0.03260140,0.00591360
9632,0.02078343,0.00506750
9633,0.02831325,0.00253701
9634,0.01961805,0.00623040
9635,0.03295048,0.00343633
9636,0.03449738,-0.00013393
9637,0.04071157,0.00412269
9638,0.03377542,0.00219603
9639,0.04000732,0.00198919
9640,0.02892412,0.00211222
9641,0.01644024,0.01293159
9642,0.03974727,0.00363198
9643,0.03845731,0.00226314
9644,0.02483171,-0.00153749
9645,0.01963047,0.01732846
9646,0.02571491,-0.00049973
9647,0.03749970,-0.00427637
9648,0.02074295,0.00947486
9649,0.03118854,0.00483270
9650,0.02705008,0.00664079
9651,0.02380397,0.00937834
9652,0.02142394,0.01262735
9653,0.04325738,-0.00840357
9654,0.03133418,-0.00252230
9655,0.02259285,0.01043986
9656,0.03372863,0.00519901
9657,0.02313341,0.00815081
9658,0.02610856,0.00802166
9659,0.03912671,-0.00411034
9660,0.02227379,0.00427472
9661,0.02512883,0.00596090
9662,0.03003324,0.00352838
9663,0.02682478,0.00444094
9664,0.03499678,0.01092175
9665,0.03837526,-0.00291442
9666,0.02988273,-0.00419022
9667,0.02953682,-0.00072989
9668,0.03125131,-0.00408952
9669,0.03673308,0.00525716
9670,0.01333781,0.02460534
9671,0.02163455,0.01627718
9672,0.04117627,0.00366954
9673,0.02884162,0.00072533
9674,0.03049769,0.00476012
9675,0.03286652,-0.00368839
9676,0.03718917,0.00106934
9677,0.02272688,0.00779100
9678,0.03781425,-0.00703595
9679,0.02184019,0.00766772
9680,0.02978243,0.00086638
9681,0.03125717,0.00342494
9682,0.04854055,-0.00570535
9683,0.01956739,0.01609607
9684,0.02831511,0.00060029
9685,0.04004169,-0.00256445
9686,0.02158765,0.01625850
9687,0.02757313,0.00620382
9688,0.03396634,0.00637670
9689,0.03935073,-0.01581529
9690,0.01287458,0.02198007
9691,0.03021220,0.00892349
9692,0.02274427,0.00881163
9693,0.02759573,0.00904959
9694,0.04439618,-0.00614013
9695,0.02236887,0.01281364
9696,0.03249847,0.00569785
9697,0.01810022,0.00511085
9698,0.02691232,0.00551169
9699,0.04398555,-0.00713986
9700,0.02423898,0.00147955
9701,0.02195430,0.01525745
9702,0.03807673,-0.00322552
9703,0.04095443,0.00420726
9704,0.03784652,-0.00115777
9705,0.03111838,0.01002440
9706,0.02463669,0.00373306
9707,0.04425170,-0.01059715
9708,0.03063537,0.00221994
9709,0.03190392,-0.00179240
9710,0.02303976,0.00104283
9711,0.03776506,-0.00146008
9712,0.02532231,0.00683413
9713,0.03246216,-0.00300096
9714,0.04473839,-0.00863587
9715,0.01760053,0.00994084
9716,0.02880274,0.00112384
9717,0.02573845,0.00775780
9718,0.04357482,-0.01012797
9719,0.02512638,0.00999031
9720,0.04025812,-0.00717074
9721,0.02260929,0.00629923
9722,0.02757695,0.01044414
9723,0.02867602,0.01188643
9724,0.03460808,0.00348242
9725,0.02260189,0.00715979
9726,0.02857354,0.00785575
9727,0.03161322,0.01101842
9728,0.03180323,0.01089847
9729,0.02901016,-0.00274197
9730,0.02876776,0.00522664
9731,0.01649331,0.01647469
9732,0.04383980,-0.00522270
9733,0.02678408,0.00105673
9734,0.03827803,0.00301206
9735,0.01104285,0.01750702
9736,0.02721707,0.00425788
9737,0.00697716,0.02106131
9738,0.03379372,-0.00226299
9739,0.03172152,0.00898062
9740,0.01869024,0.01038042
9741,0.04629382,-0.00693667
9742,0.01949731,0.00642104
9743,0.03273063,0.00192777
9744,0.02690861,0.01793790
9745,0.03128456,0.00681916
9746,0.02542354,0.01403056
9747,0.03068079,-0.00246997
9748,0.03450909,-0.00047830
9749,0.02426046,0.00435964
9750,0.05505203,-0.02141744
9751,0.02424287,0.00743614
9752,0.01309123,0.00987395
9753,0.00852498,0.01907956
9754,0.02353286,-0.00163883
9755,0.03139927,0.00360229
9756,0.01897962,0.00285656
9757,0.02328169,0.01342354
9758,0.03216480,-0.00414760
9759,0.03297954,0.00637748
9760,0.01893323,0.01537662
9761,0.02390411,0.00998868
9762,0.02940712,0.00959285
9763,0.02594165,0.01471065
9764,0.03905349,-0.00967872
9765,0.03055101,0.01075613
9766,0.02135843,0.00617435
9767,0.01668825,0.00996890
9768,0.01704173,0.01610387
9769,0.03226675,0.00656518
9770,0.03334106,-0.00423337
9771,0.02677559,-0.00234317
9772,0.03120591,-0.00429659
9773,0.04066986,-0.00618482
9774,0.01720103,0.00808099
9775,0.02117846,0.00276465
9776,0.03059083,0.00902765
9777,0.02522459,0.01038199
9778,0.03407311,-0.00396296
9779,0.02141642,0.01397404
9780,0.03248061,-0.00164576
9781,0.04018183,-0.00912553
9782,0.03146069,0.00085982
9783,0.02217759,0.01513653
9784,0.02446699,-0.00019589
9785,0.03429666,0.00238808
9786,0.02800235,-0.00115217
9787,0.03350858,-0.00222282
9788,0.02699529,0.00191083
9789,0.02164714,0.01401542
9790,0.01498301,0.02244145
9791,0.02495881,0.00550943
9792,0.02959864,0.00171999
9793,0.03704151,0.00439494
9794,0.02935861,-0.00120959
9795,0.03683101,-0.00259304
9796,0.02507924,0.00065718
9797,0.03672154,-0.00150442
9798,0.02647526,0.01121828
9799,0.02526104,0.00814224
9800,0.02631134,0.00642560
9801,0.02279540,0.00736113
9802,0.03207643,0.01009498
9803,0.02083833,0.01025459
9804,0.02852124,0.00592814
9805,0.03801856,-0.00545209
9806,0.04223580,-0.01052028
9807,0.03188326,0.00100843
9808,0.02750409,0.00754526
9809,0.03422406,-0.00150567
9810,0.01531641,0.02507779
9811,0.02911116,0.00964167
9812,0.02357823,0.00912100
9813,0.02122056,0.00663961
9814,0.02563891,0.00648424
9815,0.02993544,0.00751317
9816,0.03747938,-0.00148351
9817,0.02838992,0.00462663
9818,0.02982885,0.00988400
9819,0.03443145,-0.00375999
9820,0.03190662,0.00420789
9821,0.03565653,0.00620280
9822,0.03321667,0.00336234
9823,0.02446171,0.01252836
9824,0.02742349,0.00079794
9825,0.02895827,-0.00119784
9826,0.02995047,0.01192028
9827,0.02373161,0.00311122
9828,0.03867329,0.00610723
9829,0.02340097,0.00462006
9830,0.03767506,-0.00003451
9831,0.01927700,0.01890568
9832,0.03310798,0.01425663
9833,0.03088376,-0.00324002
9834,0.02811209,0.00906104
9835,0.01863768,0.01346469
9836,0.03789049,-0.00392818
9837,0.03002167,-0.00368567
9838,0.03018079,0.00964361
9839,0.02953485,-0.00254503
9840,0.04199944,-0.00741846
9841,0.02682854,0.00027526
9842,0.02791903,0.00551702
9843,0.05302666,-0.01262842
9844,0.02850333,0.00817500
9845,0.02544189,0.00633273
9846,0.01822860,0.01513405
9847,0.02011585,0.00783750
9848,0.03310264,-0.01137071
9849,0.02927599,0.00598019
9850,0.01512655,0.01385032
9851,0.04020202,-0.00372472
9852,0.02267455,0.02330237
9853,0.04171826,-0.00219864
9854,0.03468512,0.00399857
9855,0.01507625,0.02159635
9856,0.03984659,-0.00820052
9857,0.03673744,-0.00308969
9858,0.03184102,-0.00161088
9859,0.02843559,-0.00111180
9860,0.03376823,-0.00138285
9861,0.02237014,0.01159385
9862,0.02722957,0.01307625
9863,0.03954155,0.00384418
9864,0.03491745,-0.00370258
9865,0.02511173,0.01637700
9866,0.02502910,-0.00137788
9867,0.02970291,0.00302870
9868,0.03620542,-0.00066704
9869,0.03624058,0.00324325
9870,0.03994340,0.00007281
9871,0.01072137,0.01488220
9872,0.02700695,0.00445227
9873,0.03166977,0.00410225
9874,0.02763312,-0.00218970
9875,0.03035121,0.00043968
9876,0.02537044,0.01130045
9877,0.03558651,0.00035475
9878,0.03327255,0.00595106
9879,0.02778114,0.00103270
9880,0.03780917,-0.00057927
9881,0.02491116,0.00992256
9882,0.03110930,0.00578376
9883,0.02888608,0.00921061
9884,0.03816160,-0.00124608
9885,0.02463478,0.01089489
9886,0.02946965,0.00363469
9887,0.02503572,0.00086189
9888,0.03038733,0.00032259
9889,0.02885704,0.00557860
9890,0.03378916,-0.00178092
9891,0.02309849,0.00925652
9892,0.02275760,0.00809321
9893,0.03242430,0.00508891
9894,0.02984076,-0.00060649
9895,0.02740435,0.00138975
9896,0.03571590,-0.00108135
9897,0.03556897,0.00377274
9898,0.03314397,0.00258327
9899,0.03706992,-0.00015556
9900,0.03448804,0.01117613
9901,0.02598658,0.00871098
9902,0.02107355,0.00249100
9903,0.02313081,0.00582893
9904,0.03151262,0.00117534
9905,0.03020910,0.00060751
9906,0.03010713,0.00318018
9907,0.04306162,-0.00938728
9908,0.03558601,-0.00283788
9909,0.03410278,-0.00230748
9910,0.03389079,-0.00675387
9911,0.02198139,0.01202947
9912,0.03287676,0.00369526
9913,0.02163808,0.01295126
9914,0.02759288,0.00132940
9915,0.02974675,0.00915407
9916,0.02886198,0.01079342
9917,0.01982732,0.00861978
9918,0.01787262,0.01109640
9919,0.02334896,0.00340574
9920,0.02499650,0.01397544
9921,0.02392570,0.01050585
9922,0.01760792,0.00843347
9923,0.03558549,0.00267884
9924,0.02725385,0.00646854
9925,0.02929079,0.00031474
9926,0.03931090,0.00675798
9927,0.02895648,0.00069593
9928,0.02607064,0.00173458
9929,0.02886037,0.00061911
9930,0.01941878,0.00096066
9931,0.02191200,0.00987761
9932,0.02739329,0.00678202
9933,0.02259457,0.00519809
9934,0.02337414,0.01401852
9935,0.03190482,0.00586062
9936,0.03971878,-0.00357499
9937,0.02360950,0.01308007
9938,0.02481057,0.01225491
9939,0.02959676,0.00798641
9940,0.02866092,0.01486774
9941,0.02092565,0.00925413
9942,0.04028811,-0.00496573
9943,0.03727909,0.00347294
9944,0.03571641,-0.00794330
9945,0.01205179,0.01744685
9946,0.03291664,0.01427202
9947,0.02515855,0.00301657
9948,0.01999470,0.01820255
9949,0.02818161,0.00325812
9950,0.02460555,-0.00406438
9951,0.03891552,0.00244218
9952,0.03308879,0.00054412
9953,0.03667591,-0.00189862
9954,0.03305199,-0.00316953
9955,0.03417099,0.00302704
9956,0.01327703,0.00994802
9957,0.03090588,-0.00083692
9958,0.03577485,-0.00884906
9959,0.02644790,-0.00034884
9960,0.02565643,0.01326158
9961,0.02319157,0.01366203
9962,0.04346235,-0.01065926
9963,0.02419691,0.00315133
9964,0.03823347,-0.00269811
9965,0.01622027,0.00125848
9966,0.01821536,0.00933538
9967,0.02518158,0.00748698
9968,0.04507757,-0.01228103
9969,0.04129450,-0.00040129
9970,0.03551241,-0.00456133
9971,0.03181910,0.00846855
9972,0.02149123,0.00839604
9973,0.04257315,-0.01105021
9974,0.02952675,0.00329199
9975,0.03933678,-0.00583067
9976,0.02658012,0.01200833
9977,0.01981550,0.01230000
9978,0.03195837,-0.00275761
9979,0.02748424,0.00748542
9980,0.02757053,0.00380505
9981,0.02488115,0.00876392
9982,0.03136601,0.00015708
9983,0.03723957,-0.00566929
9984,0.03079461,0.00199092
9985,0.03207583,0.00364298
9986,0.03129358,-0.00377843
9987,0.01636527,0.00986759
9988,0.03425713,0.00215442
9989,0.04381134,-0.00098934
9990,0.01419966,0.01998585
9991,0.03260429,0.00579414
9992,0.02864666,0.00235854
9993,0.03281428,0.00746293
9994,0.02216017,0.00411034
9995,0.02108565,0.00339345
9996,0.03761363,0.00324710
9997,0.02306804,0.01225605
9998,0.03892032,0.00235087
9999,0.03782769,-0.00216158
